-- phpMyAdmin SQL Dump
-- version 3.5.2.2
-- http://www.phpmyadmin.net
--
-- Host: 127.0.0.1
-- Generation Time: Jul 02, 2014 at 05:32 AM
-- Server version: 5.5.27
-- PHP Version: 5.4.7

SET SQL_MODE="NO_AUTO_VALUE_ON_ZERO";
SET time_zone = "+00:00";


/*!40101 SET @OLD_CHARACTER_SET_CLIENT=@@CHARACTER_SET_CLIENT */;
/*!40101 SET @OLD_CHARACTER_SET_RESULTS=@@CHARACTER_SET_RESULTS */;
/*!40101 SET @OLD_COLLATION_CONNECTION=@@COLLATION_CONNECTION */;
/*!40101 SET NAMES utf8 */;

--
-- Database: `final_28`
--

-- --------------------------------------------------------

--
-- Table structure for table `asset`
--
-- Creation: Jun 14, 2014 at 10:17 AM
--

DROP TABLE IF EXISTS `asset`;
CREATE TABLE IF NOT EXISTS `asset` (
  `file` text NOT NULL,
  `assetId` int(11) NOT NULL AUTO_INCREMENT,
  `assetName` varchar(45) NOT NULL,
  `createDate` timestamp NULL DEFAULT NULL,
  `description` text,
  `comment` text,
  `status` int(11) DEFAULT NULL,
  `publication` tinyint(1) NOT NULL,
  `onlineEditable` tinyint(1) NOT NULL,
  `size` int(11) DEFAULT NULL,
  `type` varchar(18) DEFAULT NULL,
  `reviewer` int(11) DEFAULT NULL,
  `reviewerComments` text,
  `ownerId` int(11) NOT NULL,
  `categoryId` int(11) NOT NULL,
  `departmentId` int(11) unsigned NOT NULL,
  `orgId` int(11) unsigned NOT NULL,
  PRIMARY KEY (`assetId`),
  KEY `fk_asset_users_idx` (`ownerId`),
  KEY `categoryId` (`categoryId`),
  KEY `departmentId` (`departmentId`),
  KEY `reviewer` (`reviewer`),
  KEY `orgId` (`orgId`)
) ENGINE=InnoDB  DEFAULT CHARSET=latin1 AUTO_INCREMENT=69 ;

--
-- RELATIONS FOR TABLE `asset`:
--   `orgId`
--       `organisation` -> `orgId`
--   `reviewer`
--       `users` -> `uid`
--   `ownerId`
--       `users` -> `uid`
--   `categoryId`
--       `category` -> `cat_id`
--   `departmentId`
--       `ou_structure` -> `id`
--

--
-- Dumping data for table `asset`
--

INSERT INTO `asset` (`file`, `assetId`, `assetName`, `createDate`, `description`, `comment`, `status`, `publication`, `onlineEditable`, `size`, `type`, `reviewer`, `reviewerComments`, `ownerId`, `categoryId`, `departmentId`, `orgId`) VALUES
('Android Components.pdf', 36, 'abcd', '2014-06-24 11:04:19', '', '', 0, 0, 0, 1002886, 'application/pdf', 20, NULL, 20, 12, 11, 6),
('Androidmedia.pdf', 37, '', '2014-06-24 11:10:35', '', '', 0, 0, 0, 1325133, 'application/pdf', 20, NULL, 20, 12, 11, 6),
('version-control.pdf', 38, '', '2014-06-24 11:16:35', '', '', 0, 0, 0, 507208, 'application/pdf', 20, NULL, 20, 12, 11, 6),
('byte_of_python.pdf', 39, 'fileByteOfPython', '2014-06-24 11:21:02', '', '', 0, 0, 0, 1154763, 'application/pdf', 20, NULL, 20, 12, 11, 6),
('1.jpg', 40, '', '2014-06-24 11:43:27', '', '', 0, 0, 0, 14117, 'image/jpeg', 20, NULL, 20, 12, 11, 6),
('01_Malli_Malli_Merupula_-_Shankar_Mahadevan.mp3', 41, '', '2014-06-24 12:15:23', '', '', 0, 0, 0, 0, '', 20, NULL, 20, 12, 11, 6),
('2011-05-08 11.23.32.jpg', 43, '', '2014-06-24 13:05:42', '', '', 0, 0, 0, 972146, 'image/jpeg', 20, NULL, 20, 12, 11, 6),
('263187_218808598153346_100000726210022_724947_1537529_n.jpg', 44, '', '2014-06-24 13:30:07', '', '', 0, 0, 0, 74712, 'image/jpeg', 20, NULL, 20, 12, 11, 6),
('2011-08-21 15.23.25.jpg', 45, '', '2014-06-24 13:34:31', '', '', 0, 0, 0, 1545646, 'image/jpeg', 20, NULL, 20, 12, 11, 6),
('DSC_5719.JPG', 46, '', '2014-06-24 13:47:38', '', '', 0, 0, 0, 1475837, 'image/jpeg', 20, NULL, 20, 12, 11, 6),
('award winning funny commercial.flv', 47, '', '2014-06-27 05:43:55', '', '', 0, 0, 0, 0, '', 20, NULL, 20, 12, 11, 6),
('wingie.docx', 48, '', '2014-06-27 06:15:08', '', '', 0, 0, 0, 11538, 'application/vnd.op', 20, NULL, 20, 12, 11, 6),
('incresed cellular capacity.pdf', 49, '', '2014-06-28 04:59:55', '', '', 0, 0, 0, 1438423, 'application/pdf', 20, NULL, 20, 12, 11, 6),
('Intelligent Positioning GIS GPS Unification.pdf', 50, '', '2014-06-28 07:35:08', '', '', 0, 0, 0, 4455039, 'application/pdf', 20, NULL, 20, 12, 11, 6),
('8.jpg', 51, '', '2014-06-28 11:11:42', '', '', 0, 0, 0, 17149, 'image/jpeg', 20, NULL, 20, 12, 11, 6),
('a2.jpg', 52, '', '2014-06-28 11:15:37', '', '', 0, 0, 0, 140225, 'image/jpeg', 20, NULL, 20, 12, 11, 6),
('2.jpg', 53, '', '2014-06-28 11:29:47', '', '', 0, 0, 0, 566485, 'image/jpeg', 20, NULL, 20, 12, 11, 6),
('robot  article.docx', 54, '', '2014-06-29 05:24:07', '', '', 0, 0, 0, 19187, 'application/vnd.op', 20, NULL, 20, 12, 11, 6),
('Cover Letter- Mrigank.doc', 55, '', '2014-06-29 05:27:04', '', '', 0, 0, 0, 52224, 'application/msword', 20, NULL, 20, 12, 11, 6),
('helloworld.java', 56, '', '2014-06-29 05:30:07', '', '', 0, 0, 0, 166, 'text/x-java', 20, NULL, 20, 12, 11, 6),
('NON TECHNICAL EVENTS.docx', 57, '', '2014-06-29 05:32:16', '', '', 0, 0, 0, 10844, 'application/vnd.op', 20, NULL, 20, 12, 11, 6),
('ULTRASONOGRAPHY.docx', 59, '', '2014-06-29 05:36:37', '', '', 0, 0, 0, 31219, 'application/vnd.op', 20, NULL, 20, 12, 11, 6),
('TO ALL OUR BELOVED TEACHERS.docx', 60, '', '2014-06-29 05:37:40', '', '', 0, 0, 0, 347952, 'application/vnd.op', 20, NULL, 20, 12, 11, 6),
('wireless charging of mobile gadgets using service providers-report.pdf', 61, '', '2014-06-29 05:38:51', '', '', 2, 0, 0, 1623329, 'application/pdf', 20, NULL, 20, 12, 11, 6),
('ROBOTICAL TASK.doc', 62, '', '2014-06-29 05:46:46', '', '', 0, 0, 0, 110080, 'application/msword', 20, NULL, 20, 12, 11, 6),
('BROCHURE ROBOTICS.pub', 63, '', '2014-06-29 05:49:40', '', '', 0, 0, 0, 107520, 'application/vnd.ms', 20, NULL, 20, 12, 11, 6),
('paperman proposal.ppt', 64, '', '2014-06-29 05:51:09', '', '', 5, 0, 0, 702976, 'application/vnd.ms', 20, NULL, 20, 12, 11, 6),
('boats.docx', 65, '', '2014-06-29 05:53:16', '', '', 1, 0, 0, 1906486, 'application/vnd.op', 20, NULL, 20, 12, 11, 6),
('syllabus ece.pdf', 68, '', '2014-06-29 07:51:35', '', '', 0, 0, 0, 575091, 'application/pdf', 8, NULL, 8, 17, 6, 4);

-- --------------------------------------------------------

--
-- Table structure for table `asset_ou_filep`
--
-- Creation: Jun 14, 2014 at 10:17 AM
--

DROP TABLE IF EXISTS `asset_ou_filep`;
CREATE TABLE IF NOT EXISTS `asset_ou_filep` (
  `Id` int(11) NOT NULL AUTO_INCREMENT,
  `assetId` int(11) NOT NULL,
  `ouId` int(11) unsigned NOT NULL,
  `fpId` int(11) NOT NULL,
  PRIMARY KEY (`Id`),
  KEY `assetId` (`assetId`,`ouId`,`fpId`),
  KEY `ouId` (`ouId`),
  KEY `fpId` (`fpId`)
) ENGINE=InnoDB  DEFAULT CHARSET=latin1 AUTO_INCREMENT=18 ;

--
-- RELATIONS FOR TABLE `asset_ou_filep`:
--   `fpId`
--       `filepermission` -> `fpId`
--   `assetId`
--       `asset` -> `assetId`
--   `ouId`
--       `ou_structure` -> `id`
--

--
-- Dumping data for table `asset_ou_filep`
--

INSERT INTO `asset_ou_filep` (`Id`, `assetId`, `ouId`, `fpId`) VALUES
(3, 54, 12, 2),
(1, 54, 13, 0),
(2, 54, 14, 1),
(6, 55, 11, 2),
(4, 55, 13, 0),
(5, 55, 14, 1),
(17, 57, 11, 2),
(16, 57, 12, 1),
(15, 57, 13, 0);

-- --------------------------------------------------------

--
-- Table structure for table `asset_revision`
--
-- Creation: Jun 15, 2014 at 02:56 PM
--

DROP TABLE IF EXISTS `asset_revision`;
CREATE TABLE IF NOT EXISTS `asset_revision` (
  `assetId` int(11) NOT NULL,
  `modifiedOn` timestamp NOT NULL DEFAULT CURRENT_TIMESTAMP ON UPDATE CURRENT_TIMESTAMP,
  `modifiedBy` int(11) NOT NULL,
  `note` text NOT NULL,
  `revision` int(11) NOT NULL,
  `id` int(11) NOT NULL AUTO_INCREMENT,
  PRIMARY KEY (`id`),
  KEY `assetId` (`assetId`),
  KEY `modifiedOn` (`modifiedOn`),
  KEY `modifiedOn_2` (`modifiedOn`),
  KEY `modifiedOn_3` (`modifiedOn`),
  KEY `modifiedBy` (`modifiedBy`),
  KEY `modifiedBy_2` (`modifiedBy`)
) ENGINE=InnoDB  DEFAULT CHARSET=latin1 AUTO_INCREMENT=186 ;

--
-- RELATIONS FOR TABLE `asset_revision`:
--   `modifiedBy`
--       `users` -> `uid`
--   `assetId`
--       `asset` -> `assetId`
--

--
-- Dumping data for table `asset_revision`
--

INSERT INTO `asset_revision` (`assetId`, `modifiedOn`, `modifiedBy`, `note`, `revision`, `id`) VALUES
(36, '2014-06-24 11:04:19', 20, 'intial commit', 0, 24),
(37, '2014-06-24 11:10:35', 20, 'intial commit', 0, 25),
(38, '2014-06-24 11:16:35', 20, 'intial commit', 0, 26),
(39, '2014-06-24 11:21:02', 20, 'intial commit', 0, 27),
(40, '2014-06-24 11:43:27', 20, 'intial commit', 0, 28),
(41, '2014-06-24 12:15:23', 20, 'intial commit', 0, 29),
(43, '2014-06-24 13:28:01', 20, '', 1, 32),
(44, '2014-06-24 13:30:07', 20, 'intial commit', 0, 33),
(45, '2014-06-24 13:34:31', 20, 'intial commit', 0, 34),
(46, '2014-06-24 13:47:38', 20, 'intial commit', 0, 35),
(46, '2014-06-25 06:41:53', 20, 'image editor', 0, 36),
(46, '2014-06-25 06:42:01', 20, 'image editor', 0, 37),
(46, '2014-06-27 03:02:22', 20, 'image editor', 3, 38),
(46, '2014-06-27 03:02:32', 20, 'image editor', 4, 39),
(47, '2014-06-27 05:43:56', 20, 'intial commit', 0, 40),
(48, '2014-06-27 06:15:08', 20, 'intial commit', 0, 41),
(46, '2014-06-27 06:23:42', 20, 'image editor', 5, 42),
(46, '2014-06-27 06:23:49', 20, 'image editor', 6, 43),
(46, '2014-06-27 06:24:04', 20, 'image editor', 7, 44),
(46, '2014-06-27 06:27:26', 20, 'image editor', 8, 45),
(46, '2014-06-27 06:27:31', 20, 'image editor', 9, 46),
(46, '2014-06-27 06:27:40', 20, 'image editor', 10, 47),
(46, '2014-06-27 06:28:30', 20, 'image editor', 11, 48),
(46, '2014-06-27 06:28:35', 20, 'image editor', 12, 49),
(46, '2014-06-27 06:29:36', 20, 'image editor', 13, 50),
(46, '2014-06-27 06:29:41', 20, 'image editor', 14, 51),
(46, '2014-06-27 06:29:50', 20, 'image editor', 15, 52),
(45, '2014-06-27 06:30:57', 20, 'image editor', 1, 53),
(45, '2014-06-27 06:31:07', 20, 'image editor', 2, 54),
(45, '2014-06-27 06:31:56', 20, 'image editor', 3, 55),
(45, '2014-06-27 06:33:38', 20, 'image editor', 4, 56),
(45, '2014-06-27 06:35:07', 20, 'image editor', 5, 57),
(46, '2014-06-27 08:00:22', 20, 'image editor', 16, 58),
(40, '2014-06-27 08:00:34', 20, 'image editor', 1, 59),
(40, '2014-06-27 08:00:40', 20, 'image editor', 2, 60),
(40, '2014-06-27 08:00:44', 20, 'image editor', 3, 61),
(40, '2014-06-27 08:00:52', 20, 'image editor', 4, 62),
(40, '2014-06-27 08:01:25', 20, 'image editor', 5, 63),
(40, '2014-06-27 08:01:31', 20, 'image editor', 6, 64),
(40, '2014-06-27 08:01:37', 20, 'image editor', 7, 65),
(40, '2014-06-27 08:02:11', 20, 'image editor', 8, 66),
(40, '2014-06-27 08:02:29', 20, 'image editor', 9, 67),
(40, '2014-06-27 08:03:04', 20, 'image editor', 10, 68),
(40, '2014-06-27 08:03:11', 20, 'image editor', 11, 69),
(40, '2014-06-27 08:03:18', 20, 'image editor', 12, 70),
(40, '2014-06-27 08:03:36', 20, 'image editor', 13, 71),
(40, '2014-06-27 08:03:47', 20, 'image editor', 14, 72),
(40, '2014-06-27 08:03:57', 20, 'image editor', 15, 73),
(40, '2014-06-27 08:04:01', 20, 'image editor', 16, 74),
(40, '2014-06-27 08:04:04', 20, 'image editor', 17, 75),
(40, '2014-06-27 08:04:09', 20, 'image editor', 18, 76),
(40, '2014-06-27 08:04:21', 20, 'image editor', 19, 77),
(40, '2014-06-27 08:04:30', 20, 'image editor', 20, 78),
(40, '2014-06-27 08:04:43', 20, 'image editor', 21, 79),
(40, '2014-06-27 08:04:51', 20, 'image editor', 22, 80),
(40, '2014-06-27 08:05:00', 20, 'image editor', 23, 81),
(40, '2014-06-27 08:05:08', 20, 'image editor', 24, 82),
(40, '2014-06-27 08:05:15', 20, 'image editor', 25, 83),
(40, '2014-06-27 08:05:22', 20, 'image editor', 26, 84),
(40, '2014-06-27 08:05:28', 20, 'image editor', 27, 85),
(40, '2014-06-27 08:05:32', 20, 'image editor', 28, 86),
(40, '2014-06-27 08:06:00', 20, 'image editor', 29, 87),
(40, '2014-06-27 08:06:11', 20, 'image editor', 30, 88),
(40, '2014-06-27 08:06:20', 20, 'image editor', 31, 89),
(40, '2014-06-27 08:06:30', 20, 'image editor', 32, 90),
(40, '2014-06-27 08:06:39', 20, 'image editor', 33, 91),
(40, '2014-06-27 08:06:44', 20, 'image editor', 34, 92),
(40, '2014-06-27 08:09:23', 20, 'image editor', 35, 93),
(40, '2014-06-27 08:09:57', 20, 'image editor', 36, 94),
(40, '2014-06-27 08:10:29', 20, 'image editor', 37, 95),
(40, '2014-06-27 08:10:44', 20, 'image editor', 38, 96),
(40, '2014-06-27 08:11:24', 20, 'image editor', 39, 97),
(40, '2014-06-27 08:11:41', 20, 'image editor', 40, 98),
(40, '2014-06-27 08:11:50', 20, 'image editor', 41, 99),
(40, '2014-06-27 08:12:14', 20, 'image editor', 42, 100),
(40, '2014-06-27 08:12:22', 20, 'image editor', 43, 101),
(40, '2014-06-27 08:13:05', 20, 'image editor', 44, 102),
(40, '2014-06-27 08:14:05', 20, 'image editor', 45, 103),
(40, '2014-06-27 08:15:10', 20, 'image editor', 46, 104),
(40, '2014-06-27 08:15:24', 20, 'image editor', 47, 105),
(40, '2014-06-27 08:15:38', 20, 'image editor', 48, 106),
(40, '2014-06-27 08:15:51', 20, 'image editor', 49, 107),
(40, '2014-06-27 08:16:05', 20, 'image editor', 50, 108),
(40, '2014-06-27 08:16:24', 20, 'image editor', 51, 109),
(40, '2014-06-27 08:16:31', 20, 'image editor', 52, 110),
(40, '2014-06-27 08:17:11', 20, 'image editor', 53, 111),
(40, '2014-06-27 08:17:27', 20, 'image editor', 54, 112),
(40, '2014-06-27 08:17:38', 20, 'image editor', 55, 113),
(40, '2014-06-27 08:17:55', 20, 'image editor', 56, 114),
(40, '2014-06-27 08:18:02', 20, 'image editor', 57, 115),
(40, '2014-06-27 08:18:14', 20, 'image editor', 58, 116),
(40, '2014-06-27 08:18:23', 20, 'image editor', 59, 117),
(40, '2014-06-27 08:18:41', 20, 'image editor', 60, 118),
(40, '2014-06-27 08:19:28', 20, 'image editor', 61, 119),
(40, '2014-06-27 08:20:08', 20, 'image editor', 62, 120),
(40, '2014-06-27 08:20:34', 20, 'image editor', 63, 121),
(40, '2014-06-27 08:23:15', 20, 'image editor', 64, 122),
(40, '2014-06-27 08:23:39', 20, 'image editor', 65, 123),
(40, '2014-06-27 08:23:57', 20, 'image editor', 66, 124),
(40, '2014-06-27 08:24:53', 20, 'image editor', 67, 125),
(40, '2014-06-27 08:26:15', 20, 'image editor', 68, 126),
(40, '2014-06-27 08:50:17', 20, 'image editor', 69, 127),
(40, '2014-06-27 08:51:40', 20, 'image editor', 70, 128),
(40, '2014-06-27 08:53:35', 20, 'image editor', 71, 129),
(40, '2014-06-27 08:53:41', 20, 'image editor', 72, 130),
(40, '2014-06-27 08:54:47', 20, 'image editor', 73, 131),
(40, '2014-06-27 08:55:22', 20, 'image editor', 74, 132),
(40, '2014-06-27 08:55:53', 20, 'image editor', 75, 133),
(40, '2014-06-27 08:56:06', 20, 'image editor', 76, 134),
(40, '2014-06-27 08:56:21', 20, 'image editor', 77, 135),
(40, '2014-06-27 08:56:47', 20, 'image editor', 78, 136),
(40, '2014-06-27 08:57:14', 20, 'image editor', 79, 137),
(40, '2014-06-27 08:58:01', 20, 'image editor', 80, 138),
(40, '2014-06-27 08:58:16', 20, 'image editor', 81, 139),
(40, '2014-06-27 08:58:31', 20, 'image editor', 82, 140),
(40, '2014-06-27 08:58:46', 20, 'image editor', 83, 141),
(40, '2014-06-27 08:58:57', 20, 'image editor', 84, 142),
(40, '2014-06-27 08:59:05', 20, 'image editor', 85, 143),
(40, '2014-06-27 08:59:27', 20, 'image editor', 86, 144),
(40, '2014-06-27 08:59:42', 20, 'image editor', 87, 145),
(40, '2014-06-27 09:00:00', 20, 'image editor', 88, 146),
(40, '2014-06-27 09:00:11', 20, 'image editor', 89, 147),
(40, '2014-06-27 09:00:21', 20, 'image editor', 90, 148),
(40, '2014-06-27 09:00:37', 20, 'image editor', 91, 149),
(40, '2014-06-27 09:01:17', 20, 'image editor', 92, 150),
(40, '2014-06-27 09:02:06', 20, 'image editor', 93, 151),
(40, '2014-06-27 09:02:15', 20, 'image editor', 94, 152),
(40, '2014-06-27 09:02:46', 20, 'image editor', 95, 153),
(40, '2014-06-27 09:03:06', 20, 'image editor', 96, 154),
(40, '2014-06-27 09:06:46', 20, 'image editor', 97, 155),
(40, '2014-06-27 09:07:12', 20, 'image editor', 98, 156),
(40, '2014-06-27 09:07:46', 20, 'image editor', 99, 157),
(40, '2014-06-27 09:08:14', 20, 'image editor', 100, 158),
(40, '2014-06-27 09:08:52', 20, 'image editor', 101, 159),
(40, '2014-06-27 09:09:02', 20, 'image editor', 102, 160),
(49, '2014-06-28 04:59:55', 20, 'intial commit', 0, 161),
(50, '2014-06-28 07:35:08', 20, 'intial commit', 0, 162),
(51, '2014-06-28 11:11:42', 20, 'intial commit', 0, 163),
(51, '2014-06-28 11:14:48', 20, 'image editor', 1, 164),
(52, '2014-06-28 11:15:37', 20, 'intial commit', 0, 165),
(52, '2014-06-28 11:17:09', 20, 'image editor', 1, 166),
(52, '2014-06-28 11:18:54', 20, 'image editor', 2, 167),
(52, '2014-06-28 11:19:36', 20, 'image editor', 3, 168),
(52, '2014-06-28 11:23:22', 20, 'image editor', 4, 169),
(52, '2014-06-28 11:24:52', 20, 'image editor', 5, 170),
(52, '2014-06-28 11:27:18', 20, 'image editor', 6, 171),
(53, '2014-06-28 11:29:47', 20, 'intial commit', 0, 172),
(53, '2014-06-28 11:33:48', 20, 'image editor', 1, 173),
(54, '2014-06-29 05:24:08', 20, 'intial commit', 0, 174),
(55, '2014-06-29 05:27:04', 20, 'intial commit', 0, 175),
(56, '2014-06-29 05:30:07', 20, 'intial commit', 0, 176),
(57, '2014-06-29 05:32:16', 20, 'intial commit', 0, 177),
(59, '2014-06-29 05:36:37', 20, 'intial commit', 0, 178),
(60, '2014-06-29 05:37:40', 20, 'intial commit', 0, 179),
(61, '2014-06-29 05:38:52', 20, 'intial commit', 0, 180),
(62, '2014-06-29 05:46:46', 20, 'intial commit', 0, 181),
(63, '2014-06-29 05:49:40', 20, 'intial commit', 0, 182),
(64, '2014-06-29 05:51:09', 20, 'intial commit', 0, 183),
(65, '2014-06-29 05:53:16', 20, 'intial commit', 0, 184),
(68, '2014-06-29 07:51:36', 8, 'intial commit', 0, 185);

-- --------------------------------------------------------

--
-- Table structure for table `asset_tags`
--
-- Creation: Jun 14, 2014 at 10:17 AM
--

DROP TABLE IF EXISTS `asset_tags`;
CREATE TABLE IF NOT EXISTS `asset_tags` (
  `assetId` int(11) NOT NULL,
  `tagId` int(11) NOT NULL,
  KEY `tagId` (`tagId`),
  KEY `assetId` (`assetId`)
) ENGINE=InnoDB DEFAULT CHARSET=latin1;

--
-- RELATIONS FOR TABLE `asset_tags`:
--   `tagId`
--       `tags` -> `tagId`
--   `assetId`
--       `asset` -> `assetId`
--

-- --------------------------------------------------------

--
-- Table structure for table `asset_user_filep`
--
-- Creation: Jun 17, 2014 at 02:37 PM
--

DROP TABLE IF EXISTS `asset_user_filep`;
CREATE TABLE IF NOT EXISTS `asset_user_filep` (
  `id` int(11) NOT NULL AUTO_INCREMENT,
  `assetId` int(11) NOT NULL,
  `uId` int(11) NOT NULL,
  `fpId` int(11) NOT NULL,
  PRIMARY KEY (`id`),
  KEY `assetId` (`assetId`),
  KEY `uId` (`uId`),
  KEY `fpId` (`fpId`)
) ENGINE=InnoDB  DEFAULT CHARSET=latin1 AUTO_INCREMENT=12 ;

--
-- RELATIONS FOR TABLE `asset_user_filep`:
--   `fpId`
--       `filepermission` -> `fpId`
--   `assetId`
--       `asset` -> `assetId`
--   `uId`
--       `users` -> `uid`
--

--
-- Dumping data for table `asset_user_filep`
--

INSERT INTO `asset_user_filep` (`id`, `assetId`, `uId`, `fpId`) VALUES
(1, 63, 20, 0),
(2, 63, 21, 0),
(3, 64, 20, 0),
(4, 64, 21, 0),
(5, 65, 20, 0),
(6, 65, 21, 1),
(7, 65, 20, 2),
(8, 65, 20, 3),
(10, 57, 20, 2),
(11, 57, 20, 3);

-- --------------------------------------------------------

--
-- Table structure for table `category`
--
-- Creation: Jun 14, 2014 at 10:17 AM
--

DROP TABLE IF EXISTS `category`;
CREATE TABLE IF NOT EXISTS `category` (
  `cat_id` int(11) NOT NULL AUTO_INCREMENT,
  `name` varchar(60) NOT NULL,
  `orgId` int(11) unsigned NOT NULL,
  PRIMARY KEY (`cat_id`,`orgId`),
  KEY `fk_category_organisation1_idx` (`orgId`)
) ENGINE=InnoDB  DEFAULT CHARSET=utf8 AUTO_INCREMENT=18 ;

--
-- RELATIONS FOR TABLE `category`:
--   `orgId`
--       `organisation` -> `orgId`
--

--
-- Dumping data for table `category`
--

INSERT INTO `category` (`cat_id`, `name`, `orgId`) VALUES
(12, 'Algorithms', 6),
(13, 'Mathematics', 6),
(14, 'Coding', 6),
(16, 'Digital Systems', 6),
(17, 'category2', 4);

-- --------------------------------------------------------

--
-- Table structure for table `category_has_ou_structure`
--
-- Creation: Jun 14, 2014 at 10:17 AM
--

DROP TABLE IF EXISTS `category_has_ou_structure`;
CREATE TABLE IF NOT EXISTS `category_has_ou_structure` (
  `cat_id` int(11) NOT NULL,
  `id` int(11) unsigned NOT NULL,
  PRIMARY KEY (`cat_id`,`id`),
  KEY `fk_category_has_ou_structure_ou_structure1_idx` (`id`),
  KEY `fk_category_has_ou_structure_category1_idx` (`cat_id`)
) ENGINE=InnoDB DEFAULT CHARSET=utf8;

--
-- RELATIONS FOR TABLE `category_has_ou_structure`:
--   `id`
--       `ou_structure` -> `id`
--   `cat_id`
--       `category` -> `cat_id`
--

--
-- Dumping data for table `category_has_ou_structure`
--

INSERT INTO `category_has_ou_structure` (`cat_id`, `id`) VALUES
(17, 6),
(12, 11),
(16, 11),
(12, 12),
(13, 12),
(14, 12),
(16, 12);

-- --------------------------------------------------------

--
-- Table structure for table `fileaccesslog`
--
-- Creation: Jun 14, 2014 at 10:17 AM
--

DROP TABLE IF EXISTS `fileaccesslog`;
CREATE TABLE IF NOT EXISTS `fileaccesslog` (
  `timeStamp` timestamp NOT NULL DEFAULT CURRENT_TIMESTAMP ON UPDATE CURRENT_TIMESTAMP,
  `action` varchar(6) NOT NULL,
  `fileAccessLogId` int(11) NOT NULL AUTO_INCREMENT,
  `assetId` int(11) NOT NULL,
  `uId` int(11) NOT NULL,
  PRIMARY KEY (`fileAccessLogId`),
  KEY `fk_fileAccessLog_asset1_idx` (`assetId`),
  KEY `uId` (`uId`)
) ENGINE=InnoDB  DEFAULT CHARSET=latin1 AUTO_INCREMENT=220 ;

--
-- RELATIONS FOR TABLE `fileaccesslog`:
--   `uId`
--       `users` -> `uid`
--   `assetId`
--       `asset` -> `assetId`
--

--
-- Dumping data for table `fileaccesslog`
--

INSERT INTO `fileaccesslog` (`timeStamp`, `action`, `fileAccessLogId`, `assetId`, `uId`) VALUES
('2014-06-24 11:04:19', 'I', 57, 36, 20),
('2014-06-24 11:10:35', 'I', 58, 37, 20),
('2014-06-24 11:16:35', 'I', 59, 38, 20),
('2014-06-24 11:21:02', 'I', 60, 39, 20),
('2014-06-24 11:43:27', 'I', 61, 40, 20),
('2014-06-24 11:58:00', 'CO', 62, 40, 20),
('2014-06-24 12:15:23', 'I', 63, 41, 20),
('2014-06-24 13:05:42', 'I', 65, 43, 20),
('2014-06-24 13:30:07', 'I', 66, 44, 20),
('2014-06-24 13:34:31', 'I', 67, 45, 20),
('2014-06-24 13:47:38', 'I', 68, 46, 20),
('2014-06-25 06:41:53', 'CO_', 69, 46, 20),
('2014-06-25 06:42:01', 'CO_', 70, 46, 20),
('2014-06-27 03:02:22', 'CO_', 71, 46, 20),
('2014-06-27 03:02:32', 'CO_', 72, 46, 20),
('2014-06-27 05:43:56', 'I', 73, 47, 20),
('2014-06-27 06:15:08', 'I', 74, 48, 20),
('2014-06-27 06:23:42', 'CO_', 75, 46, 20),
('2014-06-27 06:23:49', 'CO_', 76, 46, 20),
('2014-06-27 06:24:04', 'CO_', 77, 46, 20),
('2014-06-27 06:27:26', 'CO_', 78, 46, 20),
('2014-06-27 06:27:31', 'CO_', 79, 46, 20),
('2014-06-27 06:27:40', 'CO_', 80, 46, 20),
('2014-06-27 06:28:30', 'CO_', 81, 46, 20),
('2014-06-27 06:28:35', 'CO_', 82, 46, 20),
('2014-06-27 06:29:36', 'CO_', 83, 46, 20),
('2014-06-27 06:29:41', 'CO_', 84, 46, 20),
('2014-06-27 06:29:50', 'CO_', 85, 46, 20),
('2014-06-27 06:30:57', 'CO_', 86, 45, 20),
('2014-06-27 06:31:07', 'CO_', 87, 45, 20),
('2014-06-27 06:31:56', 'CO_', 88, 45, 20),
('2014-06-27 06:33:38', 'CO_', 89, 45, 20),
('2014-06-27 06:35:07', 'CO_', 90, 45, 20),
('2014-06-27 08:00:22', 'CO_', 91, 46, 20),
('2014-06-27 08:00:34', 'CO_', 92, 40, 20),
('2014-06-27 08:00:40', 'CO_', 93, 40, 20),
('2014-06-27 08:00:44', 'CO_', 94, 40, 20),
('2014-06-27 08:00:52', 'CO_', 95, 40, 20),
('2014-06-27 08:01:25', 'CO_', 96, 40, 20),
('2014-06-27 08:01:31', 'CO_', 97, 40, 20),
('2014-06-27 08:01:37', 'CO_', 98, 40, 20),
('2014-06-27 08:02:11', 'CO_', 99, 40, 20),
('2014-06-27 08:02:29', 'CO_', 100, 40, 20),
('2014-06-27 08:03:04', 'CO_', 101, 40, 20),
('2014-06-27 08:03:11', 'CO_', 102, 40, 20),
('2014-06-27 08:03:18', 'CO_', 103, 40, 20),
('2014-06-27 08:03:36', 'CO_', 104, 40, 20),
('2014-06-27 08:03:47', 'CO_', 105, 40, 20),
('2014-06-27 08:03:57', 'CO_', 106, 40, 20),
('2014-06-27 08:04:01', 'CO_', 107, 40, 20),
('2014-06-27 08:04:04', 'CO_', 108, 40, 20),
('2014-06-27 08:04:09', 'CO_', 109, 40, 20),
('2014-06-27 08:04:21', 'CO_', 110, 40, 20),
('2014-06-27 08:04:30', 'CO_', 111, 40, 20),
('2014-06-27 08:04:43', 'CO_', 112, 40, 20),
('2014-06-27 08:04:51', 'CO_', 113, 40, 20),
('2014-06-27 08:05:00', 'CO_', 114, 40, 20),
('2014-06-27 08:05:08', 'CO_', 115, 40, 20),
('2014-06-27 08:05:15', 'CO_', 116, 40, 20),
('2014-06-27 08:05:22', 'CO_', 117, 40, 20),
('2014-06-27 08:05:28', 'CO_', 118, 40, 20),
('2014-06-27 08:05:32', 'CO_', 119, 40, 20),
('2014-06-27 08:06:00', 'CO_', 120, 40, 20),
('2014-06-27 08:06:11', 'CO_', 121, 40, 20),
('2014-06-27 08:06:20', 'CO_', 122, 40, 20),
('2014-06-27 08:06:30', 'CO_', 123, 40, 20),
('2014-06-27 08:06:39', 'CO_', 124, 40, 20),
('2014-06-27 08:06:44', 'CO_', 125, 40, 20),
('2014-06-27 08:09:23', 'CO_', 126, 40, 20),
('2014-06-27 08:09:57', 'CO_', 127, 40, 20),
('2014-06-27 08:10:29', 'CO_', 128, 40, 20),
('2014-06-27 08:10:44', 'CO_', 129, 40, 20),
('2014-06-27 08:11:24', 'CO_', 130, 40, 20),
('2014-06-27 08:11:41', 'CO_', 131, 40, 20),
('2014-06-27 08:11:50', 'CO_', 132, 40, 20),
('2014-06-27 08:12:14', 'CO_', 133, 40, 20),
('2014-06-27 08:12:22', 'CO_', 134, 40, 20),
('2014-06-27 08:13:05', 'CO_', 135, 40, 20),
('2014-06-27 08:14:05', 'CO_', 136, 40, 20),
('2014-06-27 08:15:10', 'CO_', 137, 40, 20),
('2014-06-27 08:15:24', 'CO_', 138, 40, 20),
('2014-06-27 08:15:38', 'CO_', 139, 40, 20),
('2014-06-27 08:15:51', 'CO_', 140, 40, 20),
('2014-06-27 08:16:05', 'CO_', 141, 40, 20),
('2014-06-27 08:16:24', 'CO_', 142, 40, 20),
('2014-06-27 08:16:31', 'CO_', 143, 40, 20),
('2014-06-27 08:17:11', 'CO_', 144, 40, 20),
('2014-06-27 08:17:27', 'CO_', 145, 40, 20),
('2014-06-27 08:17:38', 'CO_', 146, 40, 20),
('2014-06-27 08:17:55', 'CO_', 147, 40, 20),
('2014-06-27 08:18:02', 'CO_', 148, 40, 20),
('2014-06-27 08:18:14', 'CO_', 149, 40, 20),
('2014-06-27 08:18:23', 'CO_', 150, 40, 20),
('2014-06-27 08:18:41', 'CO_', 151, 40, 20),
('2014-06-27 08:19:28', 'CO_', 152, 40, 20),
('2014-06-27 08:20:08', 'CO_', 153, 40, 20),
('2014-06-27 08:20:34', 'CO_', 154, 40, 20),
('2014-06-27 08:23:15', 'CO_', 155, 40, 20),
('2014-06-27 08:23:39', 'CO_', 156, 40, 20),
('2014-06-27 08:23:57', 'CO_', 157, 40, 20),
('2014-06-27 08:24:53', 'CO_', 158, 40, 20),
('2014-06-27 08:26:15', 'CO_', 159, 40, 20),
('2014-06-27 08:50:17', 'CO_', 160, 40, 20),
('2014-06-27 08:51:40', 'CO_', 161, 40, 20),
('2014-06-27 08:53:35', 'CO_', 162, 40, 20),
('2014-06-27 08:53:41', 'CO_', 163, 40, 20),
('2014-06-27 08:54:47', 'CO_', 164, 40, 20),
('2014-06-27 08:55:22', 'CO_', 165, 40, 20),
('2014-06-27 08:55:53', 'CO_', 166, 40, 20),
('2014-06-27 08:56:06', 'CO_', 167, 40, 20),
('2014-06-27 08:56:21', 'CO_', 168, 40, 20),
('2014-06-27 08:56:47', 'CO_', 169, 40, 20),
('2014-06-27 08:57:14', 'CO_', 170, 40, 20),
('2014-06-27 08:58:01', 'CO_', 171, 40, 20),
('2014-06-27 08:58:16', 'CO_', 172, 40, 20),
('2014-06-27 08:58:31', 'CO_', 173, 40, 20),
('2014-06-27 08:58:46', 'CO_', 174, 40, 20),
('2014-06-27 08:58:57', 'CO_', 175, 40, 20),
('2014-06-27 08:59:05', 'CO_', 176, 40, 20),
('2014-06-27 08:59:27', 'CO_', 177, 40, 20),
('2014-06-27 08:59:42', 'CO_', 178, 40, 20),
('2014-06-27 09:00:00', 'CO_', 179, 40, 20),
('2014-06-27 09:00:11', 'CO_', 180, 40, 20),
('2014-06-27 09:00:21', 'CO_', 181, 40, 20),
('2014-06-27 09:00:37', 'CO_', 182, 40, 20),
('2014-06-27 09:01:18', 'CO_', 183, 40, 20),
('2014-06-27 09:02:06', 'CO_', 184, 40, 20),
('2014-06-27 09:02:15', 'CO_', 185, 40, 20),
('2014-06-27 09:02:46', 'CO_', 186, 40, 20),
('2014-06-27 09:03:06', 'CO_', 187, 40, 20),
('2014-06-27 09:06:46', 'CO_', 188, 40, 20),
('2014-06-27 09:07:12', 'CO_', 189, 40, 20),
('2014-06-27 09:07:46', 'CO_', 190, 40, 20),
('2014-06-27 09:08:14', 'CO_', 191, 40, 20),
('2014-06-27 09:08:52', 'CO_', 192, 40, 20),
('2014-06-27 09:09:02', 'CO_', 193, 40, 20),
('2014-06-28 04:59:55', 'I', 194, 49, 20),
('2014-06-28 07:35:08', 'I', 195, 50, 20),
('2014-06-28 11:11:42', 'I', 196, 51, 20),
('2014-06-28 11:14:48', 'CO_IE', 197, 51, 20),
('2014-06-28 11:15:37', 'I', 198, 52, 20),
('2014-06-28 11:17:09', 'CO_IE', 199, 52, 20),
('2014-06-28 11:18:54', 'CO_IE', 200, 52, 20),
('2014-06-28 11:19:36', 'CO_IE', 201, 52, 20),
('2014-06-28 11:23:22', 'CO_IE', 202, 52, 20),
('2014-06-28 11:24:52', 'CO_IE', 203, 52, 20),
('2014-06-28 11:27:18', 'CO_IE', 204, 52, 20),
('2014-06-28 11:29:47', 'I', 205, 53, 20),
('2014-06-28 11:33:48', 'CO_IE', 206, 53, 20),
('2014-06-29 05:24:08', 'I', 207, 54, 20),
('2014-06-29 05:27:04', 'I', 208, 55, 20),
('2014-06-29 05:30:07', 'I', 209, 56, 20),
('2014-06-29 05:32:16', 'I', 210, 57, 20),
('2014-06-29 05:36:37', 'I', 211, 59, 20),
('2014-06-29 05:37:40', 'I', 212, 60, 20),
('2014-06-29 05:38:52', 'I', 213, 61, 20),
('2014-06-29 05:46:46', 'I', 214, 62, 20),
('2014-06-29 05:49:40', 'I', 215, 63, 20),
('2014-06-29 05:51:09', 'I', 216, 64, 20),
('2014-06-29 05:53:16', 'I', 217, 65, 20),
('2014-06-29 07:51:36', 'I', 218, 68, 8),
('2014-07-01 11:48:06', 'CO', 219, 61, 20);

-- --------------------------------------------------------

--
-- Table structure for table `filepermission`
--
-- Creation: Jun 14, 2014 at 10:17 AM
--

DROP TABLE IF EXISTS `filepermission`;
CREATE TABLE IF NOT EXISTS `filepermission` (
  `fpId` int(11) NOT NULL,
  `fpName` varchar(45) NOT NULL,
  PRIMARY KEY (`fpId`)
) ENGINE=InnoDB DEFAULT CHARSET=latin1;

--
-- Dumping data for table `filepermission`
--

INSERT INTO `filepermission` (`fpId`, `fpName`) VALUES
(0, 'read'),
(1, 'write'),
(2, 'edit'),
(3, 'delete');

-- --------------------------------------------------------

--
-- Table structure for table `module`
--
-- Creation: Jun 14, 2014 at 10:17 AM
--

DROP TABLE IF EXISTS `module`;
CREATE TABLE IF NOT EXISTS `module` (
  `mid` int(11) NOT NULL AUTO_INCREMENT,
  `name` varchar(45) NOT NULL,
  `description` varchar(100) DEFAULT NULL,
  PRIMARY KEY (`mid`)
) ENGINE=InnoDB  DEFAULT CHARSET=utf8 AUTO_INCREMENT=59 ;

--
-- Dumping data for table `module`
--

INSERT INTO `module` (`mid`, `name`, `description`) VALUES
(54, 'Role', ''),
(55, 'Manage OU', NULL),
(56, 'User', NULL),
(57, 'Parameters', NULL),
(58, 'viewer', 'for viewing doc online');

-- --------------------------------------------------------

--
-- Table structure for table `module_organisation`
--
-- Creation: Jun 14, 2014 at 10:17 AM
--

DROP TABLE IF EXISTS `module_organisation`;
CREATE TABLE IF NOT EXISTS `module_organisation` (
  `mid` int(11) NOT NULL,
  `orgId` int(11) unsigned NOT NULL,
  KEY `mid` (`mid`),
  KEY `orgId` (`orgId`)
) ENGINE=InnoDB DEFAULT CHARSET=utf8;

--
-- RELATIONS FOR TABLE `module_organisation`:
--   `orgId`
--       `organisation` -> `orgId`
--   `mid`
--       `module` -> `mid`
--

--
-- Dumping data for table `module_organisation`
--

INSERT INTO `module_organisation` (`mid`, `orgId`) VALUES
(54, 6),
(55, 6),
(57, 6),
(56, 6),
(54, 4),
(55, 4),
(56, 4),
(57, 4),
(54, 7),
(55, 7),
(56, 7),
(57, 7),
(54, 8),
(55, 8),
(56, 8),
(57, 8),
(54, 9),
(55, 9),
(56, 9),
(57, 9),
(54, 10),
(55, 10),
(56, 10),
(57, 10),
(54, 11),
(55, 11),
(56, 11),
(57, 11),
(54, 12),
(55, 12),
(56, 12),
(57, 12),
(54, 13),
(55, 13),
(56, 13),
(57, 13),
(54, 14),
(55, 14),
(56, 14),
(57, 14),
(54, 15),
(55, 15),
(56, 15),
(57, 15),
(54, 16),
(55, 16),
(56, 16),
(57, 16),
(54, 17),
(55, 17),
(56, 17),
(57, 17),
(54, 18),
(55, 18),
(56, 18),
(57, 18);

-- --------------------------------------------------------

--
-- Table structure for table `organisation`
--
-- Creation: Jun 14, 2014 at 10:17 AM
--

DROP TABLE IF EXISTS `organisation`;
CREATE TABLE IF NOT EXISTS `organisation` (
  `orgName` text NOT NULL,
  `noEmp` int(5) DEFAULT NULL,
  `phone` int(13) DEFAULT NULL,
  `email` varchar(26) DEFAULT NULL,
  `addr1` varchar(255) DEFAULT NULL,
  `addr2` varchar(255) DEFAULT NULL,
  `state` varchar(50) DEFAULT NULL,
  `country` varchar(30) DEFAULT NULL,
  `orgType` varchar(30) DEFAULT NULL,
  `description` text,
  `fax` int(10) DEFAULT NULL,
  `orgId` int(11) unsigned NOT NULL AUTO_INCREMENT,
  `validity` tinyint(1) NOT NULL DEFAULT '0',
  PRIMARY KEY (`orgId`)
) ENGINE=InnoDB  DEFAULT CHARSET=latin1 AUTO_INCREMENT=19 ;

--
-- Dumping data for table `organisation`
--

INSERT INTO `organisation` (`orgName`, `noEmp`, `phone`, `email`, `addr1`, `addr2`, `state`, `country`, `orgType`, `description`, `fax`, `orgId`, `validity`) VALUES
('IIT Bombay', NULL, NULL, '', '', '', '', '', '0', '', NULL, 1, 1),
('IITBOO', NULL, NULL, '', '', '', '', '', '0', '', NULL, 2, 1),
('IITBOO', NULL, NULL, '', '', '', '', '', '0', '', NULL, 3, 1),
('IITB1', NULL, NULL, '', '', '', '', '', '0', '', NULL, 4, 1),
('iitb2', 299, 2147483647, 'aks@gmail.com', 'asas', 'asasas', 'asasa', 'asasas', '1', 'asasa', 121212121, 5, 1),
('IIT Bombay Powai', 12, 2147483647, 'vishnu@gmail.com', 'street1', 'street2', 'Kerala', 'India', '1', 'description of organisation', 2147483647, 6, 1),
('organisation reg', 2, 2147483647, 'abc@gmail.com', 'asserad', 'sdfafas', 'kerala', 'india', '0', 'adas', NULL, 7, 1),
('organisation reg1', 2, 2147483647, 'abc1@gmail.com', 'asserad', 'sdfafas', 'kerala', 'india', '0', 'adas', NULL, 8, 1),
('organisation reg2', 2, 2147483647, 'abc12@gmail.com', 'asserad', 'sdfafas', 'kerala', 'india', '0', 'adas', NULL, 9, 1),
('organisation reg3', 2, 2147483647, 'abc13@gmail.com', 'asserad', 'sdfafas', 'kerala', 'india', '0', 'adas', 9837487, 10, 1),
('organisation reg4', 2, 2147483647, 'abc134@gmail.com', 'asserad', 'sdfafas', 'kerala', 'india', '0', 'adas', 9837487, 11, 1),
('organisation reg45', 2, 2147483647, 'abc1345@gmail.com', 'asserad', 'sdfafas', 'kerala', 'india', '0', 'adas', 9837487, 12, 1),
('organisation reg46', 2, 2147483647, 'abc13456@gmail.com', 'asserad', 'sdfafas', 'kerala', 'india', '0', 'adas', 9837487, 13, 1),
('sfsfffffffas', NULL, 2147483647, 'sfdsf@sdf.dsdg', 'sdfsd', '', '', '', '0', '', NULL, 14, 1),
('vishnu1213', 23, 2147483647, 'emasda@we.co', 'adsasd', '', '', '', '0', '', 234234421, 15, 1),
('adbfahdb12', NULL, 2147483647, 'ghad@dfas.com', 'hgfjgfg', '', '', '', '0', '', NULL, 16, 1),
('adbfahdb1223', NULL, 2147483647, 'ghad@dfas.com1', 'hgfjgfg', '', '', '', '0', '', NULL, 17, 1),
('jhdiuz', NULL, 2147483647, 'fsd@dfg.sdf', 'sddasd', '', '', '', '0', '', NULL, 18, 1);

-- --------------------------------------------------------

--
-- Table structure for table `ou_structure`
--
-- Creation: Jun 14, 2014 at 10:17 AM
--

DROP TABLE IF EXISTS `ou_structure`;
CREATE TABLE IF NOT EXISTS `ou_structure` (
  `id` int(11) unsigned NOT NULL AUTO_INCREMENT,
  `root` int(11) unsigned DEFAULT NULL,
  `lft` int(11) unsigned NOT NULL,
  `rgt` int(11) unsigned NOT NULL,
  `level` smallint(5) unsigned NOT NULL,
  `name` varchar(128) NOT NULL,
  `description` text NOT NULL,
  `orgId` int(11) NOT NULL,
  `dept_code` varchar(45) NOT NULL,
  PRIMARY KEY (`id`),
  KEY `lft` (`lft`),
  KEY `rgt` (`rgt`),
  KEY `level` (`level`),
  KEY `root` (`root`)
) ENGINE=InnoDB  DEFAULT CHARSET=utf8 AUTO_INCREMENT=29 ;

--
-- Dumping data for table `ou_structure`
--

INSERT INTO `ou_structure` (`id`, `root`, `lft`, `rgt`, `level`, `name`, `description`, `orgId`, `dept_code`) VALUES
(5, 5, 1, 2, 1, 'IITBOO', 'hello', 3, ''),
(6, 6, 1, 8, 1, 'IITB1', 'hello', 4, ''),
(7, 6, 2, 3, 2, 'IITB12', 'iitbombay\n', 0, 'IITB'),
(8, 6, 4, 7, 2, 'IITB22', 'sffsad', 0, 'iitb22'),
(9, 9, 1, 2, 1, 'iitb2', 'hello', 5, ''),
(10, 6, 5, 6, 3, 'cse', 'cse', 0, '3'),
(11, 11, 1, 10, 1, 'IIT Bombay Powai', 'hello', 6, ''),
(12, 11, 4, 7, 2, 'Computer science', 'Computers', 0, 'CSE'),
(13, 11, 2, 3, 2, 'Electrical', 'description', 0, 'EE'),
(14, 11, 5, 6, 3, 'Electronics', 'desc', 0, 'ECE'),
(15, 15, 1, 2, 1, 'organisation reg', 'hello', 7, ''),
(16, 16, 1, 2, 1, 'organisation reg1', 'hello', 8, ''),
(17, 17, 1, 2, 1, 'organisation reg2', 'hello', 9, ''),
(18, 18, 1, 2, 1, 'organisation reg3', 'hello', 10, ''),
(19, 19, 1, 2, 1, 'organisation reg4', 'hello', 11, ''),
(20, 20, 1, 2, 1, 'organisation reg45', 'hello', 12, ''),
(21, 21, 1, 2, 1, 'organisation reg46', 'hello', 13, ''),
(22, 22, 1, 2, 1, 'sfsfffffffas', 'hello', 14, ''),
(23, 23, 1, 2, 1, 'vishnu1213', 'hello', 15, ''),
(24, 24, 1, 2, 1, 'adbfahdb12', 'hello', 16, ''),
(25, 25, 1, 2, 1, 'adbfahdb1223', 'hello', 17, ''),
(26, 26, 1, 2, 1, 'jhdiuz', 'hello', 18, ''),
(27, 11, 8, 9, 2, 'Civil', 'ce', 0, 'ce'),
(28, 28, 1, 2, 1, 'mechanical', 'mechanical dept', 0, 'mec');

-- --------------------------------------------------------

--
-- Table structure for table `permissions`
--
-- Creation: Jun 14, 2014 at 10:17 AM
--

DROP TABLE IF EXISTS `permissions`;
CREATE TABLE IF NOT EXISTS `permissions` (
  `pid` int(11) NOT NULL AUTO_INCREMENT,
  `name` varchar(65) NOT NULL,
  `desc` text NOT NULL,
  `mid` int(11) NOT NULL,
  `action` varchar(30) NOT NULL,
  PRIMARY KEY (`pid`)
) ENGINE=InnoDB  DEFAULT CHARSET=utf8 AUTO_INCREMENT=21 ;

--
-- Dumping data for table `permissions`
--

INSERT INTO `permissions` (`pid`, `name`, `desc`, `mid`, `action`) VALUES
(3, 'permission1', '', 54, 'tags/create'),
(4, 'permission2', '', 56, 'manage'),
(8, 'tags/index', 'tags/index', 57, 'tags/index'),
(13, 'category/index', 'category/index', 57, 'category/index'),
(14, 'category/create', 'category/create', 57, 'category/create'),
(15, 'tags/admin', '', 57, 'tags/admin'),
(16, 'category/admin', '', 57, 'category/admin'),
(17, 'users/admin', '', 57, 'users/admin'),
(18, 'edit doc', 'for editing docs', 58, '/edit'),
(19, 'view users', '', 57, 'users/index'),
(20, 'confirm users', '', 57, 'users/confirm');

-- --------------------------------------------------------

--
-- Table structure for table `reviewer_oustructure`
--
-- Creation: Jun 19, 2014 at 02:15 AM
--

DROP TABLE IF EXISTS `reviewer_oustructure`;
CREATE TABLE IF NOT EXISTS `reviewer_oustructure` (
  `id` int(11) NOT NULL AUTO_INCREMENT,
  `ouId` int(11) unsigned NOT NULL,
  `uId` int(11) NOT NULL,
  PRIMARY KEY (`id`),
  KEY `ouId` (`ouId`,`uId`),
  KEY `uId` (`uId`),
  KEY `ouId_2` (`ouId`)
) ENGINE=InnoDB  DEFAULT CHARSET=latin1 AUTO_INCREMENT=8 ;

--
-- RELATIONS FOR TABLE `reviewer_oustructure`:
--   `uId`
--       `users` -> `uid`
--   `ouId`
--       `ou_structure` -> `id`
--

--
-- Dumping data for table `reviewer_oustructure`
--

INSERT INTO `reviewer_oustructure` (`id`, `ouId`, `uId`) VALUES
(7, 6, 8),
(6, 11, 20);

-- --------------------------------------------------------

--
-- Table structure for table `role`
--
-- Creation: Jun 14, 2014 at 10:17 AM
--

DROP TABLE IF EXISTS `role`;
CREATE TABLE IF NOT EXISTS `role` (
  `rid` bigint(20) NOT NULL AUTO_INCREMENT,
  `name` varchar(60) NOT NULL,
  `weight` mediumint(9) NOT NULL,
  `orgId` int(11) unsigned NOT NULL,
  `description` text NOT NULL,
  PRIMARY KEY (`rid`),
  KEY `orgId` (`orgId`)
) ENGINE=InnoDB  DEFAULT CHARSET=utf8 AUTO_INCREMENT=6 ;

--
-- RELATIONS FOR TABLE `role`:
--   `orgId`
--       `organisation` -> `orgId`
--

--
-- Dumping data for table `role`
--

INSERT INTO `role` (`rid`, `name`, `weight`, `orgId`, `description`) VALUES
(2, 'role1', 2, 4, 'dvdf'),
(3, 'role2', 0, 4, 'dgfsd'),
(4, 'editor', 3, 6, 'editor'),
(5, 'writer', 2, 6, 'write articles');

-- --------------------------------------------------------

--
-- Table structure for table `role_has_permissions`
--
-- Creation: Jun 14, 2014 at 10:17 AM
--

DROP TABLE IF EXISTS `role_has_permissions`;
CREATE TABLE IF NOT EXISTS `role_has_permissions` (
  `rid` bigint(20) NOT NULL,
  `pid` int(11) NOT NULL,
  KEY `fk_role_has_permissions_permissions1_idx` (`pid`),
  KEY `fk_role_has_permissions_role1_idx` (`rid`)
) ENGINE=InnoDB DEFAULT CHARSET=utf8;

--
-- RELATIONS FOR TABLE `role_has_permissions`:
--   `pid`
--       `permissions` -> `pid`
--   `rid`
--       `role` -> `rid`
--

--
-- Dumping data for table `role_has_permissions`
--

INSERT INTO `role_has_permissions` (`rid`, `pid`) VALUES
(3, 3),
(3, 4),
(2, 8),
(2, 13),
(2, 14),
(5, 3),
(5, 8),
(5, 13),
(4, 3),
(4, 8),
(4, 13),
(4, 14),
(4, 15),
(4, 16),
(4, 17),
(4, 19),
(4, 20);

-- --------------------------------------------------------

--
-- Table structure for table `tags`
--
-- Creation: Jun 14, 2014 at 10:17 AM
--

DROP TABLE IF EXISTS `tags`;
CREATE TABLE IF NOT EXISTS `tags` (
  `tagId` int(11) NOT NULL AUTO_INCREMENT,
  `tagName` varchar(45) NOT NULL,
  `orgId` int(11) unsigned NOT NULL,
  PRIMARY KEY (`tagId`,`orgId`),
  KEY `fk_tags_organisation1_idx` (`orgId`)
) ENGINE=InnoDB  DEFAULT CHARSET=utf8 AUTO_INCREMENT=17 ;

--
-- RELATIONS FOR TABLE `tags`:
--   `orgId`
--       `organisation` -> `orgId`
--

--
-- Dumping data for table `tags`
--

INSERT INTO `tags` (`tagId`, `tagName`, `orgId`) VALUES
(1, 'C++', 1),
(2, 'JAVA', 1),
(3, 'tag1', 4),
(4, 'tag2', 4),
(5, 'tag3', 4),
(6, 'tagABC', 4),
(7, 'tagABC', 4),
(8, 'tagC', 4),
(9, 'tagABC1', 4),
(10, 'koding', 4),
(11, 'koding1', 4),
(12, 'tattata', 4),
(13, 'tags12214efd', 4),
(14, 'tag223', 4),
(15, 'Java', 6),
(16, 'C++', 6);

-- --------------------------------------------------------

--
-- Table structure for table `tags_category`
--
-- Creation: Jun 14, 2014 at 10:17 AM
--

DROP TABLE IF EXISTS `tags_category`;
CREATE TABLE IF NOT EXISTS `tags_category` (
  `id` int(11) NOT NULL,
  `tagId` int(11) NOT NULL,
  PRIMARY KEY (`tagId`,`id`),
  KEY `fk_ou_structure_has_tags_tags1_idx` (`tagId`),
  KEY `fk_ou_structure_has_tags_ou_structure1_idx` (`id`)
) ENGINE=InnoDB DEFAULT CHARSET=utf8;

--
-- RELATIONS FOR TABLE `tags_category`:
--   `tagId`
--       `tags` -> `tagId`
--   `id`
--       `category` -> `cat_id`
--

--
-- Dumping data for table `tags_category`
--

INSERT INTO `tags_category` (`id`, `tagId`) VALUES
(12, 15),
(12, 16),
(16, 16);

-- --------------------------------------------------------

--
-- Table structure for table `users`
--
-- Creation: Jun 14, 2014 at 10:17 AM
--

DROP TABLE IF EXISTS `users`;
CREATE TABLE IF NOT EXISTS `users` (
  `uid` int(11) NOT NULL AUTO_INCREMENT,
  `name` varchar(45) NOT NULL,
  `password` text NOT NULL,
  `email` varchar(60) NOT NULL,
  `login` timestamp NOT NULL DEFAULT CURRENT_TIMESTAMP ON UPDATE CURRENT_TIMESTAMP,
  `logout` timestamp NULL DEFAULT NULL,
  `status` varchar(60) DEFAULT NULL,
  `picture` blob,
  `mobile` varchar(45) DEFAULT NULL,
  `quota` int(11) DEFAULT NULL,
  `DateCreated` datetime NOT NULL,
  `LastUpdate` timestamp NULL DEFAULT NULL,
  `orgId` int(11) unsigned NOT NULL,
  `ouId` int(11) unsigned NOT NULL,
  `validity` int(3) NOT NULL DEFAULT '0',
  PRIMARY KEY (`uid`),
  KEY `fk_users_organisation1_idx` (`orgId`),
  KEY `orgId` (`orgId`),
  KEY `ouId` (`ouId`)
) ENGINE=InnoDB  DEFAULT CHARSET=utf8 AUTO_INCREMENT=35 ;

--
-- RELATIONS FOR TABLE `users`:
--   `orgId`
--       `organisation` -> `orgId`
--   `ouId`
--       `ou_structure` -> `id`
--

--
-- Dumping data for table `users`
--

INSERT INTO `users` (`uid`, `name`, `password`, `email`, `login`, `logout`, `status`, `picture`, `mobile`, `quota`, `DateCreated`, `LastUpdate`, `orgId`, `ouId`, `validity`) VALUES
(7, 'IITBOO', 'saPPmoXIbs91M', '', '2014-06-16 22:01:56', NULL, NULL, NULL, NULL, NULL, '0000-00-00 00:00:00', NULL, 2, 5, 0),
(8, 'IITB1', 'saPPmoXIbs91M', '', '2014-06-16 22:02:40', NULL, NULL, NULL, NULL, NULL, '0000-00-00 00:00:00', NULL, 4, 6, 0),
(10, 'vishnu17061', 'saEZ6MlWYV9nQ', 'vishnu@gmail.com', '2014-06-16 22:15:00', NULL, '0', NULL, '', NULL, '2014-06-17 03:45:00', NULL, 4, 6, 0),
(11, 'iitb2', 'saPPmoXIbs91M', 'aks@gmail.com', '2014-06-17 08:48:04', NULL, NULL, NULL, NULL, NULL, '0000-00-00 00:00:00', NULL, 5, 9, 0),
(12, 'abcd', 'saEZ6MlWYV9nQ', 'asd@gmail.com', '2014-06-17 13:16:15', NULL, '0', NULL, '', NULL, '2014-06-17 18:46:15', NULL, 4, 7, 0),
(13, 'abcd2', 'saEZ6MlWYV9nQ', 'asd@gmail.com', '2014-06-17 13:16:57', NULL, '1', NULL, '8769898', NULL, '2014-06-17 18:46:57', NULL, 4, 7, 0),
(14, 'hjk1', 'saEZ6MlWYV9nQ', 'djh@gmail.com', '2014-06-17 13:17:34', NULL, '0', NULL, '', NULL, '2014-06-17 18:47:34', NULL, 4, 8, 0),
(15, 'cseuser', 'saEZ6MlWYV9nQ', 'cse@gmail.com', '2014-06-19 03:19:29', NULL, '0', NULL, '', NULL, '2014-06-19 08:49:29', NULL, 4, 6, 0),
(16, 'cseuser1', 'saEZ6MlWYV9nQ', 'cse@gmail.com', '2014-06-19 03:20:05', NULL, '0', NULL, '', NULL, '2014-06-19 08:50:05', NULL, 4, 10, 0);
INSERT INTO `users` (`uid`, `name`, `password`, `email`, `login`, `logout`, `status`, `picture`, `mobile`, `quota`, `DateCreated`, `LastUpdate`, `orgId`, `ouId`, `validity`) VALUES
(17, 'vishnuchinna', 'saEZ6MlWYV9nQ', 'vishnu@gmail.com', '2014-06-20 11:16:05', NULL, '0', 0xffd8ffe000104a46494600010100000100010000fffe003b43524541544f523a2067642d6a7065672076312e3020287573696e6720494a47204a50454720763632292c207175616c697479203d2039350affdb0043000201010101010201010102020202020403020202020504040304060506060605060606070908060709070606080b08090a0a0a0a0a06080b0c0b0a0c090a0a0affdb004301020202020202050303050a0706070a0a0a0a0a0a0a0a0a0a0a0a0a0a0a0a0a0a0a0a0a0a0a0a0a0a0a0a0a0a0a0a0a0a0a0a0a0a0a0a0a0a0a0a0a0a0a0a0a0affc00011080384064003012200021101031101ffc4001f0000010501010101010100000000000000000102030405060708090a0bffc400b5100002010303020403050504040000017d01020300041105122131410613516107227114328191a1082342b1c11552d1f02433627282090a161718191a25262728292a3435363738393a434445464748494a535455565758595a636465666768696a737475767778797a838485868788898a92939495969798999aa2a3a4a5a6a7a8a9aab2b3b4b5b6b7b8b9bac2c3c4c5c6c7c8c9cad2d3d4d5d6d7d8d9dae1e2e3e4e5e6e7e8e9eaf1f2f3f4f5f6f7f8f9faffc4001f0100030101010101010101010000000000000102030405060708090a0bffc400b51100020102040403040705040400010277000102031104052131061241510761711322328108144291a1b1c109233352f0156272d10a162434e125f11718191a262728292a35363738393a434445464748494a535455565758595a636465666768696a737475767778797a82838485868788898a92939495969798999aa2a3a4a5a6a7a8a9aab2b3b4b5b6b7b8b9bac2c3c4c5c6c7c8c9cad2d3d4d5d6d7d8d9dae2e3e4e5e6e7e8e9eaf2f3f4f5f6f7f8f9faffda000c03010002110311003f00f86c07033bb34e53f3798cca31de9ee8a47cdb893c819a1082e0202003ca95eb5fad5eecfc9e5168468e42bc60e4718f5a428cd85971d3f5a90168cee5e7ea29724636ae727269f50945721088096f603afbd4c106d55057249e734e65050803a53c425c9078e0e314cc9249901891c05607703d8d234732920c6300fd322ac22462311ba8cb023e6edf8d1b581040e31d7a838a13b8dc083e5232573803183d052ac6b83838c7e75208012c4742060ede94ef2827fad651ebc8a77666d10ac7b6423764f5e05279912be5c0e5b1cf38ab0d6ee1f1b9864633b6a3fb10798c8fc80d951b6aae812d4411b30cbf6ef9ed4489b932a7a70462a5785d07dd20e0f6a22e9c0dddc678ed4f7135dc8d6354420afcd8eb8eb4a7258293dba8a7fdd4ca804e30a3d2848cb92d2f27b13da8206310578cf03b0ef48a141c86e4f18c7515328c6474c76a6ec6277316dbf4140ecc8fcac2617b776ef48b1caede5e38f61561226192aa080b924f3814b8017237e73fdda69d856b9488111385e71cf7a01323a2ab0183cf1d6ac4e8cd2852bdf2cc474a78b42a7299dc396f9bb7b555d13c97205893ab03d7a354820270e79c751520b660141e06ec0623a9a548e4077484e41f9811da936114d08998d776323b16cf5a5dcc4ee0e0719e942c797fb84fa056cd49e52a0dcf8e464f3c1349798c20326777041183c74a74a08e58f4208f9b914d8780464edcf422a6f215d724e69ecca4ae8afe6601552483d01f6a70fbdc139ed8f5a9042c4eddbfa75a72c2cd86098c1f5fd69f320706b4232ef90cd961df1cd3c3a1192a001dc75a72c330380a49f4031c546cb205e700672371eb4f725a6b709644401f39dc69f1cf19c1d84e07201eb50cc8f28e073d70bda920dcac7739cf6522a92ba33726d936543b174381ce6a5f2e319e0e71dbd6a17778496539ce3b6702a3690b624dfc827a1a23706d2268c966dc5863dc52cf2292b93f423bd5769331280464823229ab948c672474fa53b6a4dcb684e492c307a0a7008e090491df1fe79aaeaf90002081db3d2a6f308c2a7193d69969f51f2b1c85218fa83d87e74c0a8f19da72c075cd34485ce5579c639a962910c60a29f7c714b644c5ea43380223900f271ed4c0911c10c4fd2aca22bc8c1c8031923d69f247132801c003d38aa4ec125cc5528864da093cf4a71419076e09c903e94ef29141f98e41e79a5600b6e1ce4f53db8a2fa93f66c42e163ca3201cf6a5553d90ff00b27353241e62fcdc81df1d68f21fcc427901ba629a7a93cacac7764f7c1e94ab0b480b81d07ddf5e2a7541282a4ede7bd279017e6c60e7d4e4fbd3b82ba19e5b13c0191d71da8903632090475a9447b13938c9cf1d4d2150f2743f5c517bec16b3b91aa94fde2e01cf4269924806e8c365baf4a9d555dc0642738e452f931925963c023fc9a64b77d88a3e177f39da7a5288d122c80dcfa1a7c4aa46dda782401f95396201402d8f4fd6815ae56f373c2e48ddc6292dd55402412475cff2a9a5b4f9448a40c1e17d4d3021033827279c7ad04ea9ea25c2abb8c2138ef4b1b1e18f383d31520b75dcbdfd41cd2ad93f0cb373fddc7d680d5bb95cc60baf9ac78ee077a9a18e3c928eea47e1521b40d8528dca633fca9a207b76c2a6ee7a67bd03b598d2a5412149c8e78eb4347b8602f0793d8d4de4321024520f7c1a779408ddb391d282eda15c876000191ef4c50fbc844e9d39ab61193e7231c8c6453268a275da49cfa81d6821a1cb1bb004c43d3f1a6985586f65e4e79ee7eb4f837ab8490e39e327a7b54d82ce4460e080704503be850302f4c638e79a724633f28273d31f4ab0f1b87c29c7be38fce9d14606727f114eec9e56c88a1c80186e23038e298e83cce87af19ab4c9b94e1813f4a89407701c8c63233eb485ca9683631bb2241b72476fad3dd11977f1c7606908453bce7e8452ed209c0e3d681df418104bf230073ea33c53dad99d048a38232052851b3720ede9d29f6cc4a050c0fcb8c8ec28048802188ec3c60f14a03161903239fc2ac4908793b75a8e6b729c11c8e87bd3be81604b62e371f9571d9a83172496181dcd4c43c71ae5370ebf850ad85cf4ea4034276265d88fca650403d4f6e98a1549625c0cf639eb5296de7281be86840471f8d537626cc66d390645ebdb153da69b797cf38b188c9e45ac97538040d90c60176e7d32381c9cd4606f6c15e78fc3ad6df81d221a9ead0f9218cde0dd5c0ee576c28d91f95635eaba74dc9797e68e9c3538d4a9cb2f3fcae626de8323209c63bd48a02648e016ea698b1bb062ea00ea39a96352188edd73d6b45bea61aa1d1c9bb9641f7b207a50247048cf7e76f7f4a3cb46fba7923a8ed481140ddb496038a6d2b07337a0ae11c1240c76c819a132a43ed00670703de9103272caa074e0e726a78e132021188f949fa548d5c74215fef1c1cf27d7ad3d238f66de32052416ee2538258673c8a958b2f28013cf1d282f7238e38c337cddb047e548ceec3747f96290ef370a1d89c8e31f8d4a50b92a4918390477a01f910624909562460751528425711633bb03e942c6d1c840c91ec783cd4cbf2aeff97a671ba808dfa881703fd5f4f4ef9a3663e51191f8d48db4905067381d69c8aa4e1d09c73919a077632255dc015257f88eea963620e09e33cf34e67461f321cf63802911772be064e33bbb503b848ca1779c648c609e94d0bf3fef3248e99ff1a57619c489d305b1eb5622fde00594e5ba8cd26ec5c55d102119190338e0f43cd48376ff00dd383bbfbc39a95a05521801934d117f164e01f9bd0516ba1f2b8ea22a488a10b649070bef4a62924e41071d9bafb52c683700c738e40cf5a78276864724f4e45276485d6e0a988cf9832d8efeb4b25b7fcb48d80f5007d29d16ee14a29c73d79fd6a57766183195c81c8e39a92aeac451b191b6018c73c9a712518a267046739ea7d2a360cad95017b9e3bd4f6f13dc020c98627a1a0399d88d607dbb9588c0c8238a920815942b2e1b6e49eb939ab4d180368538f4fe94d284306543cf039a06924304581bf258f19e318a7aa95201c007f88f6a7a911c99c8f4229ec8e72c840c1efde82afae83510821d1b39eebfe4539977b6e2723b64520c8c29ec721853e18273179c51b66719dbde9369142470e572474fd2a4d802908bd00c93ef4f48a5380015e79e3ad5e8f4779c6e3b4703003566d969233a28ff00bac73bb3d6af5be9f3cd9d9164fa6d357ecb47b488a4c5776de4ab377ad28ae5a2dc8085cf39c753e952e65c609ee6769fe15bcba8fed1249b49600ee39207e3562f7c1f710482246cb1feee3f3adab5bd866dab25ca6d03aa9e09f435afa535a3b1ff0048859d874539cad632a928b3aa9d2a4f4391ff00843fcb50b393bb8c303c1143787238d8bb48d85380b8eb5d8ae9d622430cf27eec9e030c104d36f7c3f3c565bade35957eee1724e7151edee6bec172d9238b3a0cb2ccc72b8edbbae7b741fd69bfd9b7b0318a48fee92061b35bcda6c90ce1bcb2a7232b9e474ed525c69d750c226b88ce08c1f5157ed3432f648e65a3d8db64ea0f2280b1a3160793db15d05de8b692422e63914aedf98679acabcd311306d994a13c01d57a56b1929225c1c4821b74690045201e391c66a64b311721c100e7ff00ad4c31480ed248c1ce734f0db1c81b4f39e4f7a728dc9762ddbcd242817ccea339f4a7ab6640ce9904e061ba5416ef905594e0f7c77a9e16e01507ef71b4566d598d368dfd17ec4d02c5392a08e0f5ad68b47b3ba1b5ae940641b406e9df9f6ae4edee4c790db94e47e956e1bc980dc93b8ed807a573ce9b6f43a6152c8e86e3c3ba85b3f9de6174c0f9d5f207e19aa37769e64cb73395c81c7fb5ec69a9ad5fa4185b82dcf2a4f6a635ccb372f229e7382bdea229adcd1d48b434e9b6d733f0854302307b7d29977e1e2a8250768e8a08a96399590461c770d8ea3e94f96e2420c4b31c6e19c9ff003eb55ef27722c9a3285a4aac50c441cf24f4a56858b11f29c0fa7f9ed578445d807463b89f9b9e6a37b5859c9562781d8f5aa52bbd4cdc4acb1386cb60002a589028ea38fbb9152ec5126d0bc2f04763524d6d20c0f29b6e38c0a4ddca48894123f764648e453d060fddc86c673f4a952c8283b9873824a9e453daca464dc54601181dc7bd4b686d6a440292598f1d09a546641827be0961e98a91229036d39e4fde07ad5810838762060fc8c7bfb6286ec0a3dc8446667dd83b4f183cd4a2d971bdd57824019a996d581c8233dcf4c66a58606423383c738a4e45a4fa11db40c836188649eb5662b6fe224e7b641e69c00281376d279e878a96da3f9832bfcb9e30338c75cd43763448859436001c6793d323da9f16e63b9031c38ce78c7f915716d95c80c7201c0245385ba962012431c31c7353cc5a8b2358e4540ce71839e3d2ad2292806d042819c52aaa850ceb81d0820f3534091a10c2318071f2fad65266b14ec56102860de5e7079f61e9567692a599b9ff00649a98c6c7a94c80704fa53a1879dcc71bb806a1cbb14a2571023643a673d4d2a4218e40239c038f4a95d5955630d8e7918f7a58515c939008c000d176310c60310076ce69aa15970e33c74f7a9f6bba925db818e72450630c4018e179ec4d20576247091f2b26727d715274e073ebff00d6153a4600da4038e47cdcd23460832275ce473c8e2a6f66572d90c839503a6490324f1d0d4986da1b2483d738eb9f5a798c8e87866cff008ff4a74c80c7b7603b9b7640eb49b0b321f2d9e4017827df814ad134b37991e71b4753535ba0f37e48db0791c7e1fceac25bc6c4300c1b8f96a5bb1a25a0b1214e09fe1ea075f5e6a58e240f952b93ea3eb47960b6598f272173d077a9e252a09c03fece2a0a4d959a162db5946738a9560c8f9470a790a6ad08437cbb97df14be41898b018cfa52bab956762b08d04b9de7a1f940a6ed00f0bd4f23d6a6556cfcc9dfef0eb4a11776d7c0c1c93f8d31591088fa677607a0eb5304270d823e5c0238c53c1c0e138e70474a3cb91f072d8cf4a1dec0c6ed014373c1e7de8084ae19492c0f14f5b76404ab1cfbd3a28f74c576b7b91d852bab0ba90880b6d04e083cd4d1c3b7736f2071d29f3c6a84039638c86a7c20c9d474ef52ddcb5621109206e6230a3f1a7a2328daa707a9ce78ab0d0640766c027029040e1b689060f7c52134c8c40891868d723dcd3362c9c46a33d79ab1e505058f527d78c539606c9dea0fb83414d2228216232c73dba7eb4f6b6032de6647b62a508235c2b753dfbf5a1620412a0e4b7a5436d3252645144c18924e47bd49346ac7696007af5a7306276a90318c8cfd7fc29510940bb0927a7e545f51f2ea471c68a9b554648ea451e5b2427615273d17bff9cd4a106e2bf771c60f6a956d9410541c81e949b1d914e092494b2bb671802a560d18e2323f1eb53c91a8611468a00ea00c669cb13c6b875180c3a7a6697320716560318623a0ce4b118a562400581c83d71eb537d8f2c7631049e78a77d9c821d972475c9a9bea55995c80321c01429c3e0118c107f2ab3f662e7ccc7cc719c8a5368368531e79eb49b416656076956041cf61d2a5584851bbd4f4a7c76614154c0c1e41353451b202428391d09a4da0e5657934e172ff006876c10bb770ef53c56b19722209d324918c54ef809865c153ce3b50a9b86ddbc83cfd2a5bb9a46362bcb0796c327208e5b1c53842a6352f81b703e5e98fc2ac08b71c84f6c63a0a56b760b98b1903ee91d695ec53573f26c40e70c01079e3fad3c5b305d849054753dead94053a743d4535226605640013d323b66beab999f28d6ba954afc8368e73cf1c53d44849318c73cff9cd59f27ca202a6463919a605556217248e98e86a948728de2449f23326396e7269c06d3f74104e377a53bcb39deebc7a77a5285db60040cff8d526919f269a8883ccca0e7d39a728c614b74e734f306186117a0c606685427084f6a398391ec461497f964c67d695cc982a59307a1e6a444567c763d4fa504e148c03edfd29a77094628646922fcb827ea69caa3664e39a5581d576a12c33f7a9f0a28cab6739e3029996e119daa72a381d08a8f640d9595303b806a6d83ccc2139c67a751513c1293bc0ebd73427d852ba64534200077673c1c8ed491c00301b0b9c7618ab02193eeaae4fbf4a2326394ab3fe5deaefa10eef718b0336e7dbc91f74ff002a91e00157ca70e7f8914f20d48b3a104b273df3d47d2a324b1dcae57bae0628521592d85921748c3b44d191f7b0991fcfa546c8ac7e66249e776315752f4bc7b1c0247f13734905cdba39f3e2c0271b90734d5da2b92fa95c24983bd55875c542b1b862533c3724f6ad1b882d5b325aca0e472bdc5578a041288d890b9c7b509dd09ae522f2e5936a649c1e0d391565204792718208ea6ad5c58bdb28241233c14155c8741b141073f748e41a08b31e915ae4ac85863d06452bd9c3d63901c5314ee3b70a33d714d2013f293cf4e3b501a27a8f7b5907cc06463b743491c729206dc76a91164d9e63b1e9c60f6a7c67d0f6cd00df61b6b19d986fef753d69c6144193ce4e294a80a0ae38392334f55078231ce7ad05a95dde408bb9b6ef238cfd0532e21ced60a0a64e39e6a4184c90dd49cf19152a05c6c963054fe58f5a0395cddd1972c243649da57240350ca9216dc07cdbb15aaf6ea4b3b272cdd876e6ab322993250923be38ab52d4c250d4a82366203b0e4e33d29d1445b0ac7a67f87ad3f0242ca718073b7f0a91b81f2a756e723a7b55b90b91dca924120ce10f1d00a6b36e5c6d2315a01219939539f51da986ca37428a305ba1a69dc4e0caab941803a8e3069fe731c64818cf41f952b40d0fcdc0c8c291ce6986355c000e73d09eb4c8774383286d80120678f6cd4e6e047c2af20726a065c2ef3d4019142b1c0f2c745e681276d891a460a5c8049ec29fe63b00d9c8ec381510c6dcb00318e73dea40769054f2393de806d9345344a0feec376a6bca1b00c7dbbf5a8564f3172cbf7b9e0629f2e133b413c74ec3a50d5814ee48924617e5e067a13412bd1401ce4f34c0abf74a8c638f6a7150791c0e9d280bb6c560a015e01c718a5c86ff0058dc0e17038151e59382dd3bd3a3dfb0e012b9ea4fad528dd0dd8732863ce4f3c521443f32c849ce368ed49c23727f0a90b861ba35e0f41d0d1aa15eef411212c4004654f0477eb9a7ec40558a1cb73d680cca81bee11c8c1ea68393862f9c1e4734d3443dc4da5d5a46418527ad35e365f980038e334e9247f2c9c64934338518201cf5069821c0a919c6703a034823dfcb200074ef4f8914282141e79c718a596700853f9501a5860405b0d8e3dbad2ac91aa676a83e84f6cd285917fd5e32c3a7a53d220d9263cfae1a81b56430f030bf996a410a1009c16ce4d3db7ef26452083c026937aab8539fcba502b034233bc900923b5303386388b70079c1a9d53f7983823ae0f6a70da9cf006eec7a9a2e0f52072628d8ecda5bee83daa28b74b26781d47d39ab33a1987fab000e47031fad44968cb26dc0c13d73412ef71ef108c67278c648ea6abed0f2e5180f5ab9b14ae1b9f7c66991c2e8d8c02a38191d28077114057d8ca301463eb4e11ed71b003dfae31524702ee6765cf039a6c9e58040073e98a0ad86791bdb73f191c31ef4a2dc403e44e4ff0078734f31ccdc64024f43ebfe734a4381b0020f739a05b9585bb862c10e7e94f8136ae00fa83d6ac88246f901e723ad09092c72839ec280e5b107d9d5812011ec0502d8105913231d71ff00d6ab4625276bb81b7a6179a48ad5a34c67e841fa75a02da95d21f2df25b278c003f9d2cb19739604f61819e7fce2ac8b6476675c8c8e83a53e4b38f036be003f29c75a01ad2c578a17298c3103d4547f67f9899381db27af356d2362db54f6c6334f36c5b19ce07dd39a01ad0ac91246300e79ea4fe74d36ee243237033d474ab2125c042f9c7041efdbff00af4e78584788f83d327a502b5ca6aaad93b3f107d2badf857a2dc5f5e6bd791db8961b2f046b0f34b818883c2a8a493ead803dcd73696ae17727be473d6ba1f86f7b7167e299626b7ba961b9f0beb56d225aaeef9dac6464771fdc565dc49e075eb5cf8bff00777f2fcceac024b12afe7f91cc98636cba97e98240cf5a7347c1db180d9c7ad58b78098b2e412c01caf3daa336ad1009cf5c8393fd2ba0e3b35ab2303e70cbd00c7279a1d723706e07239cd4eb6e0a824e41e831cd4a2d225dacb1751c80281f2b2b4288f84dbc93c55a48f20ab1cfd298b03a02c8a473ce69f6f14aad97639f451ef40d0d94be15739c8e49ef4916e61f38071d466ac240ac4198671c52f971a92367193d280b3b95dc319958f4190062a60841c640c772284887de24fdee3e95298492772938e873d281c75634461474e474a852d9b76081c63b5580ac7a1c9eb8229c91b6ec92083de829c6e323873f2ed19cf000c7f5a9044cc0ed6cedf5fe5522a637ae08e38a7242ab187763f2f273eb40ad62148cff0009ebd33d47b521814fcb2b13f4e2a73f29ce5b231c629eca19b797e0719a0692642b00118400f4c8247bd49b4807000e39e2a53b71b4852318c851fe7b537cb01772023e8296e8a4acf40d9b3f778e339193de9bb0b7ca54f27240e953aa128194127be7b76a5f2b71c827349b496811bd887ca646c630dfd2a6528bd727db14187cc236c206d3905b9a7240dced7e5979c7ad26ee559b18a04ea5402091c01eb48b16d758c03efb8fff005ead416ccac8eee3af38a7c90a6d66119247f17bd21f294d62dae5c83b47073532ef8f8438cf038ed4e4895bf7818f4c9c9a9a280c67716527b823934024c4b691a62cd20e7ae714f6882bab88c36d1c02d8cd38246b8054807b8ff3f4a7ec4ebdc74c0ff3c54ec8d356c8d54e016419ee0734f68c970c791fc27269e8cb9dcb1e78e829a57632c7b40c739a2e9a1eb72681600a1a45c90fd4f6ad5b1bab28d444002a1b76d5e87d3ad64ecf3428e4e4f008e076a220d9ca707b95c826a5ab9516d3b9d30b8d0efa46692350766339eb55aeec6d63422c2e48e9f2919feb59b6d272b956209f9b8ad9b7b35b986392460abdf8ce7d2b3b729b464a7a3465bcf7701f2a55c600c367a8ab304c5e3f9a4030c7a8cf14b7f16d605db7003038a4b68948c39e3d08e69b134e2125bce926f0dc9e188fc6ad6896d752cec6def3cb65efc838fce96367319000dc7d475ebcd166c6d661302063f8bd062932a11b4aed9d3e9daa5c450fd9b530b2ae010e63191f5a58b55d5e1b8dff006efdd7511763fad62a6aca0ee2ca37704104e6ae45ac392418415fee818e7d6b99d377d8eaf6a9adcd5d46e16fa1577408e325b68e4feb54526bb119b7b8218f5391ff00d7a8e3d5947cb229519ce14e6926b9328c891c13d483fe7d2851b0dcd3d6e42ca7048040518c019aa8d11e4bc606471c8fe5564cd136417c9380463ad2016f21f32443b978503b0ad5688c5b6d951ade13180570597ae69a6c56400990803a7cb576482356dd038231f75a9ac8c012339c8c8ce714f998ad62bc56e57695279ebe80d598607c13b0a8c8c827f3a121dc83009e01639a948c641276ff0074526ee2d6e46f00542430009e314e8c8014baf19ecdc1a9153208f978038514f5876a076880c0e303ad036c459dd1ca06ea3ee8ea2a5b6611e4056231d73dea35c96dc38cf3bb1d2a64500e0648618071f5acdd8d137b122ee255801cf5e7b7e5569226d8bfbc1ea475e7f1aaab68cb90a071cf031566362b1fdcdc463031fad4b69949b4c7451e480c40c67a8ebed532c7b959dbaae4e01e9fa530060a481c87ce5aa5597cb03f74305be519eb50efd0adc60b598b63cb1c0c703dfeb5245031c17cf3c64af6a9739ea87a9240152c4638c0405b1d7926a6ecb514426d4ef316cf7033df9c53d2070479806463737ad5b54438c7cc3af3523db443258e73ef9c54dd5cae4d4a4f091fbcf2f058f03f0a995036620c084381c54a20dc403eb9e9daa5b7b547e43804707d686ec351bc88e0b42792321873cd3e28a2718c82475c0ab11db9d9ca92064e40ed4eb5b0c00ce14e09e83a54366893bd860b62c102c6338a9e1b42085da30dd72bc0a945b2c6c091939ec7356638d1465e4c77da6b372691a282654484a479287ef6473f5f6f7a7ac2ce79e9b78218558d8653ba494138e84e69c96cbb7055875e00ef4b9b4d4d2c470c0a58b1f5c81e98a92285339084e4671baa48a0283383b4f7614ef29b712c7183907152e4525710c24e0ac601e879e7f9502268beee40cf3ea2a7b6e087550c467a0a91d17cb276f25b03dea6e82cca650b6005ce33803eb491c44b007e519e454eb025c1ce781d38c54ab084e4ae33c0a1c90ecc85141758a4da723078cf153ac71b3aae00da07cc3a8a963b733316c8da579cf73528851c7dced8e40e952e45c62ec2ac49b71bc0cb7cc003c9a865b0262ca6464f247519ab91c0edb65f2f21b962d4e2ae0b2b44ddb2be959dd9566d14d612cecc064fb8fe952269e0b64c8d83c8c8e9f8568416c19b72a7f10e0f4a9bec7215059146467e518cd3724351282599650b1f207dee324d4eb06c4dac496c1e31ef56459b0f94e14b7518a6cb1c9b4aaa9248e327a77a9bdcab32216eedb5760ab30da8560083ee3d6961b73907b601c127ad588c82013827be452935b164096ef0123391f4a4937b36d00633dcd4cfe66fdbe6155f4e69c6360720e790720d409a29b5b96f9c823231c75340b77624b26707a9ed571233b5547a1ceefad3c44aca4f39cf39e94eec5ca5208a24c3213d3397fd7a54a2dc1cb1c9e73f5ab0d6719dcdb703070714a1085da3390070475a5cc3b22b887ccc7cf8c7518cd11c2060018c8fafeb56a35c9c2374c725714f78f2c1b23a0c714ae82c991ac6cc81318e3ab0ef49141901a21807b939a9941638639cf5e69fe5040598b70381daa1bb15c8471a6d521a3ebc0623ad06d7738dc8c7fdd1d2ad59a2480ab038dc7b53de10b26d55fc4d4f33e8528a654fb1976ddb3a0c9fff00551e5841f2a1fc6ae885946dd9804fd79fe94f58536b0fc8638fcaa6efa87299e233bce23185ebc53a280051c639fef568343128dc8bd47248ef511852404ec19cf7a7cda0723b157cb556381d714888061f2463a71568d9b6c2e083e94f16e626c4873ee4f14ae2e565758b928dc863c31eb9a9840a0e5b71007507a548d1c0ab83c13ebdea4d810282060f706a5c87c8caed02c80ee0471d40a211081b41071dc8ef564c6426571d0f19a40377caebf4da4fad2bb34b6840226db9d8739ea074a30410e70c31c9ab0f0608ca9c9ec2858d79c0604f2df4a399d84a36191c633b0f71d851e5aa9519231c75a9e28e2c152db98f4cf38a56b375c388f2a3a2e6937dc76d0ad144033647279278a9228f2c324631c83c71566decf7290ca370c9ce32289b4f65906c19e0f4e9da95d5c693b15c22ca360fe2ebce6ac436c6162cec3e61c669d1583c0c59d471dc1e95232646dcf19e383d2a5b02acd196cc88e00ec714ab01058487071f776e4d599554b820f00f3c629e2d32010aa31c927af5a77b1491f938b095f90f1c718a7246c09c60fb1eb5756dd3e5dabb4f2338ebcd062eb214e011ce6bea1c958f97e54f42988b69677182463e5a8c41f3723181c66af4f0ef3b94609a4f259500dc067be69a7a072959acd402cd9ec78f7a6344c7f808dc7238c75ffeb55c5b77030573c763c75a56b421c92719e9ea7d69f30b9594fca60800c8c1f4ed46c72e77819c76abab00db963cf71ed48d6e3a85e48e3354a44b453f2b2b8098f7c520838e54f278f96af340369da32077a45809f9540e075a6a4ae472eb729ac4721cfcb91d8d3d21c80b8da49e0e393528832d93d08c8a718f19c1ce17e519e69825621743d146707029c91b07e060953c678a73811658034e6c1f97763fba48ed549d8992bb4449133361d493d4e3b9ed4d5b1df9741c93c83db35616318cbe3eb8e7f953cc6aab9001f97a9ec69f322271d342a1b16419da49cff0d33cb2a49539e38cf3574a3346b843918e3f1a492dc39208cf39fc29a665caac54db207001ce3ae28f2a5dc768cf6c9356cc7bbfd58ea319e86a270e1c805801d4139aae66271b6e30c722e7200cf2413c9a68daa7613ce73b7bd5c8e119f2f18524e493de9b3d94601907de1dc0ebfe4d0989c34b91c5773a0d865c0ce42fad4935ceec34ca0900723b9a8846548239ee49a708950a8452581f9b8aa10c9228dd378eb8e003d69ad18e55339200e454cc30c3e51b812339e943c41b019495a09d48d549556404e70318e29555d4f987078c1c8c76a5f2c86c313cf1f37d3d297040da57e940851b5b24e0f1fa52a9048dfc7b5236d19da3231c9a9511f01b038edf8d00202bc12463b1a76432851cf6cd31e3954fcb8fa0e8453824639ee476a0a5a224fe1e791e86a373c050b9f4c53d02a8190411da8018e24da7ae3a501f64a92c71162cbc37f2a0a67e7e993c67bd4d24722b15099cf0a734b1c728606370580f989eb5a2d89b11c6849c827017be29ae58310ab91fee9e38a94c12162c79ce391de8dac8719ebd8d0044d6e863e7048e071d2a0f20b1e7000ed8e6ae32b9560c3193c1148d6fe6a65580cf0481d2ad3339475b94cc41786e7fdacd31a170d850403c93d38ab72664180431c756ef51881f2490083c1a64596e88d616230a4b1f6a7c76a71b7cc3ce734f0854e3cbf653eb5207c21ca77c74a350567b902a654a1e83b814995673939c0cff004fc6ac79397da40e4e08db51b400664dcc0f1b547f8d52d4871498dc6ec047c1ebb714a18e771078fcaa5893601f38e3dfad3b083955c0e9f4a4f460b4d06108fb773019f41480624f9477f4eb5200ad8404051c0cf514a5232dbc139ec28bb456835d1a30a42af3d4e7bd3515890fc75e7e5ab520dc40000e7a81c935134329dac57afe745db13567a113b8c6421383f9d2061bfa3641a976ee1b5475ed44703accd953d7919abb2467adc197b953efc534445f9d848db9a7b021f6f999c9a78842bae00e3b8140c8d371e58055638393d290a825c046c16e368eb53f908ca086c907078e281080700819f4e33412d5c8c30119ecc3b118a9bf768a09ebedd291148621b0781ce2a4cc7928006201fcf146bd07ab237dd8188c30cf5cf538a48f699b05783d462a5584282436011da9a221f30738c738152b4d0d374121da9f3af53d452480aa861c77a548c360e38ce41352b81220f5cd3bea434c8500957cc2703a806a4787d3247504d00ba8e011c63e9c5292e8784039c734ddd21a4c6f042ae3dc107a9a0918dddf3c50aa09076609cf3e94f40576a81dba62927729a1a30558eec7d69899ce07ccdd33e9532264105b2081da878842fbd5403ce727d684ee0da5b88305b6741b7bd015beee7049e3d29c5446983f371c0a42bbe2183cf7f6a62b2685439fbc01c0e07bd2a30cfde39c75e314ab0eee83903ad0c8420c3632280b0e450ec4823ea3bd3b94396c023d4fb5226f3862ab8ebf4a7211bb2c323a64743d293ba1a561503024aa1dbf4e69c795e38e79cd28d8c369c673834a61f9b001393c71d3fce4d09dd0b46c84407712580f9b834f454d8142e40cf20e33ed53344cdfbb2b9fe9490c6132ac1891c629f42348b1a624273c13d010dd7de95e22074cb0382734e58e491b6938c0248c7ff5e951037254f4c74c5053dc6a43b9320f5e4d757f047497d53e21cf682e1a307c15e266df1f27e4d2279318f7db5cc38da36a30c1c8e7f95763fb3d5c5f597c565167c4b37833c511c6a8b9273a1ddee03f0cd7263db5839b5d8edcb53faf538dba9c5c0234863f9cfcd103cf6c814f36aec37143807ae38ef4f8141863c4670615c0fc054ab0aca80a672aa003819ed5d1b3392d7d0ae200a1514e31f9d3d23c3ed624e473c54ea808dcdf4cf7cd39114641249fe2c0e6a9bb0ad721d8189181b7da96080b1e3279e41e0d4ca8cc490c00c8e5a80a49cb74dbc66a5bb82b5ec47e48da711e076c7ad38c081b781d3835398919fe624e3ef1078e94f8e10b2600db8e06453ba48ab5cac9110c5f6003b657fcfb535a2f33241c93d31570c2cad9249046067fad31901197c720119c8cd3ba0b58ae90ed015d49cf1c0f7a95600ab95e08ed8e2a7b648d3e6c30ec302a494293b22000fd3f0a97b8d592291859f321501c7a29a7985e3215f927a55a8903e6373f500524d0a6f014703a60018a2ec6d2b10795b8633f90e47b50226538270473b8e07f4ab9044d825d41c0e3de9b34003112478383c13426d0ac92208515dc9e41e83ffad49e49f3022b1218e3a73560c47861839fe1c53ede112c85d81e0f4c74a571adac33c865c80e01e8334ab0ab2ed2af903d78a9842bbfe65c1278a788d4c606d61c7e749bb14e05782165046dc7a7b7d6a4117cfb082472781520561192bd31c13de9f83b785c9047f3a634990b4781c374c638c715220122ed719cfad3d6363b88032719cf6f6a90298a3e15704638ef5371f2912c1b78cb673c10bdbe942a83c338e5b9c75c71fe06a4484b7ce8e77124e31c53859b13927716cf14ee34975191c5ced2a7007618a708915b03385e3eb530b760c1bb6ec8c8eb9a7aabe0f23ad4b77195b610c523ca8fa53d6324e7033f5ab51c648272a693cb08eb238c0c906900c8ed56400eec83d89e9e94f4819b92a839c6454b1c685772f03e94e0a4b86d9cf719eddea6e5a560b7568db054119ad2b5bd10909bd72147cb545632465d7d4600e9534519071e5ed2073815209d8b13082e9cc8e0104738ed9a88db000843904e063eb49e5c8add477c1ed52421c36578ce38f4a06e4dad41219547ceed8e31fad18664f2c43ce320fad3d4b67716396e5b34461864e09f4245036b95d911f94e17e6c020f5a5596746088e793fdea9fc82f875ce32411491db90a483ceef5ed40e2db7663a29e68d766091bbab54de73b7dee3d06718a58961ddb93b139079fa53a3db2102318238e7d38a8655d0d6c600070c781fe3504d24e936636600e3e5ff00f555e78951982edc633c7273f953234da460649e720d2dc69b407cc28ae40c1c6401d0d3a31b3e6e00ce189e878efef532c2420949278e4522a6e2540c60f24f1f88a5745b526ec22a92413181db001f4ef4f3092c77039e318e29f1c5b415231ce41c7ff5ea4447329f98f3d850ee8b845adc8e000862a49f700f15203bd4c25ca93d00f5a7f912364230009f9f22a44865566f2d723a022a7981455c6ac0a14640e9938152c5044a57e724e4e011d39a58ed194ed24f1cb1c54d1425884071e847f8d437a1561eb1ac6a46d1c0c7ff005e916d95c6e2e49192d8ff003ec6a5fb22c00ef903961c127da87250ec0bc8e843f1529dcd23b8891c4ad920ed27d39e9c54c2de2662e323149108dd15dc02460938ef537928f1b11807fd906a5bd4bb11ed88b6e438393bbd2a5083708d94e09f9b278a548cc673b4123a53e34dcc7083dc85c7eb52093638062a5b68017b8e7eb4d5c90518b0e060fe153aa4613613cb63b7e74ab0a8669339cfddc8c1140d6e2471bee04e781cee152c6932be43670bd31d3f3a5de08c4bce460e3f0ab223da9bc9c7381c75a872b162465e2608ea31b724018eb56ad0b2285f2c0c8e3fc2a08f1bcec00f4073d2ae4691670139ea302b3934d1ac12b8f42a08dfce460715381186c7960f38dc7a8fa52ec8d5318033df3d0d3a045231bc8fa0acb5ea6c9025b44241b483f2ff00771dff00c4d023d83730e57248f5ab06d4b0da17af19a921b10a818806a2fa1a462db2aaa24987c11df3d45594b389bef67e840a992cceec055e3b1ed52f94dc83237030401d2a5bb96a04296d046bfbb0ab9eb81ce7a51e4a488339e781b6ad087071b09f418c734b15b8ded90063a7bd4dda1f2a2a476db07cabf81ed538b756701d0019e055a5b191c1d8a3711ce4520b2993e460063ae0647eb45ee35057b908b48962040c9dde94e16fcf40303ae01353dbd94d220e0138c1257ad5a8f4f667c31e83000ed49b486e9b96c544b753b56304375e4fd69c2cdda5196e09c10dc55c160c001e5e571f88a916d3116c2b924fcca07350e686a0c8a0b6454081b3cf35298910ee2dd4e00069e2da53879172d9ec3a522dac81f254f4c7e3537469ad8693b543ed23078cd49b541545c1e391e95225a300c849c638ab0ba796caa2825796dcbfa54b924c145b4558936904ad3dc468a004ce7d6acc562ca7e66e3d053e4855b06119e3bd4f3c5b2e2ac67c8bbbee8c73dfd29447f2e7e50581c62ae8d3e6dd9c823b63d2a68b4d52b931e4f7e6a9d48d89507d4cc0067e7e838e2a55b72470320f7c735a4964b1be1517d4e09a1e2546dc064f604d47b46c6a1728aed1c03c7539a238b7380d9da076aba2d519b60840cf3c1a71b25ddcff0077ae0f3473c4718d8a09193b82fd3a751de9c6161f30ce3000abeb6a1572a39f414f6b26046e1b739db52e63e5d6e663c2fc9518e054b1c45971c74c1e39abf1d89f917cac956c9cf7a55b19436e55e0b7e54b9c2d7655b78804da87a0eb4a91c9e70de4f4eb9ab5058b3a98e54c9e01c703a77ab0b68ef90233c301c9a9722b92c52485883bb39e9eff008fbd3761c10ae796ce0f6ad68b4f9245dbe5f07d075a913c3c7037100fa8152e6914a0dad0c68a3763b957838ce4e3d735622b2509bd8e324f5fad6c43a0384c28ce791c51fd8cf0a8601b8ea00e2a7da44a54e4cc6fb1b63e5e79e3e9d6921d3cb3e1d78ce0e474e335be9a5f9ad9d9c1efd29f0e8a7cbdcb1103a019f6ed49d443f64dec73f269cc14a9552699159ccc70f19e3daba0fecb75277647cc7934d934a3b0ed1bb27f8ba7f2a4aa227d9c8c26b70090391ea474a922b3123056ddf962b50e92cabb908193ca83da94e9a8a76e48058648e869ba883919986c1e4204721c9f51cd4f168324879c8c9ea7815ab6f60063116e3d73cd5b8ed9e26c853c726b3757b16a97729d8782279c12d2281c649ab43c05773b0f2e551cfca33deb42c9e585f7127d08c56cd9cae150a8ff007bbd60eb545d4da14a9b5a9c9ffc21d7f6b398563de7182a06067eb522f83efd9f7243c765c74aeead06146631839ebd6ae8b7b790043005c9cfcbdc566f11246cb0f0679bbf852f80314d6c4653191fe14cb7f0bdc2b6c97040c8707fa57a35de9aa5f7f6c702aafd82dd98ac9185c772bd685889343fab44e0a7f0cc90303245b971c7703f2a920d1c91908a464609ebf4aef24d1d194ba202a47a71554787c46db902919a3dbb7b92f0e933f195600183aaf201073d338a618621d5b1c1e3dea699183104f4c628109cee70704704f15f6a9e87c734b62148d4a8ca9c81d690c484e157a75cd5836bc008df78f3914347818c11c7af1fa55028a4ac57c75d84f2303078069eb1aae0953bb1c54a11548248c77e29be5100b30c9e832391412a245226243b47247e54dda55c6ee71d00a9bca2f86f51dfb5385a6d4642c0961d855268851655603242f43c600a1130594b0e878c54df6660704631d293ca2c59411ef9ed549f615b51ad6c80feef3c03d3ad46d6e57923249e0d4e9bc16e33c7d29e3e61ce77019c53bb21c0adf67dc7715c73c8f5a44836ae1c03bbae6ad84e4827ff00ad486367c213c0e4d0a4c35b15da246500919c719a78843a9014fe22a5f26252109c0c0ea7eb4ab10232a723eb5574264262006c0c39ee3b534c603864c647ad58f28a8f9473edd693c9ce70c48a39919f246e57311185ea48a4784b29c28017d4726acc90aa28c8ea7823a8a611b5c8e718e98aabb14a28858246402c5be6cff9fce8988c9ca92b8e00353aaa48980bc8f7a44884a444ca3d0022ad34c9942c8ac23665c9c9c74a5c6646e48c9041ab4d0ac7f205fc00a48e04452e3a93deab98cb9510143bbe61cff0b11d699b9198ac6318ee4f4aba154c8028e49e37722a33640c9bbd41c9ff00229a6271ec451c595dd20fa8a436a8d263662a416f22463736411fd69ebbd9b7039c9e98e94d2b8945365678806db827d8ff003a7c5f36188e47506adbdb860ca547070083cf5a548108ce0e40e99eb4b9914e9a7b152289d782c7ea7b734e8ad55f7391b707a13fad5a36c809218e38c73cd3beca76a88db25bdb914c98c6eec55fb3bb92237181d8f5a4f27602179f5507a55d4b265427cb1d7046793e9522592861b94e149271d3d28ba347493d8ce10372767439195eb425aae4311b7e63915b1fd9d9dac8bcfbf4a8ee74d90379850039e9ea2926991c9676338c215b31f18e99148f13338da9ed577ece8884c8096f41d6a26b4218397ef8c74c5325c249d8af2da96e41c71dbbd44622bc6ce3b0f7abb25be01c76e9cd2c3180bcfcd9fd29a7614a365633cc210952380d8e99c75a63c5b8636f048c11deb48c20ee0a85723a7a9a8e5812352c83a7407bd52910d268cd58407dbb8fca738cd3ca2fdde793f2d4ad09dea48c103a1a7ac031bf68241e33dab4ba327168aec1dfa718eb819a4555cee45239e38ab6d66db4f6eb8c71d69b24038541dfbf6a1342e5655298ce549e7b53fecaf26159b9fa76a9444c5b6a920f53ed53795dd98e40f9491d298d24ca8d16d3b7ae09ef4f8d09380391d08eb530b40ea7e652c39c77a1a111aef5ddf31a04d0df2860027e84d4a907980307078a6c4ae180c670b824722a4b75d80a8ce3bf1402b5c8a5b611b82a0f3e838a63445db0cd8279c1ef571adb18900230a4924d471404b0db8393f78d176c1c752b3dac4aa3ca65dcbced1d0d2ed320f94104753e9562e2dce70aa063be2808aa436770cf0be8719aa52d2c43859908408985ce01e011d6854dcf960a7078dc71530425b91df38a578e31c82391dba7d6a4a514b522642b18f9864904e0f6a9120121213029f0c5bfe5041e7a815328f2b85c75c9e3d281c55cac4104284ff3cd3d6132b80c7208e78e953491861956e4370452ac244bbbab2af5ce681f2b2b8b20ca36211eb4c64646017904fe35a063563b4af39f5a825b2f98b1e83d4fad00e24108f2df7b1ce0f391c0f7a91e2490104e4fa66a54b4d8384ec73f375e7e9425abab7507f1a13d42cd22b85400a000609c7343a912077eb8c0c0a9de168d86e039ebc629e9109410f8e3a608abbab136772b2818c1603f1a739dc70b9c75638a9e58238c1070327d7bd26c3f749ce463353760d6a44d022be124e08ee0f14a6021029fe0c1c8352ac251b6824927a67a53f6650f2339039a1314a243144cdbdd9c00a3a9a0467663cc5383dcf35395251d4ae53a600a6a5b313bb819e9cd17d476ba222a0821c81cf14e118c8238f53ed5656d8212b2eef4e4e39a6cb114242703b6693771d9a444b186e4353ca46ac3120233d57b53a2569570aa339c6303ad3f610768ea3a85ec69db4135a099c152bf7b1d7bd3d020241e4f724fe54a2de498657a77c9a1237570b9f6ed4276172e8232e5b705e09f9982d02176209c1dbdf07152c6aaceaaf801b39c0e2a578cac640c0423a0ef473586a2883eccac30463d3b7f3aec3f67bcc7f1e3c3c9f68742da4788e30632392741bec5724b0b11fbc5f6e3d2bd7bf611f0cb6bbfb64fc3c68f4e8ee62b3bebd7ba5980dab0bd85c44c48246ecef031ce4135e766f370cb2acbb45b3d2c9a0a79a528f7691e356112c9690857ff009663393df15385f98aa9e48e95b5e27b38e1f15ea96705af971c5a9dc471aa80bb02cac00c76e959eb6aa4101482081926bbd54528a7dce0707076ec55453fc4b9e78f6a79898bef12631ce3a0a95ad192638539e808e94ab10de403db0d557d08b586043d01da40ce08a045971e58e718638ab2b6c240a18751838ebfce91e32a0281c82702905ba8c05092b229c81c803ad3a38fe657284fa9279f4a90405b00f4033d73f9d496f18500824678c8149bd0a51771e8014cb103d33f4a4314322ae1b3ce3814e456ced3260ffbb9feb4f302229ebcfb7345d1493ec545b4604a640ee58f3dfb54c208c8dc47352431aa02bb01c1cfcd4f58dce0b601cf24f41d284ee0a2ba9088c9cb8076fb1f6a74502f3b7e51d36e339a942edcedfc4814e8d7206d7fc76d0d97ca8884654606723a1f5a24b6571f303fe153bc5920ae7206393d7dea68c2a7ce579032de94b98971b99f696ce9215946d1d81ea6a78ed86f32ee201edf8d4ceaa5b383b80c027b0ff26956054048c9e78dfdff00c295d8f955861814b619720f7a7b45f2129d33c9ee29f1db875e5be6f522a75b7ea0b0071ce693655ae53f28311c038a6ed5072dc64648ab7e4a83f31e3bfad2ac1e61fbb838c517ea0578f3d39c16e3e5ed4f747651df9e38ab06c1a4240001e83de9ed06e70814679ea68ba12b95a0b67f30071b49ce47ad4ec928215541e31eb534509daacff7c703d31f954863db82539efc1a972190431147dc53193d7ae6a56823240da3e6ea0faf4a97c96655da3393cad2346a8fb73839e6a4695c8fca40dd0671d694a2c9b4ece460e454891161b3033d339a7f9272719da0638ef40d21890aae0cad9c72063bd2bdb81260ab1c9cf02a78e12cd9651c8e3e5e3f3a7344771765edcae281dec34db1007ca42f5e680a80720e2ac4512b00a14f2300e78eb4ad6c4cc23618383c0a0124fa10a0594804f7e869e639241f203b8f40a78ed53a5aa732050cd9ce0d486324812e40c63a7419a9bd996a2af621745f2c02a4e38e783d39a6a4659b97238e84d5811bc8c0e3a0e09ee7fce6a45b7084807000a49d8b4b5d4845b85f9c82463b1a75bc0d1aae7254afe278e6a78d1909631e73fc5f853922503ccdb923b8e94ae0a240c9b5b70c7be08e94f21506e41b7dbd0d4ed1e06e2a0127006338a56859804280f196206295d05b52bc292313b8821b183edeb52240db39523079356638a37183c05e01c75a945a8fb8a401d4f149cd2355168af146cdf2120ae0f152476c436563c6473bb9fc455a860743f345edc77a76dc900e4907b7515939762eecacd085059f839c614d4f05ab4996236f1c62a630ee3ceefbd8e57bd4a8814f97efeb436da0b32bb4684001881d36f5e6a4872ca36b800f1c8a7c8a1c08c47b42f38a7436e1ce1e3e3771e952f6344b40fb2b2e5b6e7775217dff00c290a88c1c8e78c73569b6ae38dd9cf03f4a5b78964c2c801e31c8c54dd8ec8afe4b3282bb707f5a905a108095242fdcc0ce2ad344864023033d01a91220c36b28018ff150e434ac578a0dc57270a7d6a78e365254640278c1a920b6c64c80e01ea3a1a912ce6739271dba54dd1566c8e08cf063f4cd48f68108654e41ef535bdabef592442401ce2ad2c6a642d321c29ce3fa74a973b32e3165030b0900231ec29c11dce09fc056dae9da7392c4b03d4823a0a54f0f5b4b9fb2dcab1e8031c66b3f6a8d5536cc3f202b052a573c67d4d5a88003006de7e5eb8c56bb785eee3525630c42e4956cfe9512e8d7d6e4acb6327cdfc413b74a97522c7ec648a22dc6f3f2648e801e0fb9ab10c0cb18775c363d7b54c2dc15db221183c1dbc7d2a6f2f7b08d41f986723f954b9a2941a6308751b473919c607eb4a0eccc618f383c54d179670cd8009ce4e091c53e28c890aa80413cf1fd6a5bd0d126848da58fa3b6428ce7f955cb792468820e9eddeabf90ccc0a6e200cb7cbd6acdb065008618c91d39acdec683e399d32cae3271927ffaf4f8aef7963b1873c9c71514d19d9b8459e7ae292dade4dc370e7dc7f5a9d2c352917e0bc41c95076e72d91d6a78ae2dbcd1badd73ea2aaac413732a9c1c727d69e20631875e4670adea3d696e689b2fc7710ab9db1f5f56153acb66719e83ae0fe559ab1ca410ab8c640ca9e69b0db4c24ced038e401dea5a48b529266c41258a282ea4907ae6ac4377a76fe59541c609accb68dcc7ca0e338a725be142795f313c9ace514f7294df63600b12b9dea4672c4f6fcaa502cda6deb1ab2e3e5c7ad6422c889b5485ebc03d79f6a9166937856639ee7d6b3f66fb94aa77469ac16f2154618cfa7152adac1e6f96c410a700fb56579d32c818cb938c54e9a84ff776860287092294d3e86935ac037299028ed91d6a582cbcaf998a9c8e3dfeb594b7d39064909e46001f5a992fe4395ede99acdc643ba2f2c0a7701084feb40d3a2ce440d9ec00aab1de48cc0b36179efd2a4fed49d4ae7e63839e3a54d9a2b991692c923076c6464e0034e6b468c6d04649e062a18757676c84206de3eb4e5d4a42c158671ce71d79cd03ba268ec8c610b609f65a956c3cd0039008e47cb512eae540f363c9c6703a5386bac1b2d1fc99ede953a8271b122e9c725c2e40c53dac0be1421e3b74a7c1ab443276632383e953aea2801013907ef71517914b959045a62c80978cfcb81c8a98692006124449ce7d714abaddbc9c88cf1c70dd697fb4637c944cb13c517914b946c5a761c0d99cf5cd588f405988dd164609e0f4a41a8c2a7e74cf6fbddff2ab16dad4099561d6a5f3bd5149413d468f0fc402ef8c2f2067d6a45d0181dab003cfe7eff5ad1b6d42d6eb6c6aea067a374ab71cd68aa4756033e83f3ac5ce6b73751835a19f0689267263c0ebfe35660d2536e1540cfad5f32c654018247a1a48651bb2e31e9c75ac9c9b2d28ad88e0d1a3da374bdb000ab117872de5f91f700793b47353a4c918dde601c74c75ad3b0b981cec3ce477ace52691ac6316cc71e14b3519553eaa5bf954f17856dd94991796e9835bc24b76ff0096638e40a7158588645c6179c565ed646aa114ce79fc208d102501edd0d54ff847aca1255c10a075c5753bd1c0e08cfa75a8ee74b49a3dd12631d734d557d4974a2731ff0008d593274c1c70735027872257dc58153c1535bd2dacd1bed68b1fd6a582d848a239908e319357ceec47227a58c07d0a350ab0a904761d0d23e9509528080c4739ae9974a88215048e3a7a545269111e8a08f6eb49555d41d2b9816fa588d4b39041c7356a088c5f32703be4f5ad4fece555da90b71514ba74232c33bbe9c51ed130f64d0cb747217e7ce5b8c1e957e2327945d873f5aa0b1b85cec38ec4d5c88cac7263183ef5127d8a8dd16e1ccac5581c63b9a992ce26e1f90477151db3286f99391deb4eda3b69143862588e73dab16ec8d52218ec6cd91627e31e8292e34a8a4188140ab8912ef26a75458c676f6a9bb34b5cfc3310b363f77c0eb4bb1da30a63057d73d2ae3db05ff5439c75cd47f665258229f53cf4e3f4afd0133e12506d94cc4f82464e3a63b53c420b0054f4e466acac0cd864523b1079a71b52a08208f722aee4723b99f2e01f2c77ed8e869628da6c1038ce4a1ebcd5a7b24fbc71b7db8a162d800518e49ce7ad57322794ac636048c743c0f4a7796bcf19cf038e95616362cdb901c9ebe944709230deb9e2a9136d2c574803280f91c9e49a8a7b601ba7278c0fe7575e20d218d0f19e57d69aca51f6b2e09e3a535a13cbd4a455dc7cb1e0f6fa539518302e98cf702ae881b702c9b08ce78c629abb94f51ce47dd3c53e6128dd5c89a18de3da84938ebd315195568c8db823183fad4ec929192303838f5ff39a7ac31918503bf3bba517b12e29a21f28021f20e464022a119ea7d78c77ab8f09c67676383da88ed1954b60fa600a6a498b97b95d14972aa4f4ee695a1dabb76e71d4d48b1310771fa734a308bb48249e0739a62712be08055411db1bbf5a635b293bf69627271eb564424b655b01786c77a5113a2166e31eff008fa51a8a51b959e150a36a7f083c9ef4c58e4277b0048e98ed571a153dfbf527ad21b60801519e39ad148971b95081d181ce7bd3c2ab28de300f4ed5645be4e772b1cf4278ed482dc229e3b9ed54999ba7d8abf29208f5ce69cb1281918cff004a94c6a19411c938c28f7a7a5bfce1c7f2aa2395ec40d07c9b97d38e7a5114481c82c06076ef56582e0a919c0e09e0522a1182c0671d40aa52d05cac44832bbc7a739a7858b692abc74c67bd09b73c819f5fc291b692471cf1c7af6352089606460424601eeb8ea2ac47144f8e002464102abab971bc0c1da31ec2a78e570d9dd81c0a02f61e96e09dbb4819eb8eb566d6d915009307760e31c5411cce995597033c03dea58ae32e4c8391db349ab9ac6a25b967eca01e1411fdda64b64cc99d9bb24fe02956f80c8eb81c85edcfb54e92ab0cc8d8e79ddcd4ea8d1352281b156216504fcc0021a98da44225040dc3afa9c7f9cd6a7943cb1960db79048a72db045c7421b1b80e9fa50e4c1c118775a4b060c91955cf1c71cd47169e8232edd7b007b5748aa4ae257caed1db8e94c7d0a178f301c73dc8c1ce29aa8652c3a7aa39992cc0c00403d739e9ed519b704e5f279ce477ae86e3c332e3b671c5529346ba85b0c3183c1c715aa9c5b25d16ba191259f3bd533fdd04727d7f2a84da18982f727b1adc364c23627ef05e491eb50c968401b954eeebc55296a613a6ef632f695ca3a1cf7c0ef4c5b62bf7ba91c802af35a98f8008ee07634ab1a961bd3af606aae8cad62a88832ef56e40e94d0a1405673cf2322ae1b5f9f795200e8052840d8558c360707d2852172a4506d8c8e1871fa539047b416edd32bc559921c1c633bbbd3a3b738f988231d3d2aaec2c8a82d63008c9e7ae69e225c81183d08208ed563ece7ca2d95396c608e7348d11e362e39f5e684da172a2310a3218c023fbc477a5f236825107decd4ad18c02475fc29444fb0ba2f03f334261caae42d1a9051c002a3fb3aac6719603192474ab05242f8dbd71ce29c530303a360e3d69f30382914cc27918c1c714aaa7247960e380091d6ad88c71e87af14ad6b10c315c2ff7bdf8a39932391904119009518e0e40ed43c0cee65c8383d8726ac0474419185ec477a58e37438dfee3eb8a3990f96c869b7f2e1c2639e474a698de4c973f89352794412b93cf70bc7bd4800c9511ab631d4f34aecae5644536a8dee40ef42248a87383db06a62acea011d792be9c538420703bf1c8f7a1b1db42bec2a838ff007b07b5363cc802c9d3d33c55b116c62146727b7d291e258947ca14639c8a13b09a6d90148df2cf18c67819cd11400310140cf4a97609172a1700f5c501187f10e99da39aa4d03431ede3241239efc6734d16df3e08e3a806a558e5e18b83c753dcd4acadb0931e303a6d2295f5172dcac900dbbc2f27ab1a3ecfb987c9c0ebef56561ca90a3a1c939eb4821f3013bb83c00474a77427e657960259480796eb9e9d6a458cb9e57b6719a95a25384738c1e94f1060ae0718efd28ba04ac55dec58a8231ea38a9238379672a4938036f02a696de328428e3193914e814aa8ddd093c9a62d6e446dfc97c3467039c06a93ca2308898dd9e5bafad4aa892b12bb811dcd39a2548ca06ebdfd295d1566881bca422393d3240e33e94ab6a921de801c824f233524b6a256c0f51d697ecf220ddbf83d71c51744bf32378fc82cedb429e0bf73fd6850cec6453919c00055948c10be611d78c0069e634e54b0cfb3517d0394ad1c4b9c95c9ce724f4aecff00657f123786bf6e1f83ac61bc9ede5f12dc2cd6f649995d9ad258d58739dabbcb37fb20d72e9130cfae303806bb6fd8f34bb4d57fe0a03f086cb50bf68238ae35aba2de56edc61d3e46087d031382c3915e3e7b24b28adfe167b19143fe15e8afef239ef1f46e9f1075dcf41ac5de08e9feb9eb2995b2a8ea3d78efef5b9e3eb5583c7baf5a4a4ee5d66ef008c6479efc564794c481e580c381f257a347f851f45f91e7d556ad2f57f9901546270a49cf4e941b78e55e3a0241f96b5acb416ba2a47191920d5a8f458ed49f31c039240ddc76abe6488e46fa18905b1560b12b8f4caf5353dbe8fe6dc02e0a1e847539ad558a34c12147a91e95662b512b2cd0773cad273652a7a94e2f0c5b08f719bef1ce00ab2be0d52a5c3ed5206dc9e2ae5ac31893cac15247051bb7d3f0ad4b78fcdb536f3c4c3cb3f295fe2ace5369e875469537d0e5affc2977632945dacbd77e6a9c9677518cc898c1c035d8cb6724a721cef4206ce46e1cf15667d0a2bab7091c4a415c88ff008b18f4f5a5edadb8a5874dfba704226760cc9818e71d4d49f679d89475033c819ae8af3c2fbc892d33803a15c118aa771e1ebfb793023dc724900f35a2a9168c2546717aa330db3237cbd7033cd392c5c92fbbaf4c55b7b4955b6bae08e36eea70b73960eb9e303231db9fe947311cad14fecca8db720363069e90f19c0c11c11d8f3dead1b719e4803b11e9fd28960de8a10a819ce28bb115044253f30c0e4f4e6a7585064039247a7b548b110e06c3c1c74f6a9963031b94863d472314dc82c538625248cf23a6ee33c53c44c46e299f5c8f6ab124653e4030dea075a7c50856c1524f5c52bb652b9516ddc8240c73c6476e2a48ecc9fba87d88ab8b6bb863677e57e9cd2490e13080803a8e98a3987cad0c488c4493827df9c7d29860420e21fa02b53a44f23e13ee8190d527d94b007a15e79ef4ae87cb72bc76c38240e57fbb9c549e42b30214f3d003c54c2dc119c8041c02075a92381500539233f367a75a5ccac3e52baa0dc40edc75eb4810330468c0e3b8cd5a5b54ce3008079cd385b7ccc40073fc58c0fad3ba159a23fb2068b731c60f4a6a407795443ed9ab89136df907dde320d385bec396ebf5a9e62f9515a3b422452541e41c763f854b144ea0e57390724f6ab1e5b050db8e541e9da919b690b8c0cf23d3ad0e4d8f948bca210803e981d2858d8b8ca8c81dea6895c9dcc3236f1ed52885cf017248e6a4ad12228c2aa83dc28e73df149b1da32540c1e49a996365c7cb9033f8f147967706f2c9e3b0e3f2a4dd876b912c6f1c85085203647bff009cd4bb18ab32a0e78152084b150ddcf18a9e08886c1e9bb838152e4ec5a87bb7656441f7193181cf34be5066556046fe9818abde561410a0e3ef119c8fc289222a163310214fcb8eb59f3a1a8954201c101803ce4f3f8d2842d8182492491cf1d6aec76b173845c0e739fce963b35043003db8fe54f9d1565d0862b72c33c63b9c7e1530825072fc1e14e547e1522dbaaf20f1dbd69ec8641c03c77cd4b77049b08e3443b30406e46d3d33d291a25dc1c9209192a07eb5347102a08c1f522a58a279728b9dbbb0588cfd78a8bd8d39515c44643b87cd8e848c55882d15a35618c93d7deac4169e6280c8c7e6e0e38156ad6c467cb2719e0645272d0a51b99f1e9d3caf891b8c9236fa55a8343b96c108a17a820f4adcb3d1ed4bac7e79c040481d7ad5d8ec6d76aa4528e993bc719f7ac655ada1bc28df739c4d026dd87518e307f1ab30f86244db22caaa18640df9e3f3ae923d35e66fde48b9c8c7cb57ec7c260e1e50db3a295206dac9d776365874d1c67f62de28c34393b86467de9c34cb88d7734640ce4b6322bd02cbc2d62f7599a76da3afce39a7ddf851123636d8653c32fa547d6afa1aac1bb1e7a6d3c9399635c853f330edfd2a5b7b352aa50ed04f5e70071f9fad76b0f8660ba2cb3db1c67180d56cfc34370a86c9c8c74079f5ff001a896260b760b0936ee7136ba7cd28c060c4f071cfe3cd4a34dbb00aa2b3638208e2bb61f0d6e21243c6c483d8d4f07852e2d60758eddf1d30cbdea3eb30e8cda3849adce2a28651201b4ab633f77fc8ab96d6f2100491afb718aeacf84279a5f2e78c608ca75a1fc27f65e193908300fd2a5d783ea52a12460285c366051c705793d2b42066906239b2c07471918ababa1893e52a33edfe7d2aedaf850483cc8cb74f4ce45672ab04691a6cc94b633440cb62921cf5db50dce93645848fa7ed3e8ad8c57491786ee40291c2c460609a6b69178a406b5ce79031c1a8f6cafa32fd95d1ca3685a5c819848c98ecca715241a34510db132b67df19ae94694c18ab42abb8fdd22966d0894c3403776edf9553c47417b2b339c7d1995b6c6a768242907b5236952464462ddb00f2ca3a9adf7f0bbc60489349b7ab6474f4a8ff00b16fa30bf3b70319ce29fb64fa87b26ba1891e9c3ee946c9e991c54b0da421b85e067a8e86b556cb5088011b3f4f98678a962b5bd0a16445383c8ef4bdaaee354d5b5323c8561f33fbe4fad4d0d9a051b78eb9157a6b690101ad94f3cfd2a48e145186b73c7208a97534054d2338db3072a9c7a9c55b8ac54c60339500f031d3dead3429b31e41e7a90bdea5863b7232c08e30d9a9752e0a166525b08d080c54e7a64735605b45b32b12f4f94ff9fa54cf044a7e46c6474239a9059c03682e4f63c7ae2a1cddcbe5ec53163197caa8001c8a12c0630cbd7a739abd241022800ef00f241ff3c520b24321f2d5b83473b0e54563a6ab1dc98ce3bf7a922b1db9087e51d73d8d5916b0c7f36483e953c166807cf2027278a1ce4fa8d456c67ae9ee99257247a7715325a6e7285413df8abdf67590ed523a60e298b66b13021fef7a9ef52e4fa94e25136cf18180393eb52a581625a41df19abff65de3cbda06071c52886288120718e4e7a9a4e5a0f93a99cb68d086dad93f4ce2a48a22c46ec8c77c74f7abff006359543aa7057ef0ee7de9cb67121da7f13e94730b95141a05720a83804f14bfd9e480c3800f4ad25b35753b8f5e8c07f9f5a90da4982b8e8076e69390b9599b0da4c5b08985db903d7ad4f140eaa778f973c1c641abf0586ccb31e0f2a454b1db4591bb0475d952e65a8b33dec6366c8015875017a53c585d2967192060138c13cf6ad410468db83630790453f6074caa71d00cf4a8f6b22d5332d6d7cb7d9244d8c719a923b58812d129627e5383d3deb416d99dc2cd18209fbca73cd482c9036c75dbcd47b429c2e548ad215501b395e7ad4b6e268d7625c10339c331ab034c5600ab1c6ec628974d9e34290819c7ca0d2738b2d41d848754ba39ca8033d41eb57adf502d1004673dc1acdb7b39b215e260b8efeb56521788ede3249000a8762d7344d3b5bc8a48c349bbae013fad5eb5b98836e85f073d475c563471cd1c61012381d454f6324c859563e70339359b48d13b9d3e9ce27c6f9b0c0f4f515a116d0e514707a366b9cb7bbf2ce7206075157e1d4dd4860abc0f7ae69c1df43784d2dcd7581f9381c1c0c55936a4c7bc0c7ae3bd6441ada31c8e83f4abbfdbf0083cc6957007249ea2b37168da328b1b343d14af3d89a70830376383eb491ea36f78be64732e3b05a7ace3eeed1c0f5a5a8ae90f16e074e86a686d91e3fbb8fc2a28ae55479853276f1fd6a482fd5f0c71cd0c77b922d8a273b33ed4c92c627f95621d390054f1de44c48271c7152c72a019dc09c7353aa60658d209258a0c7f0e690e9aea70c8791d6b5e30a400a07b714ecac9c123f0a3986a2ad731d2d94b8055860f27d2afac21466318e393eb53a43093d0649ce78a7c76e80127a1a4ddc7189142b93cb7e556a28cb74527b03e94476e08e831db8a9522280fbd26ca3f1096d240cc658d8283ce71c506dd01dcc81b07e5cf415aed02bb960e0eee368a85ec80611a306c75c57dda91f17282e86745128223c052471814496ab8dc013e9c66b44599900f37d79dbfe7da956d140dbe685c8e85b9aa52d45ecd9986d9d62ca313d4640e949f63900665c7ca782c39ad26b755057cc0071f786450f182408c0e7a557312e066a5b9dd97c7cdd38a1a288659971f4157d6d9082ceb8ef906925b42ee766700750338aa523370289b65e1d802b9e14535ec2dca9504807be31579e1d8590211ead838342c010ed0783d9a9a912d228bd8b151228c1f5c0cd442dca92ae0ee3c9c0e2b5218e375f958f3d38e3e94c9ed91b231cfa8354a64b8d96866f9187c329f6e285b5771b81c724702b412dd909663b816e07a53d6dd01ca01d78e2a9c89b144c2540555c90705bffad4d30f236230f71d85681b7cb738e58741eb4491091488f2a7d29f3136be86635ba3636c7c96c024f34d4b57663b801cf75cd5f6b6588804720e307bd3c44bb46d5e33f74f6aae66270d4cc16617765393e83afe54f8addd3e53f2af5ca8fd3b568b2282421eb4c484ecef900f5f5a39990a3aea519210e7e46207bf6e0f34d4884837ec049e8477abdf660cbb4003e538e3eb482c64842fcaa47afa552629229988a8042e383f2fa546e864e40e31df3579a06f2c6d8c03d0b01d29ab6e406e879c8e339a69ab93cba14cdb8043819217ae7814efb382a1482a0f42455a367b376e5392470bd298482a54eec9e14b76aa52b93ca54109c3609eb8c76a568198ed719e3d2ad2c255325c7aed23343dbab8cf19c7dde94f9ac269159622a36b63eef4a8c8da78e0631c8e956c5982338f97bd3bec81f9c7155cc4a868569137b1641b482491fd2a43f2a865520e7d2a56b23192bb738f45a5f25f0378e3191549a644a3d911c6240a4920fcdce2914a97f3550823f0e82a411e0ee543d72173814be53236361f619a64b836c51200360e198609a747705547cc38ed83d69ab0c818ee1824e464d0ea98f3003bb3c1238fce81abad8b3f6d936e01ce4761d2a58ef666f9724007279eb54e31294118638e318a364e84824e00ce4f6f6a56452934f535a2bf8cae651db9e739a78b9b73825c671fd6b237307c96078f979a9a09ca28c904e070467b9a5c88a55523561ba529e625cb3a9e403c8e7b75ab11de2952b340197f876f1815865ca1fbbb707ad48b76ca002c49cfe953c83753959ac62b1b8055e323d89cf148346b4946629531b73f31c566c77ae990fc904e3fcff9e95325f0da4339e0e1b145a4b61a9a96e4b2f8612e1836319ee3914d7f0bbe0ab21603b679e69d0ea92c78567181c827eb56e3d69d58167c8db9208e94dca690b960f7462c9e1abb8d0a25b1049f94f5a87fb02e90957439f4c74eb5d22eba92ed26251cf040eb5717578248cb4b6c9f8d1ed2696c3f63467d4e265d226c956420824e6a26b1923019a2e00ff26bbd5b9d327521ec506467ae39a4365a3ca81800a33d0f3dff00953f6cfaa3396122f66702f6f9e475c700d31e19234c10430ed8e2bbf9bc33a04caa77a9e79207e9c530fc3fb29a4c5bdc28254f56154b1114b532fa9d4e870a2df24920e01ea0d24b0a70e58e01eb5d8cff000d352f2ffd1ae63f5cb715524f87be228f245ae541e4fae3d2ad56a6fa89e16b2e8730b14841c636f7cfff005aa558464161807a1f4ad8b8f086ac8a44d6ae091c90b8a865d1af5189584e00f4aae74f63274a69dac503196552814e3daa330bfde04020f5abdf61bb5510f96f85e00298ef41b662c372e08ea7fc684ec2f672bd8a5b5882472c7ae00a620c7cae0ffbc4e2b4d74e73f3c3133107a76cd30d982e03444127e6cd3e625c5a2aaa380483c7a529819c7ce7eef1c1a9e3b778ce245fca9c602a30a8dd49200ce453bea3e5762b3c44298f20f6e3ad3fcb72e515811dbd854ab6b960cd927a8e3b549e4ee393950475f5a2fa92cade510c1b3dbfc691e362721571e8a4d58f24abfcca7206381da836ccc066324fa74cd31eb620861e59906e3ec78fa53c6c4e1d0673d726a65531f2b081bba9f4fa523c409f9580c1c8cd24c422ac2ca3111e46063b5356d7cc6255725b8e4ff8d4f6f11691411cf24e3ebeb5621b65652fe6f392704f2693635628885872a19463d2956ddb255b071c703a55d921540571b88191934e8a0474008278fbc3bd1cc2b233de025f6039caf5a436ceaeb91b481d45690b5891b3c6738a9e5d3526b769431c1edde8520b732329a2e0f404f524004d0f0edc4608e79385abc6c7cb5febeb517d9199bcb8c1e08fc6a94b5048af023a0276f2073cd3cc42420e33cf23d2addbdb465c46508e7866e99abb63e1ed42eee0416f6a58b752aa4e3d738a9724b72946527648c98add87cb1827a670314f309078181bcf5f5c5771a77c37667559e27c6ddde6c6b900fa1f4adc97e1b491edbc87495936a821a2e77af704763d6b196269c59d50c0d59ad51e630dadcbbed5405bd3d69d1e97a83b102090ab1fee9c7e95e9ba3f847c2d26a2b1cb00b76cfcbe702579e38f7aebcf80ad12c8a431468d8f9001918f6e98cd653c6c63d0da196ca5d4f12d2fc33a95fbff00a3c0c368c9dcb8cfe956bc0fe38f0bfecdff00b4efc39f8adf15a0be5d1ec2df5d375169922acf296b06548c6480d972b90480477af52b8d1dac6cd966812390b6d5641dbf035f3bfedd3348efe0b37f02078750bcf99a3c820db9c6477fc78ae0cc67f5bc1ce9bda4ac7660a93c1e263563f123d7359f0ed9fc4487fe16ae81613c5a7ebb7d3bc42e19199642165688ed6232a254cf3839e2ab5bf87b4fd1e336fa8d9ab83f2ee53839f515a7e016fb7fecbde137d32fb4b3b759bdf3ce9fa77d9a55c5b59fdf1d09c77e3b546fa5319004ba32c7b724c9c9fc7d2af055e7530cb99eda7dda138ba54a3887cabcfef335e1b5b439b4be2063182bce3d2ab18e2983190071eb8e4569dde905704db9917198dd7b0feb48ab0c11026dc2b6719f5aed5356395d34ba1873068c7970464e3a0c72454fa4e9fa8cf2ed8d4a02df32bd5c781c4cb3aaec20f3b4fdefad58b7d50da6fcbef7739527b568e568e862a9a52bb248748b82a8f75b58afcadf3f5156ed9b4c86d3e6bf0240e415f6acc7d52e250d197272dc3f4355cdac6a0828bc9c925bf9d64a2e5b9a73c63b23588b49559e2b90ae0f21bbf5c62aa25f3437514b237cc872bb4f1907daab4b2448a039180460e79a6b5c8202a91c9c052bcfd6abd9a17b44d9bf3789e0ba9f2b60a80e37b7183eb4851674fb4205048e1074c560add008623186da739cf4a906ab24618066048e8b52e9f6075fb9a930b57416fe5a100658b77e3fc6b326b5456cc6a339ce09a8cea139cac43078ea73c546ef71313b97247de206315718f2912a8a5d0410472c251a11d7a86a8fcad9f260641e952230c8f2f705072714b146db9a475c1cf03d3deaeecc249364053e6218719ea6959641c3918eea39ab6d6919628a4e31d71d685b3623779833ce78c67eb4f981c52d8ad05a87600b671fde352aa794dfbcc7400d598ad006f9700903a76a718c291b8ee2dc73c8229363488557e6240e0f1f8d48ab101b081d7a9fc69e5149f4c77534e0acb1648e838e3ad4f322ecda2310f9630a00fa53d9213c90a40c81c74e6a45c29185e4742c291530fba61919ebe94ee86a3722d817a283ea45491c2b852d21c1ec3d6a40a0f55c0c5490c065f90b28f9b805ba7bd4b92486e37d884c67ab0ce7a1c76a4552080146dc726ad183681b5074c1c9e94f8edfcb45c80473819eb53cda5cbf664088590166519e80d39915f3843c8ec2a792d87de0aa72dc73fa52f90e80b83b8e3a2d3e6d7425c352b240163f98773cf73532db99090c8415ec3f9d4d1c4244190071d3b54ff669083bc8ebc1071c54b93e8528f72908084f3195be9e9ef5247028076939c7249eb571e0db94ea7b8eb4471ae5598678e0014b98b69345558729fbb38f622a416e1ced39cf0338e82ad2c380b85c01c75c714a63200531921bd4f06a79c6932bc56ca30a57009c90a78273d6a78226642d80afd4923815318dcae197af6239faff009f5a4480a37cce41f40695ee572a4356dcbfcfe48e792287b5000caf009048ab3140d1b041b860f7ef4f31bcafb8118dfc8da4fe353763b32a470a22ed030b9cf3cd4f1c25c87db8efd2ac0b304907bfaff9e29f05be3040da0138507d7b50e5a07290c76a48dcfc0cf507ad2fd9557f780fdde99ea3a55c8adca8c2a9519c818e052fd98b72633cf4503826a6e8a5129c512ba6d4ec00208ef5662d3c838585589049039fe7538d3d923ea092381b7a54e902a91231038f41e9532969a14e1765686070d846c0e49038e0d6869f64564c98c118382d48b6c1a4dc580655008c62a5025077173c0ea4e31f9544a5cc8d22eccd48ad566daec08033b40200edd7f4ad6b0d22ca4843cb3f01704641e6b9980ce4ac7bcf4ed56a396e1079659d54763ebed5cd284bb9d519a4f5476da5785b4ab83b63b8e8724fbf6ae9f45f0124a1258ee048acb91cfeb5e5569a9dd40c5c3b6d18cf3d6b6b48f18ead601638e67e4606e73c7b572d4a3565aa91d74ebd25bc4f5cd3fe1e68b756fe5dcb1663dc3633f95492fc31d21d08b7bc21864819ebf9d7997fc2c3f1098caa5e3e73c6d6c1c54d67f10f5ab72265bf91867ef336483e95c9f56c46fcc75ac661de9ca7a145f0a2d268ff007172e1f7672781fa669efe00bbd3e13f659c33138e5bafe62b94b3f8afa9ed1e6dee5b1f312715b161f1494c21252d2177ea1b38ac5d2c544de3570d25b129b7d734b9b69b5791371c18c738abf16aac102de69ced81cb11cfe34eb5f8976614096cc1c1017e6e2b420f885e1e7205de86307ac8a33f8fbd66dcdad626b1f657d245592ef4cb92a5adf3b81057038e9d298fa26997b931a3201c1da3bd6baeb9e04be1948442c4724f19a7c76de1f9d3361a92820742fd2b27292dae8d1a83d2f7302d7e1f4172e3cb9594019258753572f3c0977670ef4552a83188c1ebed5d2e9b6caa420bc8d811dc8ad09aceea15024b8570471b48a4ebd4bee5c30f4daba472161a2b5ba02f09040cf2b9e7b55d834c4ba2d8546238c15c56f5918da50974a0fcdd855d1a65913e617237640000ace555df52d5256384bdf0b5acf3ee6b72323aad25978363f28b3444fa115db0d2184a4a4ca73c00d8a9d6d6dad979400039c8ef4fdbb4b717d5e373ce26f0c340fc6465b8c8a49741c02d8385c1e0649af42b8d274fd472d23857cf241a99342d3ade20bb15c903a9a7f589241f57573cbee3c3f6e086c03d49252a03a059360a1c1cf200af40bff04adddd17b398a2bf3b41e9504ff0d6f40dd6e377be6b45885dcce5876ddac70e7423c04b8c03d01a85743d920314a8e09c018c915d6def80f58b550f1d833633c9271d3ad63c9a76a36b2913d8c8b87e48e95ac6a392d199ca8f2bd519eba3cacc6208093eb4dfec591232d25ac7cf5522b504ecbf3188ae320934bf6c864628eb9c0e39a39e7721d38198ba640d26f921c71d053869f084f2fc8e33d48e82b458440970bf2af5f63491dcdaaa91b72ca3249ef4f9db0508a29a69b6ebf235a2edf61d4d323d26167564b6da4f50739eb5a11b4058b02064e793d2ac42d66303cc5248c86ddd2a7da35b07226663695185205abe549c8f4a6259daf578589f75ade478339498020609ce735118a077c33e70738e4628552453a69990b6f6d131616e79eb8a788ec881885863ee80b5ad2c1186210ae48eeb9fc69459db801b03f13ffd7a39d87b3465471c08e1c8e7b0a592ce098e589191ca8e9fceb57fb3ed64203a003a1c0feb52269da72f0abcd2f696d87ecee642c3609b5624391d49071425a46ecacbc9239cf6ad41a659f985f6e7ae3f3a93ec36e101c003391f2d27317b34658b250a132081fa528b20a376d039f94e3935aa6c6d9d8b8cfa6053ce976780566dc074a9752c3e44660d3fcdfbe08c7a54a74c180a9819ee0f35a31e9b0b31db39c7d7f4a7c7636fb797e09e067a54b9b65727431d74f91c08d9cf078dcd9a90e9ed1f2ac49ec3d39adb86c6d43018181d39a749696d8cecc7e347b463e4316dad6e239b3b7a8e493561e3987ceaaac09c006b492c6276319181ea3d2a44d3a28c9519c63e504d4b9751286a6585c6079638edefeb4f09bc96280678ad36d3a3907ca39f4cf4a134688eedc4f23900d2e74572b3304459324641c629c96a6360026e04faf7ad88742b7893e5941e3a668fecf814ac649c0f6a5ed10d425d4cd5b2001db10eb9e05491dbbb00a41191dc715a06c0162892fd78a9e0d3448090a32a700e7ad4b9a2943533e0b50090c0f518c558b580a0dc5b20f6f4ad58b4f88a8768c64f1f7aa44b04c8cc409078e6a1d4468a9ea51b4b35dbb8a6327a1ef4ba8dbc0f0889a2c1638ce38addd3f4eb78c798e833d715762874d5f9668508073f3562e6cd945191a0783c344d719626419c0e99a9ee7c1dae45316b74631fb75aebb4cb8b031aac6a802f4c1c5688119036b8c77c5612ab28b35f67168f2ebe8aff004a98c33230f7ed496b7eeea55c1257dc9af48d43c3ba66a4e24ba843607041ae7f5cf0a416259ec6dfe53ce2b455a32563395292774cc3826df80c4a8c75c54f138ce14fe551dce9f3ac7b9616c01c9e9558477283e57c73544eab735629d5782707b67bd486620ffacc7ad6379ee9c6ec9fef53d2ee63942e3038c93472df51396a6edbfcdf30048353a83b4807f4ac6b6bbb88b189783e957e1d46edf003039ef8a86ac5a9a468216db953fa53fed00ff00aa897538192b9cfa53d64b87dae221d71536b97cc8fc5c527aaa818cf46e7f953241296f9548c8efde97fb5adcb617030393ce3153457fa6bee4f342951c1618cd7dc9f2178f72349258c0f2d38233d299be42c029c77c019ab311b594162e3af1894014d96ded5a462b2119c9c6e181da9a7a85bccacc5831050fa9cf7eb4ff37e604018c6063b54ad6a831f31c03d72307fc8a6fd8998a94380cc78cf4aa4ee431bb942e1bafa7ff5e96431125d493d72074a6fd9a45932a4fca0700f4a7883383b739a646b710c51cd18deac0f5386a1edd01619217ebfaf4a90dabaa925321b9049cfe14d8cbabedc11c8c7355cc84e36d416dd012439ebf77da94da4208f9860f39c753e94d91db66599b7678383c0cfff00aa9e8ccadb1d0b646771ed9a69dc9d055b24dc59b0140e948d68b1805d7a7f76849554f4e73c9a63cd2cae49e074193da9ee26d01b6f98ae081c1200a416ad18ff005c064e491d09a723b83bd7d393934f694b1dd9cfa03e954b7b1092dcad258ef1bc7527f8475f7eb486d15577af277702acacd27de18e3920fbd1bb665938079c9e9ef549b0b22a791c05c1eb819ef4343b9018d4827aa8eded56cf0541dbcf52bde9646558c8200239e3b8a773371b141832287da4018c12bed40fde1c1185ef570c71c8723ab13c8393f8d358c56ff263048c1ee73f5a7cc0925a155c05f97ae7ef014d310c6e5c7dec0c1e957018c26f65079e3351e11a3de00dc3a7a735484e2ac3043c6d72703bd4135b7fcb444c93d722ae292cc15783df7521059879878278c0c60d09b44357d8a02263fbb7ea3a629cd6c8ab821b9e0826ad988330504f5efc6298ff003b15c31edeb549b6459a205455f94003fbbcd1b546500ceee7353bc09e5e41209031ebd2958065f90fb64f634d3ba1357657f2caa85392739c934a554c9b1006f61daa7b6886ee464e7ae686813258b60f53c7b535a1362036ead97519dbd78a6c90b0704439c9e57a633f9d4cd18720a283ee46294a85e318cb64061d2a949a15b4226b772a3727be71cd061fdd80a3038e86ad08d99fe5e98e878a8a48f04ece7046093cf4a6a4d92ee88cc015f90b80460914d28b83b1b9048e95384263c11938c126944281be72391d4f6354b4608aeb6e412447b7ea07f8d2951d00238c127f9fea6a7d8a1b3bb0c3ae0e29040df316395ee3a923daaae88e4d488c51a001571d783cd35d0e46e1903af6ab1860dc74ec5bb546cabb46493eb8f4a13b8dae65a0c10939240c039c1eb4a6103eef0189ce29e9b8a63249e40a745102064f4ea33da990e36d488060e0af0768c62a489e468d402739c31a7b451819f4e3151c701e3381f2f208e8682536c952672a4291d0e0303d7da9e92ee383d49e84f4c74fe74c917e70786da41ce3a7f9342c5fc04f61ce3a516b93aa1e2ea463f7c83c8c7614e82fae10302e5467b8a88a000a8c863c9c0a57420ee11638cfcdf5a2c8af6922e47a9dc038925ce7a8c715620d66f213c139272326b3d708034b923000f98e69aa85b0c19b2392a0e2972c58d559a37e3f15de7cbe6206c0e086ff00eb7d2addaf8e278c045dc38c6d0f9cf1d7a5723be53c6e6c9e9cd3e1deabbe400119008f4cd1ec203facd5476a9e374da4b44091c93b334ade26d324972d6109e390571c571ab71215c28e41e096a542c30172085e83b73ed59ba513458a9d8ecbedde18bdc34da722966e5a36e9e86961f0ef836f3716ba31be4e3041ae31ae24566281805c64f4cd22ea37111dd0bbaef3fc269aa4fa3058a57f7923b79fc0fa12a1106a6003edc8fd6aa1f025848c5a1d513ee90413d3f5e6b9ab7bcbc27cc6998b118c87c55b8afee71849df8e877e39a4e9cd7da1bad4e5f64d27f87d279a523b98487fbb93d47aff00f5a91be1bde2b1036b639f95bb7e7555351dc432dd488dc77ff0fcaa78f5ed4a2dc0dd9231d431a2f5bb95cd4366bf1093e1edd8c6c8c0c8c0da78007afe7517fc20778bc290428e40ed5723f135cc6702fd864fdde6ad47e25b83cfda006c719414b9ab243b507d0c59bc1374bfc2791c7bd42be13bd76cb2f00e00cd745fdb9a8cb945689f6f40475a44f125cd9864974e4e9d7cb241e954aa54b585ece837e4600f09481826de4ff0e7f5a6b7876453e5c87b1c71d3fcf15b8de2a8c391f634527d0739a9a3f155ab44156c63739e879e7d6973d45d0cfd9d17a2673526852c05783f4c67bd2a68b32b82c4852464ede95d4db6ab04ae5869dc819fbb935634e9ad753b816b169a66627047033fe14bdbc92d4afabc5bd0e3db489594a056257a00b8ef4268d384cede83838e95e95078226bdb92afa6b221e1a524000f1c7f4ad0b4f87d65a7fef2e115d037cd83bb03fad43c6451a4702dab9e551697246eab302c382d8f4a926d1d9e5d9688fb49e010338af58bdd3bc2fe4987fb38b60659d21c15c7a8aa91d86892a6e16e557201262c0cd258bbad8afa825a5cf395f08eaf39114568cbc71b97ad68e9ff000db5b5915a5823395e4b3e7b7b62bd160892fe3fb3c2c182673b460e694431c40b4f2b30c7008e9e98ace58b9bd0d2181a71d7739187c13a5c5215d47447899782e8ff0021e3e87bd5cb5fec7d00fda2ceee485d7ef46a77039e715d147a79bc97cb32fc99e03bff008d32fbc097374c6649d0c79c2863d38ebf98a8f6bcdf1337f6124bdc464bf8dde275686df7b37192bfce9efe219a3b85bcb66311707e45e41fc3d6a09fc0b776972d244a8f1ab64027ef1a9e2d0e124cb7d6c46e0709e671f97e3c7d29de9f4324ab7da2e5978834bda659914ae4928c3209e7b9c62a7bdf13ea33aa1b0995a32394279438f4f6aa36ba6c168eca930da4e4c730ce4fb7a77a9cc1a76e665f924638521b8fe75168366b1736b5763386afe247260f33cc40f95565e84fa5784fedc525f4b6de0c37c4bb3ea57410a7ca726d98e3273b7a75afa11ad0c70a93319076cb9c835f317edcb79ab3f8f7c25a55c5dab58a4334d1c6e4e12560ea5faff7463a67deb3c435ec5fcbf30a6a5ed55d9f4a7c327bf7fd917c2b25e45aafcdaeddec6d47528ee54ffa1da0c46c88a5471d083df9ac6b6335b3b34cc79006cf33008fa53fe1541a1b7ec97e1cbbd33fb1096f10cfe63692970b21ff0043b61fbc12e01fbbd578e9ef500b687a79b804f1cf268c05bead6f37f9918e9375fe4bf24681d5ad60fdcf9e0055e423640acdbeb8b3913f75216e4907f9d3a6b788821947cbd78feb507d8219a5c06238f9b693cd77c6314ee7249b915a573e6e618f2a318dcc79fd29ae491b506011d07d3e9571f4a8c61b7b37a734e4d322dc533d01da49ef8ffeb8ad79e36d0c1c26d58cb69647500b1c74e3a5223a331debec0835a0da6a6368c71db1d6a51a347b4b091573df1d3f4a7cf127d9cd19128126558fdd231ffd7a58e2246efe1f5c56a7f649f99095e4f4c7515247a580c3e6038ea06334b9d10a94efa99661fddfeecae081938a410e58b6d2467a8ff3cd6c0d215c72c3246081da83a38da36b8041e463147b4895ec9b32e28087e3a7f7b3d6a4312b9ff5bce39e2ae3e932024abe7079c74ffeb539b4c9c4877fca01e4f5c51ceac3f64d1412231218d58edcfa66a4f2d4f5049232005ebfe1573fb324cee2c48232300fe7532e9ca00eb9e8723aff009353ceba8d5368a11a311b99406c673cf4f4e95246b92488fbf5ec6ada592c6a4360e3bd4bf6340bb50fdde3838e6875131aa6ee513014070bf37519fc38a4f2ce7691ce7e5c1e7f3ad236ea46ecb601c6492734dfb2348c5549523a161d6929d8a943b1456225771e84f3ef4a6260037407bd5e166154fc99039c8a54b712e5c7e83a9f6a39d0b9248862b727078e9fc47ad20b400ed2b839ec735716d9c0e1f39c1e9f9d3e20a5005427248209e6a79876ba2a346b8da982a412181ef4a968e8400a0162370ce71c55af2bcb3c459014f438c53e188ef2ee30a71f3633eb4af6468a3a112dab141b41383dc67b53961704a2aa9248eadd7deadecc00a78ec41ea0d33ecefb1a411927b02073537071d0811648db09c027b0fad3e4803637363238e86a77b59464e48e3d3f5a78b470f9386c0e0f145d072be8558d02480907a7391526c632e3600080320e72454b6f6e641ba556e8786eb53c70e3ae4003231fca86d0d41154c2cc43703d326a7b0d31ae3e75902107a32e4f7ff3f8d58307c803303c64f3c54b02329f3100ca8c807e878a4e5a14a172bb69b22968e356c91c7ffaa93ecaf01512e338042b2f39cff9fa568b4d3b05da98c77c527d9e5705989c0ce38e47f9cd4b914a091563b76910191f774e40e07b0cd5892d6d30a2dd642e3825c756fc29f0daba9d8b8f98727fcff9e953c76bb48cb90c7a60e293921f29563800dde623e71c9273dfff00d753c5a72346c164d8cc3800751d69f25aed5d8acc7680321b393cd3a2b79146e5760a3038ec2a6fa683e5425be8f15d2e66b8c28fbc02fcc2afdbe91a332187ed52163f300c4039aae2332025d867b313d288e1218329e99e54fbd4c9b6b735492e85d8742723cab78cb3761bfad4c7c2fa9c68448d146dd42bc9dbff00ad4cb39ef570eae572304118fe544b2de19373965c9c0f9b8ac6f2ee5f2c1abd8b765a1e80306fb5290385c911a8033f539e292ea0d02c233142d348c0f1216183ebdaab34655f2173ce32841a7ac519c12795e3705e94b5eacaba4b44578e032bf93130627a0f4ab0fa35c5b902e300290776e1e952c71ab63701c8c9c9fe74f7532290ea483c658e7be3154e4fa09248a6b6db64046303853e9f8fe3522c6581ca1001e403e9ef568461650a5be5ea148ff3eb5696c55d363659fb90c7150e6cb4975294512ef20020918ab9676fe7b855c0c0cef3ef53476702fcac32475a9a15055630bce46086c1ebeb50e4524472dacab214840603f8c74a4166c25c1e99e4039fc7a55d8a3037330c9dd9e9c0a75b445d801b7dcbf19a9e6b33450ea451583b00aae48cf1b96ae5a594a84c9bcee38f978e9f9d3e12cbb9d908048f98b7e7c54cf2e0798bc6173efdf9acdcd9b2562cda3dc21203e7a1c3b55d3a9f96cc5c1040f947181c552b17dfb9ddf38e72dd8d4cd1abb1504e73e9ed5cf25766dcda685b8b5562a0228242fa735a16d7c02ef8d80623d6b2a1b72bfbb743b8f04e2a7b7d3a5ddb82fcdb4e096eb5949459707248ddb2d6ee9ba5da95c1efcd6a58f8a752438172df2f419ce6b907b398baaac6db874da719e9d6b42d15a00a63760d9e41ace54e0d1ac6a4cecf4ef145e6f0d23e589c918e6b721f1089d07cc063ae4e2b82b3bd93cdc32b6780180ad3b6bf461cb027a1ddeb5cb3a563ae9d5763aa3a92bb131c8013ead5325c4814167c81d40ae7aca52ed8c823a1c0e86b4c19557017803b3d64e291b73b65e17055cc993c1e00a70d4e427e7638230771aa0974e731b2f1d8e69cb76b9d85783d7bd2e5571fb466bdb6a3e630f98f5e7deb66df58858006339000cd72513c25f72c8413c0ab76f74ea76c8fb40e3766b39534cd69d43af86fec6595a372304743df8e696eb44d26ed7325ba75c630326b9637bf20c4b9dbd0815243ac5c2b06694e48e99eb597b392d8d79d7534b52f875a45ea1686dca127923a560ea1f0da0b693308c91dbd7f2adfb5d7274182e5d5bb31ab915f2de3006153c73f4a6a7523a5c4e14e6b638597c2b229218801bdb355a4f0e321c2c4af91cf1d2bbebbb7427220017b815049a5412464ac780d8c62b455dadcc9d14de870afe1d0a7671961d3b7a531741f2d4868c15e8738aece5d3ec892707f1f4aaefa45b90c15942b7078ed54aaa21d2b6c72e9a1403e50801239f6a24d1d48ca3f43fdcade6d24ab911cd9069eda4b2ae19401819e6abdaf993ecd982da36060c8bcf418e714b168f1121a400023f5adb1a6fcc70370fe1cf5a7ff00669525997dc0a1d44fa87b3311b4304e50e3e83a50ba3b0eb2e7f0add8ec94ae08cfb527d90a92bb1467d692a9763f648c56d164dbb239f1b8f042f029068b28f9165c9c753eb5ba2c9470a7071c8cd3fec0c71bba0e40c51ed2cc3d9239d5d12604b34dfc5d49a1f4598480c527ca076ae922d3ca260a823db9a7c762a3f7814004f000a5ed750f648e65b4bb9182080b9c673d295f4cbc48c60631fc35d3ad8c48798f00f7eb9a963b08cbfcd167b648a9f6b61fb13934b1bd0a1e44c73d8f6a95619b38de78f6aeca0f0fadc83b6db2319fad487c26f6c8ced6d9e7f8052f6c8a5424718bf684dc00c8c73f2e2a4224c65b3d38e2ba29f458564c9b72491cf1cd362d25251b3ca39f4c51ed62c4e93473ab3ca870d8cfb75a95277fe104fae0e2b78f8702b63ca3927838a72f86c8058423e63d09a6ea45a054a4628790632d9c7439ab36b1c9213bd860f4c75ad1ff0084718152ca473ce315226906141e58c7b8a8738b1a8491456d50b960fd4773525b5b48a4b19380391f855bfb04cc02004e3dea68f4e98296d873dea79917cb62988970ab2cb83e82a68a27c9520fa8a9a7f0edd5cc8268dd471ceead0874978d9633ce06091d09f6a8724528c91059dac85082f534961bc8cf200c56bd9e9ccbf2bc2723af1579b4c89e1c247b5ab273573550ba302dad8443cb2c32076ad3b190c7c83fad23e91711c84940476a9e1b19140665e3be29392635168bd1cb919f6a8e6cca03b8079e9da9614902f20e053d62f323e49e3b566f72ccebf801836a229c75e2b9ed42c98393145851c823ad760f651b2e096acfd43426914b47dfb56909a444e3cc8e3e5b557209c8f5e2a3163b5be57183ea2ba39fc3570a4953dbd6a26d06ee3504a71e8074ad94d5b730e46d98f1da48c06c6047a64d5ab6b7994e0a1e7b0abeba74d1e0b6781cfcb52a40e7e65049fa527243506cad0acacfb88e075c1c55a1348c871195c1ea4f5a96383700a539fd6a55b57ce5a339ec3353745283b9f8687c8d858139ee7fafd38a4f37cbc9dc4f18e7b546d112a1c1c71c1229ad0e17e6ce73935f7e9248f8626598ee015b033c281c01561247c009236403920f4ef55614319e0753c8cd4c632002e84740086ef472a08cd932df4c004f31891d8e69d1ea7385c8940c703deab448c8db9df6807e627bd3b66d3c11e838ed45909cdd8b8ba9ddc6e0bbab0c671fcbf1a9a2d55c0cbc78ff00673fad500c541032727bf5e9440a818bb29f97fc8a2c8a7376d0d58f58c63746a307920d49fda36e64dc719f6f4eb5948580c7438c9da7ad2bab2e251f293cb01cd1642756e8d53a840060f1fed63ad06ee26566e09da3240359aafbbef03d3a0a4123a9e07dee873cd351d45ed3b9a2b3c0177385ce3a7ad2a18e42501c647ca73c0acdfb49761f39008c1c8f634e8ee0eef94801b191ed57ca839d2468c6bfde6c2927e602a6582ddbe52f8ee33c56724ef1a068d8ee3d0918a79bd743b5be651d0839a5cac4a6a28bad6f1468423118e84f7a0448bc210411ce0e715592f4b9dbd3df352c971b006d99383c673cd1aa2d4a321521919f0ac02b524b6e7a28247a8ef518b9217f7aa493dc629e9751e76942a40c90b8a35b90f958891319363671ddb3d052b5b46e0b0ce3ae0f6a625d67807183cfcb5209804f9e4391d6a8ce3b11fd8d586e46f6e9c9a68b493040ce075c74a9dae235c21cfd69c6e37a96da0738cd3bb1ee8a8e8eb9dea40ce467229e85cb65db7f3dc7e35299230e76a93f372cb4cdf91974cf38c8ab26c31a36604e38c9c1a42a465f66ef971902a58e450db5f2793c7ad28789883e5e0e7e641412d5cac8247465038f5f6f4a6ac172df2b20c7a73cfe55776261812b8ee33d29d88235fba79f419a7ccd0946eb52a0528c41520fa66919fe6604e303a77fad586843e109623381c7d7fc295a156215b80dc1c9a7cc4b8f2b2ab86c820920f00f4a511291cb12738c1ab515bc51020679f72335049049b4321c73c9dbd4534ee0e3a0289366395efc8ff3e942c40ede338e3f1e9522c698c31ea7d69522551c300493c0ed9ed4ccedd0acf1c893156396cfcded520465609c7dd1d464d48f6db4863cf392d4e36d3302d191f9d55d872d9154a3093246077a7ee033ce7fba49fa1f4f6ab0d6c1159997a0e17d69a96db892ab8523007a71ff00d6a69a16a47f67898176dc580e83b54622c9c2803d78ab8d04b8008e09e327a7e14d16e4b066e98c03934a2fb8b94a9e4301f329dd8e00e8314e001180a7a6738e9ed561e052760c8cf5cff9e291ed0952158039e09c9fe556a56138aec40abf364953923b739a511b970ad8c93d811532c32c8c32bdc0183fad2b26c6da4e7e5c0041ea3bd3e6279137a109894a82a3a672477e7de82096c9073dfdeadec6316cf2c2824d44ca55b04823da92909c0631319fba003da8e1883c77e0fe152adbb483ce23a75143c0d9dfb08c77fc2a9344b8d8ae172080c4e452a069c63d3a9153344c58b1c71ea3a5491ab6d3b39c7e143682c411c4321d4e07b0e4d2c90063c20f6e3ad593e52131ec254e33f2d302abb82318edc76a77b99b57d5909881f95b19e84e3a8a55d80310d818fc8d48630186dc65ba7cbcd2c7108d4491b2b73ca91402d8884794e79a46b6f9c041f28f4c71572250ee093b7df1d6964454e9277ed4d306932b794b1004ae72bf4a46241200da3a609e953005832a8e48fe1e29ea8e013d40ebc526cbb5911216195c3673d7d053c97db88d73ea334f52e23394ea79a106e6c92481d695d0b9063b1771938cf400d3e6ca05dcd8c7a55bb2d2eeaf586c8f8eacc075f7ad7b3f0dd9b37fa736d00606d6eb512a9189ad3a727a9851b11b64f332b8e8073d6add90bcb97115a93919076d6f43a06996b2e4a23ab0f9723918e076ad174d2ad9cdc476a825046d29c67dc8aca5553d91d2a977666e8fe13bd96546d42d63c11900ae437f9fad6b3f85fc356f3477696cd6e4b731e73923a11cd4e935f3db1712360b6542a8c8c75a8d2c9ae65f92e318c65643cd60e7296ece98c6115648d79a5d0ed2df7880070b8936c63e61dc645568e4f0b4812e52c5158f01908561d7d3ad3ecad24b163ba347f3170c1b278a9edadf4485035fd8bc5962770e57afa739ac7446cafe45e8eeccc0db7dbdde36195f90602e7ae7d6abc57a63536dfda1e629c81b782a31c67d39f5a7c2fa5c60be9d751a7a090e375559bc4b6292ae34e53b47cccb8e477e41e6a545f60724ba8d3aaaf985bc89646538c8e0907d47d055fb4d6229627864d38347227cde603b87d2b29fc516cc77b5b67192a147ff005e9078ae5525e54620824127a7b0ab71bf425558a7b9d0477165627cdb6d3a46127fac65232074a8ae2f4ea4be44560b186f99779e83dc9eb5909af41720a2174271bcb374e291a78de4c457191923af5a954ddf52a55b4b1a7206858adc5aa321236947ff0038a6bea263461049f20ebf373ffd7acd59e3570d328624fcc4354eb6da6cf2f3bd0e392dc814f952dc4a6dec492f892d2dd820b7de9b7e63df3eb546e35ad2ae94c62d8a8c615431edff00ebaba743b095f7a5d2fbaed3d3356ed3c0de785369243b3a9065e9ed549d2891cb567b18924d6f18c2bbe42f01b9cd572a921597cf8fdc63a57550fc39be998472c0a3231c0e3a67b550d5fe136b76e9e6e9f6eef96e07a0a71ad4af6b84a8d7b5ec63207438de0f7c863cf7f5af9d3f6ce89e5f889e16986fde609542a8dcc70ce381f8d7d0d75e0ff13db4e125b394302085da78ce71f8706be6ef8e2f77f18355f15ea3a23c76ebf0a2ce59b56b6bfb95df78835086d19a2553c10d303cf3c1ac71b5611a1bf6fccac3c2a4eaa56eff0091f53fc31b5d666fd923c349a826bc624d7a4681f55b54541fe891002365e4f43c1aa326951cbc98c8279f94707fcf150fc1bb4b78ff00643d08786ec34b591bc4ecb72da65c33bb1fb301965278e839ee78ab36f65a998d556061819236f4cd6797b6b0ff00363c6b6ebedd1119d1fcc01821c9eb90303f1a44d0300953d4e0e3a7bd4f1c5af42c17ca6604e0ee18c8fc2a4c6ba3086d5b93db3c7e75ddccfb9cbcb1ec506d202642a11c8007bd29d2405207ae4f7fd3b55c32ea9839b66524609c77c535d75041b4db33647017342912e116ae914468cc5c924e0e7b77a91747665da637ce0ff2e6ac462e51817b52323ef6d14f2d2900fd9981cf0db29b6ee2b456e565d2023e5832f040caf5a6ff0063ba8c090919e323071f5abc973821fca742573ca8e7f2a9164f3d7629383d49145da1b844cd1633293b48e9ebe94efece9d4fccfbb07a1e3bd69451950431273db14ef2256190768ee02e714738bd9a3345a4920c03c024e09a61b474237f071ce2b50da862583eee98c77a516c1ff887a75e28e641ecccb58dd003b87cc074ea053823efd80e0fa11d0d6b1b10884ab0c6704e78a7bd98181b4b8c7cbc719a4e6914a0ec6424536c2a57209ee3f1a71479467ca500f190056bff0065c8c43797819c64f7a7ae90a46157be73c0fad2f69105467631d601b33f2f07b8c53e5804912e5391cf15b96fa2c7b55f6f0d9553e94ada35a601739e3e5c54bab14c7ec646125b45ce015e32c4fd29f1da202085054b648c718e715b0da42302541e9d31c9151c9a4b1cb15c71f30c7069fb44c1d268cb96df3d3ee8e703a509649bd4ed2091f2e0d68fd85e40aab2153d060669059306327565e38ef55cc4f232aa5844d13154e578dc453934f08ac8dd782091c55d168a80a20183df1cd385bb02640841e486c67152e65a8ab153ec0a4157c82719e73ffeaa3ec2c3e6404a9c8507eb575207121dd1b641c7ca78f5c53a4b69157700701b800d1ccc4a29f428bda394ff0057fef73d29d05b825429e33800feb57923270817a9c7229db5941431818fbb8f5a5cfa094122a1d383664670483c53e2d3d44780727d866aeaaed0171b59bb85f7eb4004f0a49603b0eb53cecae4ea5492c958e638ce17ae0f4352476e73b5b9c7735722824dfb6518e39c1c73530b33b7738dbb8904673c50e65a8e9a9545b025772f058e7229891811327248624a91cd68185939241cf000c8fe42956cbe60586428e067af5a9e644f23b9496dd51c911e07bb1e38c548b0331d8536b63fcfd2ae08b78f981c10324f4a51658064604e063766a79cbe45d0ade475db115e7a0534be43940a410739c7e157a0b467520a82d8fbdfe7ea69e2cd81000182d8e3b0a5ed0af67628c7090bb5f00e08e16a78601b599c703032454a2362485c124f1cf4fd2a74b694e092d8c70075c7e74b98a512bac0242ccdd4f4c9c71d2811b16dd96c0e8aa38fc6ac3c5b4ed78c1c1e17fc4e3fad48b6d191e5f958007514b9b41f2a2a6c246d0a49ce0e054e90b478edc824ff004fd07e66ac7918018458181d17a5588e108b87e83dbdaa5c8764672da038604e73c81d09eb561ad93cb0d927b1cf6abd1c11267aaf19c539a1740018c0078c9a5cc351b9420561207ee4f38ff3f4ab86008db1b804f55eb9f6a9a0b72582ab0c9ec471530b5cbabac64fb76a99491a7232b2465060b1e3a9229e6d725481ca8eb9e2a78ece404b2f1b7a022a6366d192ac0a91d41a8e62b91742b465e20c149da32081ce69e88dc6de83a8ab4b65b9546e39f55e38ab10d93970a54fb739c54b9451718cada94824de60550727b639ab317cc36b8c8efeb57a3d264605496edf5abd6ba384906e8ce17e9eb594aaa358d393665ac32c6d96518e9806afda210a0f93938e339ad5834c8249017849e3a15241ad1b3d2aca13ba08f693d580c62b1954491bc68bb9811dbdec99912d24d87d07d6ae42248900785d08206e2335dad840cbb1237423183e99abff00d9293a904a647b7f2ae5788d763a161ecb7385821973c8f9871903f1cd594b79548de831db776c57587c271f982462bbbd8524be12540cd9c9c7031c134bdbc59a46848c1b38639140c0cfa81c55b36600ca229ff80d5c9bc397310ca28236ff000f6a6a43710158f6633c127b0c1ace53e665f27290c24c07608db2dd706a68efb6f0f2b707a75a9e2883f32c786e4e40c03cd4a34cb7b90488c8383922a5b57d4ae519697a933e0baf3ed5797c829e6fcb81e954e3d1d616cab75e99a53a5ddee2f14bb477c1a976291a31db9971b0718c8a54b69241b14f4e0e0d5109a9c0c1901181ebd6a5b6bdbc8db12a1c7f162a6cd3b957562d7d86e62fbaa78eb91423dce157e623278c7e54e8f52915b0fd0f38a920d4a398e0c5d390686d94945a16deeee23382ad93d01e98c54f0eb77303e507352daea1665151946e3dc0a990e9b21c4846474ac9b57d51a24d22cd9f8867930d3c79c0eddea79356497e5542073d08aad1c36c7e58dc0c9f4e941d3edd81c4983f4ac9f2dcd14a45833c723105719f6a8a4b685b214eee79e452c7a7a60059b03d734f5b1214e272c49e9ed4bd03722fb1c4a038e87af1c0a46b02c4be461ba0c55b8ac5d813bb07b7a54b15a4e1b3e62f1c74ef45c144a6da53226e2dd7d29a74db91c960d9e84e6b4996e8a6c12023dc50d6d3b8e0f5f5a57d4ae549197f649d4ed1f373c8c6687b29792480474ad1686e62c6f4e4f4614b15bcb27dd53934ee4f2998b63267217773c9c539a1990ffaa3d0e01efd6b57c878942b2f7e70695edd5fe665edd295d038a4ccd8a199b04282738e054d1d8484e58015a36cb1c436887273915307894ee68b38a4e4528e8507d2bcb8c49b720f5e2a6b4b54072d11c71cd692bc32e10a0c74db56e2b780c7b028ce7bd4b914a29b2ada405640d1c7c638ad780662c151cf6350c30aa9c051edc5485c86006706b29b4d96958864d26d65f9bcac127934d8bc3d046fb8b7e045684054800e734f902b72734b9a43b22b2e9168465a053ee6a39b48b467e620076ab624c02003edc5206e4123f4a5cd202bae8760ca15e3fd6a9cde1d8d26257a1e80d6ac4c73861c035248a1b0f8e7b52e7921b8c4c5fec74dfb360fc2a54d26145285339ef5a690063f3609fa54c2118e943a8c5ca648d32155e63fa54b158c43a8e07415a2d6aa406cf7c9a6fd98138a5ce3b322855400147e62a5017b83ed4a21c7069e223f9d2720b323fdd9ec68c0e78e2a4109539143c2c7907f0a576161a91c6df787e55208a30b807f5a8c2480e3039a931b579f5a4eec6ac1e52671fd69cd6c1c63228560dcd3b0c7a9c7e340ed74446cd00e9c8eb47d8a2e98a9b6b6396a519ddd69dd8ac8aaf61113831f14d3a6dbafdd8871ed5702b7038a46539c1a2ed072a291b0814e42727d0528b34eb820d5df28e338e68d8c41e054f38ac8fc1064ca050010782e475a45b462e7728208e01e39ab86c66046403c63181ce3f1a725bcaa73221c8e8a79fcabf48e63e0dc25729f9010eede0f3c60f4a56899b19393db156920465ce49e7a1eb47967ef08f8719fca8e66c971d0afe5c80957ce0f53d687588b166423af0455a8e239180003d81e41a04225c6f43f773d7ad5a909c6e8acb149d70723a0c53cc44e7713d3a91561ad813856c807254fd68306c40063a64e3a53e644ebb15dd338909e1bd295636ce5c118ea2ad0b55f2769186c7f17d693611fbbf2f181c9f41426992e3a958210543921b1fc3d29cf0127e55209e0161d3dea67b677038c63dba53c2618c6e4f1df1d69a76627165778770d857207f17a1f6a2280105f681838c7ad5a08e54e38231c918e3da9a2d4be4a939ebc53e661c8da188aaa46d51cf04839e292488172981c1eb9a9fc90a71b7ef0e94f1197392a173d71cd34c4e0548e22b9001e9c007ad58316dc36547391938f4cd4896fb8ed03f4a7fd9b1b23201f507ad17d4141a2a1b7620e18649ee3ad3d21dac09cf0739ed5605b16751b3207be0e3da9e96ed1b82003f301ebf853e643b32bc16ece4610924e4ff5a91ad6527614233db6f5ab51c2dcaecdb8ff006b926b4f4d30a305b961803b8ce79a97368d21495ecce6cdb4ff0078a1da33cb75a99223cae4000f53debd16c34bd0af635d9688d918c01ce4fb53ff00e15d69e4bccc038ce400c2b375e2b73658292d533ce0d8cc095518cf39c718a4304d1a82f1e3ae4f6af487f00dbb8510c7f2e7a11c8fa54327c3a4645948624e37ed39008a6b13113c154b9e7ad148d99029e3b01d3f0a3ecf202091d4720751f5af50b2f04584643bd9ab71d0af356e2f0268a66f3aeecd7046092303fcf4a4f1515b96b0326b4679279733315f2f2b8f98ede9f8d0166ddb2419da0e38ebe9d2bd5aebc13a3c70bc50405416f9801938ac5bff0003e9f1a6e8e423b609e9cd5471116889e0e714706240aa43b375ee3ad3c1c9fbd91db02ba9b8f0b5aa03b5d4b03c6471dfdeaa7fc23e90392d1ee2bd0a91c735a2aa99cf2a125b9839c203b48cb607b9a428e256271c0202f4ad9b9d1d5d0379649ddc7b1f5aa571a64d14804b09193ce3a55a92666e0fa95d143b00501390083eb4a631b77347d7827b66ac3da188125738c9538ea71d29df627c336d5cfa678aab93c9a102a07c8652372fa53258fcb932a0f3d6ac1b292321c921b18009eb4e36b31efdb9c8cff2a1488b365460ed951df18a931b40201dc4f233fe7d2aca447694254646791d2952dc313800903b77e2ab99092d6c2da2c79c3c6c72307352ada59e0aec233d2982339c8e39c03baac2861c939e7827d2a4b692d91567b2857e501b3ea722a136bd4479240ef5726959b39ea3f2a6463f8c0249e0e69a7625c5ee5716db5773a6003df9c629be482e408b8e7a9e6ae9577073c61bbf7cd2dbd9a9e4648f5a39b42392e5268f80ab2601e073918a68b757600fe0315a86ca02332ae703e5f6a8fec9139d9f77d78cfe342761282298b7554da800e7e6c9a530e08619049fbc07f4ab125b32c7b8f51d33517ccaa32a09ce49c75aa4d3172d884db9209e09cf43f8ff00852fd981f9f0067f87af353f9322e498c838eb4d8c4ab265908c1ce0f7fc29a7615880dafca180207538eb40b36db954e47031572284310ee3231d29ecaaaa4213ea3fc2ab9993cb73396025be71cfa9ee690c2a304c2739e79abad6e1d867a638e286b6dca1471b4e429eb4d4c4e0b6b151549fb99e9c0c53bc99304b364e3038e86ae8b724162d8ee703be2836c321ddf6ae3ae33cfd28e71282e5d0a0d0313cc8339e8b522db4e48dcb94ce38effe4569411db9da0c2b9ee7a66adc71da002558d4e06080dd3b7a54ba9d0a54ee650b32708ca0162060af4ab165a38493f79839236956ad04b249085310639ee7ad4cda71b73b0c04673b49ed52e6da3550d0636eb10238217dc570c41ea31e83e951c7712bdcb00c3ae30074ad2b7b19b1be450ca480d93d2aec569616e03f911b927706033f81ac9c92368d27dcc9863b8e72a4639dca33c7e35b5a3692f7389d3731eacc474f6a6dc5cd848de588047f4231f4c629b06b8f01db6eed19ce58e783f854c9b6b41c2318caecd9f2a2b7501d1486ea07506a09a786d5f789b233900af4fceb3a7d7cbbee95f24f271c7354a6d504c0b3cadc9ce2a141f5359558a5a1b936b43606946491d075c1acebcd4f764acc42a9e016eb59e2fc80ceb21dc463918aad2dcccff292000780a3a9ad1412309d59345d96e95be5236e3aed3c91e9559ae8a00d11201cede7b7ad44a4b0d8ea09cf5dd9cd3160df26d8ce30df2fcb90056aa2918b93b1234f339f31db27b95ed4e17774abb6399bdc11d3de98f104555539247391c669b1ee90fcd9383da9e9b095f72d2dcce549dec09fe2c74a9d2ea30a0018e7801ba540aab1b1c0e472d9a541e69dad82707e6c71f4a4d263bb2f4170c0e3ce3cfa5584bc9939374cc3b86eb59d1461882d26dc118c1cd5f8ac46fc97e091d4f5a86958d20db6588f50b9e192719cfca3d0569e9dae6af1fef239b6e4764ce6a9c56448023c03fc59e323eb5a569a79247ce9962318e9594dc6da9d30534cd2b1f17eb701f30b2b81807271d3fc9adeb1f8952db32c77502ed2393c607b573c96372abbbc8460070339e3eb522d923c6c66b6db27010e41cff85724e9d37d0eba752aad99da69fe28f0feb328335aa825782af5f0d88f5883c47fb56da2dd6a1f63b8d2effca856c95a08c0d7ac580f331f88e793c735f5ee9f65a5c0446b2488e5727680463a7e7cfe95f166b1f0ff00c2fadfc5cfda0c2c2b3ea8f67a936942daee5124b38d42d2523606231b0484823002e78af3b1708c21a1d54aa4a5562bd7f23ec4fd92a07d7bf65dd3edf5bbed52131eb0c6237fa02db066f24821240a3cc1db1c918cd7632780e299cb5aeaf819e4ba81f862bc57f655f087873e0b7ecf563e34d33c27e24d4758d7356fb3c7a769334fa8f9a8f11917112abf95f70e5f81ce0e2bdcfc0daedc78b3c3e357d47c35a8e8f23c8ebf61d6add62b855070199158ed079c03cf04fa56746b34ad17d4de541c92728f44535f00de970835181b2df3647e952bf8175844dd1bc2c33d80e457456ba7249229f391390405e6b5a28228d701bcd19e73c7ff00aeb59626a208e169c96a70e3c19a86e657b5b7240c91b80f6c535fc0778c9e68b18401c0f9abb1bed1a1b96dc9b91f190cad8ebed55a0f0fdf3b6d37bc15c6d67ea285889ef70fabc3b1c9c7f0ee7987993da2b2edcb29c039ab0bf0aaf6e631241a5b6d5ea0480e6bb2b2d12e629999e5f949008ddc0fa1adeb1b78d2228ccd81c0cb544b17516cca8e12935aa3c825f863ad40cca74838ce012bf8d313c05a846083a1c8554f3f2f02bd9e4b3864cee0d86cd55bbd38a4256df391c8cf342c7557b83c152e87902f831c37fc839d589f972bc0fc29ebe119949536595ecdb4e2bd06f6c67f30965e1792547e959ef63233051248013ce7f1ad96264d193c3411c5ff00c21a5c965d2c00064b1ce3f0f7a587c0d0f94a9f61527ae371fe75dab594a156346cff00c0bb93c9c53174e94cc63c8c8eb8e3fc69ac4c89fabc6fb1c91f87f038c47624004e407e0e7a54f17c3bb57421a170147f7b9fad7571e9178c76a42dc71cf157ed7c3fa83104e14b29ce0ff3a97899aea52c32e88e0dfc016b1be208a41ec5734e6f03a226d78e4f98fded838af44ff8476f1198ba75ce4f5e950bd8cd12ef66438e8a462a562a5dcafab46e79effc22854705941e984c026a26f09cf70c16190291d78ed5e803cf9186d8f9279006738a64b6e0c85bca0589ce4a734feb3321e1e2ba1c11f074b1c82452cc39cb7a546fe18d424f97cac8c71cf7af465b67918816bc6de030c5034b8dd44d1dbf7e005e94feb325b87d560cf355f085f4659440db88feed11f83aec4659a3e47404600af4cfece766dc6dd727bfe34834e8198e6dc633f30a7f5b97627ea503cc9bc2b741c8099c76a24f09df2a1611ee001e8bed8af529749b0763badd4e4e578145b689080ccb1a8c7049142c5bb6a2fa9c4f2a1e1f9a24f3a4b573927b1e39cd3069774df22c24e3a6d5e9f5af599345507ee2907a9229afa347080a90a05eac42d358cbf423ea496ccf288f4c769493193ce29d268f888158890075c0e2bd4c6890cb1e65b08c91dd540eb4c9b43b412802c6305461b09d6a962efa585f53d773cb4d8ee6d986da319e314f8ec947ef5633d704806bd2c7876d2e093259f247503000152a78434f8f21edc1ce7393fe734feb51ea8160fccf3336b24830a40c763d4fb549f626643e6293db0d5e8a7c19a63004d96d20e49071f8d42be0ad31a4242b0258fca589a3eb50265849df73815b17893ee81f2fcc334a2cdcb024f191904fe58aefe4f05e9c3703bc1fe118eb55eebc0d69b53ecb33648e72a7b9e69ac4c189e1668e3058129b8e08c6594f3c5446dcae3e53b4f6dbd3eb5dcdb7c3e1247bfcd3d71cfd2a47f877182588dc7181f353facd3beac1616a1c4dbc4c80975c76ff00ebd4ea87ca1838c8ee6baa7f87d295c2e3a7233c8e941f86f70a7cc593760900114beb14bb8de1aa74472820665c845ebd4d4912304040e73d4f6e7fc6ba65f00dfc276b3920b750bd69937832ff002180c1cfe542af4df517d5a6b739e96d9e523730048e73dffc2a58ad58281c1c0ec7b56f2f837500b978b391d41ef41f096a31b2816af8ee7d6875e02fabcee6222360a75254633fcea48e3da846dc820f4ad7ff008476fa3042d9b6f2720e3a533fb3a68d195e2da7a1e28f6a9ec3749a5b19d1daeec3349d074cf5ab2d6277ed4e738fa5596d2a50a37c609c0c1cd491d936d24039150ea22d53696c4105aa6c23cbf981c0c7515623832e32b8c0cf34e6b460e170383d073572c6cee161dc17241c12548a894cb516456f68ad9902a939e0b8ff003c5588ed6de56c145fbb91c7f5a1a290653764e721b14aa1c4b90a48e841e2b36cd22ac48b6762a402a49ee33572decece16dc22623b1aaf0c4e189fbbea49ed52b176e54719ea5a96e5f434611110005ce3ae455ab79d43edf207407711c62b2ed642879249eb91e95685c12d9c1c8e80d64e25c5db634629c074050038f97e5eb53472c6ae308324f3e9546dee777ccdd474a9a37dd8e707be4fbd676b1aa917e2d50a80b128520e3156d3c41749212572074ac95570012075e3352a3119c2f4192d51282b9a293b1d1db6b8645c92383d2ad41e24666f2e4859bd0edae6ed16445dde6707a60f5ad182511807702030cd62e291b467248e821f10e9be58596dfa0c92077a749fd8baa47bd1c239e4678ed586d28381b7209fc2a54d8ac36614f7da2b3e54b634e796ccb73e8d2c603a1564cfde5a75b696db58346471d41a6453390abe71c038ab305ddc0e588da4e314af2438f2b44274c9803891c1ec00cd2c767748e103e73d722af25e327c9927d71dea6866b7770182838e41150e725a32d42267f9531e76e4f420d020937f306063a56aa4703a83e52e3ae41eb53b5a5bc8a36203ea49a5ed46a9a6620b2cb02d6f807a9cd27d811186d88ae78031c0e6ba1b7d1e292200f0704f6a89b4f048080f07e6e297b4687eccc6163b86d6750467054fbd489658276bf38ad68f4b0ea415e38e9c52ae96eaa76a9f6cd2e7054ca11c738da048a723e952a799196fde038f7eb5612ca4076ec3c7a8e29ffd9e41f980273d00a96ee351645be5540cb8e0738ef4ab34bb40dd8f520f22aca58874f9e3e474a55d2cb1cedc6691561b0ddc883ef67d335652f8ed5dc416cfa5442c0636b8e9d3d69ed612bb6edfd0e7a527ca357458f3b77ddfbdeb52a5c31215b00678c55536ec1b683d4e41a9a289c260e411d2a0b2d7de25cae413c0a72aaa925411e950c6afe5e7269e0903ae477cd003cc65cee4419a6986463811e4e79c76a915900dc6a545560587193d680b90456fb4ff00aa24e7ad48b6eec30571cfa53d9892369a9447c0604fd2a6e05764704ba2e0935341712a633164fad001424134e3191f3e78a4ddc13b16e0bb2e30531c77a9d250d82cc38154a15e33efc54c80a0dc707150d6a688bb11518207e552065239354e195cf216a50d81c9cfb54813ec427a52ac4846714c8db9031d69e0902801766d5f9b9a555ddfd28d84f00e7eb4aaacabc91d7b5434c07a8c761522a81d17f1a89323926a647c8ce3eb48b5b0ac84a9c1a0c6c78071ef4e0e09e94bfc5d68191f94319c52ed6cf4a728c81f3549b028e680b5f62209d320d298f23ffaf52601e68c20ea295d0bc888c673b594d02dfd1715211e86976e47dea2e2b586797c90474a5f2fa52fd734a463a834b987b09b78e4679a5d841cedfc68c528c924fa50de8525d582e40e9da9421ea45205246466970c3b9f6a904ba804c9c60d1b7e53ee78a519e739e69718e0d034d33f096488b0c2e720e4e3f1a6f9658139e801c13567cb91189208c9e80738ebfce9823697760027a1622bf44ea7c45911fd890fcf11c6472a7eb40b55600b11f2f19ab0b1c9956ca9f9ba1cd072c0968f054e323a0aa5cc89e42b259c8d21fdd821cf1bb1d3d6816c43fdcfbbc002ad6c646d86223691c11d7f3a558c852d8ea4e0114f9990e2afa951edde252cd80738c93cd28452851f207a0e79ab4eab23379a0e4aff000d298a2239e7240f99bbd52992e3a95522dc3f7800ddc7e14e8e18f003313838c81934ff00b3b02ad2c8300918c54c208f80a3e6cfaff851ccae1c97208a3dadbcb8ce3e634d30ac8f97c900eece3ad5a16ec89d06703391d29aabe5a047c93ee78355740a990b2471ed7c825874029d1c0379646e49c0fa1a712b190aa08c807047152c6d97191eded9a772397522fb1ab2e7cc048e858f7a72daa20daa0e7d4f1ed532a995955c055e9955ea734b22becce30768e0d1cd6252772011ede392481c0e69cd6e06189ebd88e45491a066ce31fdd1534a1a350c71c9c671df14f998685564c702319c638f4a55442385c6ee429e7ffd552cadb1794c90dd695701142c6475c7cdf88fd68bc89b31c9228512337cd8fbbefe94fdd9e51c8efd6a17c0e769c138cfafd68cc8433794704f0476aaba659af61aa8b15ca390401920f7e6ae41e2abc8d02b48460ff12e4573cb23b11807e5396eff00853c5c38c28ce33df359f2235556491d8c1e2f690112bed24750c7a55d87c628018da720ecc0c8cfa570b15c10550392739c6734f8eeda3208233db9a87451a4713347a2c3e25b30bbdb0c40e083dbd6ad8d6eca5f9629f2318c951d2bcd60d46e36ed57ebd303f415347a9dc89415908206339acde1d171c5b3d025bab6d9c15638e189cf1581aedda18832a0041e481d2b1935bba6504cd8007200a89b567705a45de0704671550a5ca454aea4ac890cecf2365db1cf7ef4a66673b9cafbf38aacfa827ca045b0b73f3372684b889df070768c9cfbd6d66735d96e0786471bb9c1f4a86f6dccc4a8046790ded42ddc472157ff00ad532cd097550809ec3ad3d50ee9ab110b28d1e3596307d47702af4163a25c0da131b86403d7bf155dae226ca918039f7a489e2421c33a9c752ddf154dc9a12b1687872cda133827201393dab3e6b2781cfcb95240e3b1ad04d51d90c3e62e400391cd0240e0282a08cf7ff3e9494a4b709469bd9191269f24a9948db05b009f5c52c3a65d6fdad1b73fecd6cdbb18e42481d4718ab7697eba7cfbb682bf7b057269fb568854a12918967e1b9ae8298ad1c923f857a0ad5d37e1c6afa9464c76a70bdc9fcba574ba5789b46f2c0f2557200615d8787fc4da4b2edc2a617191e9ed5cd57155a3b23ba96128cdeacf303f07bc4ac58880904649cfe8055297e1d7886df31dc69aebbbee39ed5ef769aae9c50c8b30dd9ee7fcfbd4df6cb4bc527ca89ce7e5047515ceb30ac9d9a3a1e59876b467ceb2f852f567f2e5b57c11d4a9c0eb575fc2b770c5e6c966ccabce76e71d78af767d0b42ba937496519f45038a58fc15a610c8506197eee383deaffb41be842cad2ea7cef268b7b24cbb6d1b6f3ce08fff005d35b4c951ba6d7e8066bdb759f87e52f3ceb2650b9ff578aca3f0fb4d790b5e409b89f94a8ef5b2c740e79e5ad3b23c8df4b941c346428ce06e3c52a698cd186298c2e467bd7ab9f855a3ccef35b48e491900b7d38fad54d4be1c5b5a288e29c119fcb23be7d2b48e329c8c9e5f38ad4f2b6b3576d809391c86c8a496d783852a4723073dabd12f7c15608c736e71d891dfbfe19acdb9f05c9131911418cfdd0315ac71116734b05389c42db4b182769dbee69ed1336d52873d463b8ae9dfc30c246424918ce08ebf8d42da014031c93df1d056caaa68c7eaf24cc38ed7e50ac3072723bd29b5206e0be95b73682e1460a36d191d777e7517f615c4a84952ac0640ea06685510bd94bb1951db31fbc4727a034d6824db8db927a815ab26893f964a8c301f305e99a6c7a75e2aee921e7d31c9a6a68954dae864223c6ff776e0e7ad58894940e0e00efe95a1269f3818920c7a0da79a8dada486360d6fc03f787d334395c5c924ca91b5cc1f30723391b867e51ffebab0ba95fa26e46207a66945b332f9a8013cf51c54ab6a58fcc8b818e8b45d32b964870d6af98ee99f91c00cdc1a06a8c1061074f9977719a6b5ba6d2bb015c9ebc11c534c041dd1904f4268490939d87b5fdc1c20c10793b7d2a3769c47b8a924f04e39a92384b0daa3a1c367e8686b7dec428385e7ee9a1581a958ac22694176ea3a8cd3d6064e0e4b0191fe156ade2213cbf2f03839cf27be6952dcb00c25cf1c647269733128c8abb1c2fcc3231f8d3bcb046d501b3ce3ff00af5645bb293c7deebc714f4b36c9d89ed8f4e9934ee87cad3299450e371c93ebda9cb6d211966008231e956a384a30dcbd540201f7a7ac48e4ab295c70a2817294dacd47c8003c678269c90a93b4c7c9e84f1569edf0415c8f5a05baac8a107239249e28bb0b3d88840afb4464927827341814306c03f8fe15645b95ced24e393f2ff5a72c2ac3728e594647e5c51741c8ee554884646ece401ec2a7f32544f979c0e99fe5539b46f2fcc3191c5396d012339240e30297320e592238af2ea3eac703ad5c4d56e5580da403c83d702abb5a003e70726a48ed5c050a338edb7a527629b9c762e41ac4b16313b20079c31e7deada6bade60dec4e589cee35922dddd40cf46e0018f5a920b6751bc96386ee3a7a7350e3165c2a5436e3d619136acb8039e471dbad7c41f17f51d4a1f8dbf128da5f5f40b378a195cdac3e50914ba654c8a416539e54921bb835f65e5dc6d5604839c0ee2be2df8d48cdf197c7c2d04458789c300d7a5830dd1755edc64d70e29254ce9a139399fa39fb13784f56d77c3bf0f45ec1afc7a7d9c71dc4d697fa25adddbdd6f84c6b865cb26d621c375e3deb26cbc62eb6b02481806823e9c7f083dbad6eff00c13b63d1ff00e11df0c35969fa113fd956e4fd8750bc8195b23aef7d99e87a5799d8bccb6d0c71b30091aaa8c74c003ad79f975352ab53e5fa9df8cad2a7082bf7fd0f45b3f1a45b4727e5e7deaf41e3db78b6ef63c64e7bd79c4778fb8207dfb47553d69ff6b07e5704e47201e6bd096162fa1cd1c648f504f88b60cc4a3bb1000191d78a962f1edaf9659a44247407a8e95e656f77288c1652880609cf5a58dd98ed593d8e0ff9f6acfeab4cd963667ac45e36b49102a32e5803d781ed5aba778cb498d7324e467b7a578b2dcdc42374729fbb9ca9383527f6a5d31e677391d0f4e9eb59bc1424ed7358e364b567bbdbf8a348ba8c4b1ea4983d15860ff9ff001ab435ad31d411748cd8c0c37519ff000af048356ba8d0a25cb90bd7e639fe75a5a5f892eed88945d7cbf9d64f03d99aacc2fa347b2bbd9f9787981ddcfcd8231554e996729f3addc63ae0a63f9d79b378a6ee3eb74f80bcae738cd5c83c637be52ac572d90a0804d64b0b523b1a7d7293dd1dda68cd331036e71f292302a7b5d11221be548f7038c05ae153c6faae503dc038ce368ad2d3fc67a93a03f69dfcf46a9951aa8d2188a4f53b68347595c086dc0ce3033d4d5afec5bc53b962c003a6efad73da2f8b6eee1809485707008fa5757a1ea73ce332b07e7afa57254538bd4ea84a13d8cbd474dd4e160b0a32e471cf43fe38acc5d3b50f337cb0b0c1e4e3835dc4c2398912e413ce5877a6416f2295538c1fef54c6ab8a2a545c9f91c8af86b507559bc890a64e4aa62aedaf80b55bb816585b073c1239c57736b6f10510c9b72179c55cb2b494a9288b827a0eb59cb1324691c3c4e0d3c03e21ff009e793e9baaf5bf83752b25513da9e9d17e6aef60d3d76ee39fc4f34f9a1121dce063bd66f11291a470f047163c371984036e325720b2e08aa73783916325231b8e7195aeea3b48c9c85f5eb4e6b0b6c92d00fae79a5edd8dd08b3cca4f0a5d01958738e84533fb127889125be3b0e7835e8b7d6d003f2c1b540e39ac6bb822276985f9f41c77ad156723295048e226b09e23b513be39f4a0d9dd2b07646fbbce3a5749a969b08c4a1303f9551f225660235900cf3e8456eaa3b1cf282ea64b417311c843f37e23f1a8e4dee02b2118618c0e2b69e260c014380381c506d54a9dc8d919c02073ef4fda13ecd331e3fb52312622d81c1cfe94e69dd99435b9cf3c81fe78ad2f93254b800f0453d20121c6d5e38e453f680a065aca1d0a988003d8e69a92c710c2c3819f989ea07bd6f47a7a860a55486f4e950cda7216dc62eb9c82b8342a883d9ea669f24a066003160083ef5663d3fed09be0650a3fbc31f85598b4a8e5fddbc1d7183cff003abc3443b008fe5017a76a1d41aa7dccafb35bc43ca38c7424d45711a89094248c8dbc9c7f856cbf87bcc0228573939ce0f356adbc14dc1662091c8151ed22b72dd36d6c73a2dd5d70ff002e0fa6695a131ae5198e78cf422bb4b4f0c58c646630483d18d58d53c2fa45d5b7946d54363ef21e951edd5ec3f612b1c25bc659f9078230beb53082dd8e5941e3ee9ad2b9d156d59823b30f623350bda36704e06076ad14ee47258811205182133d411daa46863923c385e7ae452a5b8ced64f6ff00ebd4ada783194f333ea7149b4c766d58a7e540ac48db9ee714b1dac08706352b8cf2b56e3d3d33804b60742283632c5c0463b79eb4f9b4279195468f6770a03d9a75e81683e1ed34a1db64a7b9e7a5685b5a5c11dc7af1da9c34e25fe73d7f880e9473c9751f247b190be17d212738b4008c63fcfe3524be1fb2f28ec049f4c7e75a86d1e2ec4027bff3a77907ef11c762697b49771384574310f852190e4924e3824e0d2c7e072773a5ca8e3a7ad6ea2078d8321393c1cfb5482175638c6074c7d29fb59aea0a943b181ff0874c841055b81c01d6a26f0bdd480858541cf4ce715d4456cec7328c2af03152471856c98f8fad2f6d3b89d183e8724de1dbc8885688600ea4d30e8b7bbca9b760319cf5aec0c4ac76b000760d47971a91b54f031fad57b792054236d0e5c69e215cf94f907a1a5581e36c342dc8e4ede315d6186358b634602e3f1a48ecad901c2e41000c8e953ed87ec4e745a0c0fdd9ce33c8c54b0dac65cee73c8e17b5741f63b66508531dc647348ba7dbb7cc117af07153ced9a7b3b19b1dbe7197038e40e3153c56f19387fc85685be9884960a324e001d2a53a32bc8446a464773f4a9bdc6a1233d6de103e527d89353344bf7a3e060739ab4ba1cc18c80f148da4cd293b5b1c7345d14e324431c526d2f1cd8cf5009cd4cb048ec4197bf058d3d348bb8946d2071ce4e49a53a65f07deb164718e6a1c93761a4d0d31cc06d8b39ef96a95567c6e6e0f639a54b3bd014344db8f50d52a5adc821a48d40cf39a575dca49b1f6f34c995049cf031cd595ba65c2b06c91c8a8a28dd7a0da01ed5324258677f4ea40ac9d8b57258b52b95e124c0f5a9a2d4252c33838ea3d6aa8873f70f14f48db72ba9c03db3ed52526fa9760bb743903009e82ac9bedc402d80077ace863b827706c73f9d4ab6b7120dbb41c77352d26526d175278e43b5c8393f9d4bf2b00df28e718acff0026489946dc73d85585f324f98e7352d58ae62e446207247e66a60b194c871f81e9551622bd3d29d19b80704ae7b669144d244ac14231279ea69f1404a92bc1cfad448f221276fe952a79bd5a2c7a11400ab67e6659bae6a58ad154619b27b669b134adc609f5a932fd003cf5349bb15114c0db7605fca91ed80c927391d334e4f308c9cf143063c953f954dd8ac305b762dc7b559822c4407bf714229c862a7a75c54a437614ae3488becd9238152ac448e5ba54d185c8c2d491c6b9ce3352e43b22badb44e7e73f8fad3cdaaf0517f0f6ab3b003f77af4a7ac6b9f9852bb0b22aada300496c73c0a916dc8ead53141db3f9d292476a432348caf007e469fe513f30ef4f41c8269fd38c51b00d44c1cf7f4a900c0e450429c7f4a527af34ae800e71c1a556c80493f89a528072698558b7150ddc090302d8f4a9001d4535220065b39fad3810a3032681ad070cf5029c9907e6a6798053d4e4014149dc72818191c52ef1cff3a60700018cd3f0bb776cc0a4d5ca4da61b8f45a91412a09c7bd46b81ca9a76707233f9d4598f9986067240c76a7008460633e949bc0e597f5a4464738518f7a2cc96db1c157b1a5209edc52118523f2a15b006e340f9986dc0c669446d9ce38fad191d7346e7cd03ba6b71763f4245288a439c007d680edb46473f4a1240720d27b15a341b1c361b8fa505093c6314e04374e690b95380b4c0fc2b3381cb1fc7151895892acdd07181d69de57ca230c49f6e78a6b46a539565c7041edef5fa21f0d7d091256650c3181c648a4de51c7ded83a03d7f3a455f330338046411d8d4853e4c30e7bd042936c1c8042f438e40e7fcf34f42a837b7638e474a62a6e70c847bfb539230a0168c823a92734049e97248dc3b9006303e53ebfad3647642bbb2370ce0af7fa51180c3e5048c6013da82ac3efa8e38c6739e2804fa844a8491b467b915299235014b63078046727fce2a231c81f2a080454a63473964e4535b932959844d148493ce7d16a595b73939c741803f9544a1a31c1c9fa539763b6d038f54a3a826dcb5238e20cfb9c92aa3a963c9a921d891801547cd93bb9a8d5a469711ae549eea45010ab9daa4719600e79eb560b41cc36fdd38c673ce7f0a90c4031da723b0cfbf5a8d8fcc0c716e27eee7f3a7160a08de31cf1eb4095ae471958dcb042473919a7f053050f41d4f4a465064048f7cafad3d06061db8f7a69d896846841c3b3e41e47b538c4a5c00df371f311c50db588d8f807a8f4a6f98eca3cbcb29ce33d8d34db62b21fe580a5cb13cf4a48edd73b09382704feb4a8c08e73ce3191da9cc5b82aa4f4c11da8e60683c845c95c1078c83cd3762063b8f2060f34fdcdc02073ebf5a1011c9fba49ddf2d5dd8acada8c55214215caf638ce6956154e00273ed5246080abb7a9e735314122b0888393c3f7c5176222111d995c0cf218f7a132c7664efee0f7c548e9b50807e507819e829d1c00365e37ce78e3345d80d74648c2038271c53d4858ca8c824fad3b6ab48146e1819e9d295d4fdf1c9fae296cac2ea4725b870ae3b120ff8d365855142800e3a9a9070369ddb48e8077a7c4a0920e06e5c1c534ec32bac59c104f239c0ea2a456f9832b1cf72454aca235c449d8673da99e49c8590724f41fcea934ccc6a3386284e46724d4c4b48a0eec8f634d169b1461bbf2ac69c63900cec66c1c13c8145d026ee261c8fbb9c9c64f6a9607746fbc7f027b5468b2160ee00193c7a735228213041384f4f7a634f52ca5d36d2e4f43c13de90bc8d9527aa9efd3ad575dc1cc78c67b0a9a350c3a11cd16434c9ada76563b5f8c601ddfe78e2b46defee2190246ee41c63776ac74122f0f190d9e462a7864902ecf309623ab544a28719b474969e21bd89799c0f500f4adad37c5928605e63c71c93c570f148300bb640e0135a965736b111e6ca4123380460fd6b19538b5b1d74ebcbb9e8963e3060c641367230a1fd7d7ffaf5a565e3668f11940483ce17393fe15e7b69a843e582abbfd1b3922af69fab879312458dc3fae6b927875d0ec86264b44cf451aedbdfa671b463186c633599a96a6d0e2653f3281809c67d7fcfb56041a94fc0138c0c6323fc8ab0267b94092b7439cfa9cfff005eb050e57a9acaaf3226fede96323cc39278724f1cd57bdd723954c9248090bb401dbf1aa7791c82667490e0fa74e0d4115a898132381ce481c1add463b98b949ab0cbcd562676214118e3a75cf4ff003e959b7ba9beedaaa719e08fe55a93e9d1bc6ce06d761c03d3f0158d3e9b224841dc39e083daba21ca7255e745393524232b337b8fa556fed08cae407047eb562eb4d7da48b627a8dd8ef558e9d246788df23956d8719fad742e568e397b4ea12ea33b92a8bc019e4669b15eb872d1a75e318c62a6487cb75041073d40a9059ec055539cfcc0afe9d29f3c568251915e5bcb9c057195dd8fbd4c4bb7594e548c7f09ad28b4f9045bfec470781df3ef4e5d3c4a77b5a804018db9e78cd1cf10f67332e495bcb690a1c16e30073cfad114c04a77a28f6d9815a726990baedf25d7a0248ef511d154124072bfc2c4535344fb39950b961b941da78c0cff005a58e44c21780640c64f7ab4fa44d9c648504e0e3f1a4fecb0ee70cc48c91c51ed115cb268812581b39014e7b1a1444ec772f191d5bb53c69ec4659180ebf2af27fce453d2d5d13856ff0064b2e314f9a2254edba2236f68010a809cf4278a57b3b76cbb6718e31523da480676e0927a73ed425ab31231d7fdaa7cde62495b623fb2c299519c81c0f6a963b384f3264923923b7e14e7b373875719231834f86d244886f93a9eb83473072abec41f658d5b3b72012315343a62b2ee1211c1cff4a93ecf22bef2c3a67f1a52f2aa0dad825b818fd6a1cafb05a288df4d8c29246e3d28b7d18ca5986131cf22ad471b90c42fdefeef41eb535bbb46bb4a123f873c66973c85c91339f4b2599bae1724d3a3d3646da36e33ce09eb5a12322e0bc2a149e7b8a70721d7744080b9040fe74f9dd82c914974b47ddb5403c8cf3c7d29a6c0c67254938048c9fe9d6b49029c7ee801d460e29c502a8593231e947b460a9a3362b175c23282ac71d334b2d9cc5c72073c62b4d0427a274e093de9d03da8976156cfd7fc28e7771aa5d4cc8ac9ce064648e01a956d2e02e508f53b9b18ad655b40bb882594f048cd48b1d9c8460ab0239dd4bda31fb25d4c63653b7cbb5481cfd6aa5fe8bae5ddcfda74ad67eca4326124b25990a00430da5908272390dfc238e6bb05b4d38932b70197a2a8e0d3a2d374b5c9fb48c9c608150ea365429ea703a8f83fc7b7e63165e3d6b46de7794d12260179e06f949ebce73d8f1d2be3ff008816f732fc54f18c77d7d35d5c47acf9735ccba6223c8e9222172572a3257a0e3047bd7e80c76769e6ae278fe67c72a07bfe35f04fc51b48e1f8d7f10cc455d078865fde36a20a91f6a527f760e40ed91d335c98869c4da104a68fd27ff8275c331f01785efa78759c36990ed92f3c2f672a8c37678dcb11c0c6457977d855022c7185f940c6dc718c7e1f4af5dff826d5969927c26f09b5841a74722590693ec1e229637c9db8c87ee71d3b7e35c56a1a44097f331cb032be37b649e4e39ef5c396d4e5af57e5fa9d78da6a54e1f3fd0e596c24038e58f1d7b54a2d49f9a653827041edd38ae823d36203706419e5874a69b08de30590053d0edef5ebbaad9c0a8b32046b9207391c1f5a74303c8492ab9ed8ad84d38263110e41c003fc69d1695b0659781f798f4f5a5ce57b277b58cc8ad1dd46f5da7a838c83513ac9136ddb9edbb69c57416f60c13030c067696e9f9d3ffb019df70404e392a78cd4fb448b549bd8c211ac68abbc8c2e772afb74a4589964c98f9c0eddbf3ade9b42650be6292578000cff009ed511d1ee19d731918ea31495588bd9cefb19866ba11eddd9cf2c49c7e1f954904922c9bb677c0257ff00d757ff00b1250c2331e36f39233baa58745933b803861938e0668e7814a94c86c9d7780c84027939e6b4ec650d87231938c7f5fe7559b4d9b04e1b81c60706acd85a3a1e1f8cfdc3f4ff00ebd6552517aa358292b23734a97ca9728ec0ede58735d768faa35adbf9caed9cf233d78ae434fb718deaea49e0b1c71cd6f5849e546a8c548c7241e2b86aa523d0a2f9558e8edbc4575290cf213ce4293c0fd6b422d61665daa0af6e7a5734f716c911d8403d4e3eb8a7c3aa30c22b16c8e4678f4e95c928791d51a8d23b5b5d4d95b1200067380322b6ecf5bb6f95e49d7238cff2af3ab7d6162c6243955ea79e7d4d28d6982128ec07601b1594a8f31ac6bf29ea275f8586c4990051d775496f7d0b0cee19c73c5797c57f2ec6613b7cdd431abfa6eb538cb89dc0f439acde1edd4d5622ef63d1639a39650824006475e2adc909642ea4607539e95c6c1e26deb1c85813d07ad685bf8b5ca9c328c564e9cae6aaa419ab7826f29823161efd2b1f5196481771c70a29ba878c6d99772b671c118e0d73ba8f89269e5327980a81f771e9554e9cba913a91e8599750b90e60585704fcb9a624d70ce0ba63b601aa0fa9091c3aa10c07273572dee21930646e719247735bd9a39afa935c893caca0e9d463b546b2a0214281919f9b8a945c2f2c14600e727ad566bc854ed910b151d54f5a15c6ec4173760ca42c392390d918a8ed652cdf70807a13eb4b3c91bbe3cb3c9cae169629edc03ba2619c7a8357d045c69a5527cb8ca8f4c5352e65030eac33d0354904f6f3f2036147156d25b7560cc8df5dbd2a03719692c6e41741feee0569c6d14b188d2350c7a6ded515bdb4372c02b003f9d6be9da3daed63bd73d466b2949266b4e2d91e9764e007930c300938e95b31e988f1653a8ed8a75a6971c678947231815ab690a2a80c0706b094ee75460ac65368b210163007a9c76aa771a6dd44ec9bce08ef5d488a373c823d38c535ac6071920719eb50a7665382670375a24ad29fbd86e093d07be2a3fec1955d4a4ca413d0ad76577a5db4872d18c8e86a25d1e32dcb03dc735aaaad23174a2d9c9bf86ee98799f2e474c1a4fec8b88d70d1a939ec6bb28f4689b8e991d8d0ba1c28f900fd3ad3f6cc5ec6271aba2dd093290801bdcd3bfb39d55b7c433d0d75d3e968cd958c0c7b9aa6fa37cbbdb20e7b53f6cc5ec5239f8f4c707cb2783de86b1b843f2f4e9c5744fa1cfe66e8db93da893c3f7830c4673d851ed43d9f91cdbda4809694607b0a6b5b2ca85154e01ea4574a9a4dc6e2ac98f6229e34098a82554f39e28f6ba92e8dce53ec7e5a6dc641e952450498fbbd47000ae93fe11d9c8dfe473db8a864d1a584e4c076e7b76155ed50fd8db730bc89831263eac33834147dbb9d0e33cf15b8fa617c98e3e474a7ae973f68b391ca95e0d2f69a8953b180406c80bf8e29cb6cf8242f5e6ba08f4866c2f90a38c10169a34e3131536e0e3a9e68756e3f66d18a96d22ae0f3c600269cb6921c6501fa9ade8f4821c8319c73d56a68b468cfdd07f15a4ea587ec9982960cce14a63e5c6454d069928c10a7afa5741068f083b76f26ad47a5a6376d1c71d3a54baa546958e70e9d3e4af96460e7814e86c2e0312aa49278e6ba9874feb91903ae054d159c2dcf903f9547b5d0af668e6edf4abf9092517dbd6a63a35f2b7cc8a73c8e6ba25b68d48db17eb52adaa38f9a3e7151ed1b2d5347309a1df4d20c4254019c8ab16da1cc54f9e840f635d304da8a3681c631513c2a71fb9e3bd2e7635048c86d194850003b7b629f1684b22ee0a324f39ad48a224fcc07bd4bb004071ce28e7635148c93a0c6485f2978ea0f7a865d0e2886d583966ec6b60c5231c93dfb53a4849c291823b8eb429b0e5473ff00d8d1aa12c1f39e302962d2012d9271d8d6cb42c3bf22962836fcd8c9ee31c51ce2e446545a4b2a8214951de9c6d082c02b03db9fad6bb0565cae08c71f5a8dad8b0dfbb9cf14b9ae0e28cd8ed9b6fa71d0d38c0fb72abc8eb566482627e5e47d3a537c9915b956f7c0aadc56f221dceb1f29cf4a9038539299c8f4a9122761f32f07a0c53911b70de99cfdee295c06a246c3e73f4a9e3da3033c53d208993250fe3486dcf250120526d6c3b3278962d9b57afad2ac6adeb81d38a6411b2a0da7ff00ad4f882648da463a73525a2611c43ae0715208a175c000d425587dde78a7c7b8361476cd43dc09d608f182294409d8508ec40da314edd2676ede0fb520104183c0a7ac648cf7e94fdc8780b4e5db8e9f8500302b64827a52aa16c91fad4aa8bd71cf7a7aaa74db517634ae44898edcd38c5ec2a5d8b8c018f434e54c8cf7fa52bb2ac883cb66e8bd29511ce4320ab02352385faf14be5a93c271eb4eeec16457f2c9e40a5d870463a9ab2d00c642fe14df29739dbc54dec16444738ffeb539532bb8f5a7f9414e71d29e060678c669730318010065a8030724fe152edebcfe74150719a6986e47e5865c9eb4f190700f6a02900f23ad284e7823da95c4b41a3381cd38039e4f14a0000122977638a398770c007834678fbd4e0849cfe74ad1a7240fce9735d8d5ec3179e0934b1820f079a76d50783fad0020e7bd2b8ae32470a7f78d8a5521941cfca6997313cca194720d3ede368e35465e681d9b571c171f303df8a5241cf3f9d047e54600241ed40e2aeaec3f84004507eb4aa338cf4a1d703e5e682ad67a007238068259ba31a02b9e76d3d148e48ce7d6a5b19f8588b8273c93d69652a3a8031d0e29ee8acbb09f980e3f4a6986462011c6319f535fa1df53e1dc6da0d8e10f86fa77e839a024a06026ef9b3c76ab0b008c2b302013db8a779246374a0123e623dc55732b93caba1590124107a121b22a4424e36b609ceecf24d4a21556da32403cfb9a7a5bba81229e327e5da3fcfb53bab14a374451ab7b803268718f988006738c7f9f6a9c1dfcb0c2e3a0e69522465fde71fdd5c7f88a4a498ac8818ba85638383d08a7a12c363291823181fa63ff00af4a2205c28538390d4f0a431628cdd3af4fc455d905862c26462c3827f2a57882c6063b1db83cd4f198d400c39c01e878a73c45792490141c1a4c9b6a56316de3048ce724734f0a0a8540703d4549182010e3af4005491425dce4647f0b67a7146a1caca6f0b961220c60f04f6a7dbc4ac990b81d01e0f422ac88839e71cf1cf614470b7085072d919fe134eeec4f2588923de319c64900f6eb4c96dd199886c01d32739ab051b013b6f3bc91e949b4862f9e31e94b54572b2988c172158e383d3fad4c88dbb6e1547d7a7bd490dbc69292a9953ddaa6f24b850230ddf9eb55cc8cf95ad489a248a302323b0c8e8696150d238c1fc3b548d12ed2aaa01f63c1a586dc2310e7765476ef4932b62ac8891bf961fa76029c90b6d22351c1c1a9e5b432383197381f311da9a62917e40a33df6e31ff00d7aa4c96b512207710d8cfae69ec0e012ad9e99cd2ac1208f7f9600fa73f5a58b0d801580c73938e6ad321c5dc8d410818b63d33dea66f30296573963d852b446288618ee1c8e7ad3632e582aa1c91c04eb4b986e2814216c93d1bbf7a56dcdfbb6cfbe463fa54e96cbb8b6dcb7727b539ed127192bf78679e48a3987c842b0ed1b83f39f980c9cd22c449001c6ec0e6acc90aa463033c64e477cd46ca8a4940060fa6684d58971698dda41f2db0c09edd053d1463051721b39fc29d1a118c29c63209ec6831ab0dc0927a315f5ed8fc684c39469f31b7b280703038c54926ec6d0e58eec0db42aec8c3884e73f7b3c9a7a15752c53693daab4134911790e877e00c8ef46d79182af24124d48a8a1064b0ec0e7352c29bb2594640c9cfa526ec1cad8c58072cdcf3dba8a747b4302570b8a9156352aa5c83d735334049384181d8ff009ef52e4c6e28af340e79923c0cfca37f5f7a5488630b91819cfea6a5111dea01c7f9e690c4c10bb8c9e4020534ec4d9588d00019509c72064f3f51fa52a008d9552188046075a7aa6e9704610e472bd48fe5de9e1395d8c5463a0e314dc87caeda0b1493a3e77609f51cf5e9566cf50bc8240233d17b9cd568998e331f001c55ed3a28de70c40656eb85c543b58d29a93958b4356d45610fe5b30c67207e956ed3c452908648d836405dc7ad753e19b0b29ed9034087a0c6de9e86b6750f03e85a9db22882349074654e41ae1962a9c5d9a3d38e12a38dd48e2bfb7d5c1dee40ddc8e29e6fede64dc5f69c7273d4e3153ea9f0faeecc6f8642c7a62b16ef4ad434eb8d93a3019ea7a74ad69ca8cfe16613856a7ab46a0b85900f9f2327a1a6380fc6fe3b13594b7934197dcc4671d7ad5a87556550154e49c3337a55b8bbe8649a7b969e08b69eb903b7426a95c584ca479721da3b9e79f4abc97b1c8db4b8e40ce09a9cc90b2f941b8ce491dc77a399c45caa463ec7898b6148c73d09a165999846540e9f285c7e75aab61113f2657925467ad28d223254c4a0a9eac073ed55ed12dc1d297433ccd7480340ca71d41046474cf34d8b50ba8f25b68faa7e157a4d39926d88b9edb875eb515d68b3ba79d1138ee0f1da9a94591284d2191eab22b032c11918dc4819abb0ea11c2ade75ba8079c63ff00d559d6fa6dc332997000070a4f06a6fb3b21c6d20e31c1e287627df48be9ae69aca01b1505fa702961bad3a6c3340a9d72185649b4657dc1d88cfad21f3a34c862c73c6ee714acba14e725b9b0b75a6ac88c215e9c83cf02a782e7449a2db2db2b063c0c74ae6ccaf9de13193c6d1d2a58677da760236ff5a6e1717b66b4b1d246de1b30e25b143dc8241e31cf514efeced06e18aa59a2e41e08efd6b9c5bd9a3521460e70063af03fc696d350b8899cee39ce338eb52e9be8c7ed975474d1e93a1b300d0a0cf5f9339e3eb52af86fc3af18fdda2fcb923079ac08b53bacee328200e326ac26b1728015724283804f4acdc26f6652ad4afaa3624f0a68920cf968180fef5433784b4c8d3951807a83ce2b34f89268c9393953d09a93fe123f39b32c67711cfcd428555d4a73a3d8bd6fe13d1646cf9040c9da37f6fa54ede12d1e4c4821031d4f7c566db6bc51f2f1b91d72a3b927fa5583e2156c4810a800edcff2a1aab7d18b9e9496c5b7f06e963850460f5cf5e9f4e39a923f0459b7cc0961d065b1f8fbd56875f47196196c9e7d3e9532eb2bb81407381939fe552fdbf72d7b07d00781ecd465d4918e48e0f5a737826cdd32236073f78138e956c6bf011932bae073cf6feb40f10da91fbab86c1c1db9ef53cd5ac572d17b2208bc0362107cecdce4f500e6917e1e5b3067476ebc0ce315a10f8862280091f209dbcfe95326ad1fde59c64f43bb1cf1d6a7da561fb3a2fa19ebf0f9180fde3100f19039a7c5f0f6df2d90c33d49fcfd2b56df5c803ed170fcaf00935247abca0e22b8239c804ff8d4fb5abdc7eca837b19717812dd005c395dbf3638c7a7e34f8fc0b089d9645931b978cf6ad9b5d761550c2718c600c7518ab835f88bb859d086c6548e4fe2693ab56e5468d1479bfc40d1758f09681a9f8b2d3c41a45adb58c51baff006d5bcc2227700c249a26dc8a77280446e54e49c8e2bf3c3c4dadf8e35df8d3e2e9aef44d29a49b54bc9ee9b4d69265f2e273248f133229640178dd82c01e057e87fed7378ba87ecc9e39b668e27dfa2b6d432850402a793dba11f9fad7c1bfb39c1a51f8857826874f28de0bf106d59755298234d9f18c0c13e83a1ace539b8372e84ca9d25562923f4e3fe09a56a53e0ff866f5e4b8dad6087375e13014af1fc6246cfe55897fe1310ddbaa46eeab23ec0aa401f39edd87b76fc2b5bfe097ab6b1fc24f0acf630c2049a74657ec9e28c31057ba1380491d3d8d6ededdc06f2e51ce47db25ea7383e63719efd08fc2b830b5650ad52dfd6e76d4a719d38dce1c78695540fde282a7eef7f6a1bc3499386936fa6df6aed12e63421f621c13938e9482e2dc9d8d02e4f078eb5ddedea18ac3c0e463f0b950acbbb1c1c9fe5445e19663bcb3a82491b9ba702bb28dadd9062118f465ab10c360530b02bed070bfdea4f112ea1f578b671d1f87a40142a928dc29c75e6ae5b7879c92369c9e0af4e2bab4b4d395047e48207b9a7ac76491e0263272081ef59baf2668b0e93d59cc8f0da0215471df834e6f08dc060230b827835d4c3f62272e3f0db9ab51c56ccc5db0dcf000c543ad235f61038f3e14b9db8ca8727046de6907852ef0630e33fc248aec9aced9e4fbbc118c819c54896b6802ef8c900718eb9a5ede41ec207127c257ac0ec841cae0738fe79a13c27788e11a21ce7236ff005aee60b385c92831cfde3daacc761137cac14b76f93de8fac4907d56270b6de15d410054b55cfb76ab9068f771e235b46e0e7383d6bb94b430cb900e0373b97357a0b5b77c3491a903a0238cd64f13234586491e789a65df960bc0720e307bd490e937218855200e9c735e87169b62576f920e092c4e6a44d3b4d70c238d06e1c800e6a3eb3635fab2479eb68d7ce8a154e58e080b4fb7d1a7540ad049f2b7f76bbffecab58db02204639fe957134cb578d4f96bd38e3a5278960b0dadee70d6ba45cc9214311041ce0af27a568c3a034437aa6370e49ec2bab5d2a039dc475e481d2a71676ce36f93919c63d462b27599aac3a472965a24a4f046777040e314ebbd2ee5188e79e0e2bb082c6da242aa8011c9cd57b8b28656185edc9c54aada95ec636389fec9b863cb3fcdc73cf4a7bf875dc6edd80c7924575f169b1ac83628e3d7b53ce96132b81c9cfca2afdb11ec3b9c39d0af7700920047033d87bfad2dbe977e5f18c81919e95da4da4a2038519ce4f15035a919cc638fd69aac2742db1cb7d92ec3796149c7418a8dec2e8101547e75d48b61bb6c9029f7a56b2819b124008c75a155488746c724f677c8194c6c7f1a6c7637dd64dca4faf6aece3d2ac8b64aaa9c74cf5a736871c836845e7df9a7edd0d517d0e431710e49271e8a2a45be9d702446048e0a8e95d3b784a5b8e624073c6d6c714c97c0d7c6412c306768c6051ed204fb29db43274fd448c073f8e2b56d35d955718c7a60f5a51e08d522db9b52093d454a7c11aba382b0122a5ca9bea5463556c8d083c48c6307729f97d306b42cbc4519c6ec8e704e6b117c27ae18f221c003bf6a41a3ebd12ec4b673cf50b5938c1eccda32a8b7474a7c4969ce26c1edcd39bc416cb183e6e49ea2b988f41d68bf982cdc7a8348349d684bb5ed6419ebe98a5ece295ee52a92ec74dfdb5a7ccbb5a4c134abac592b72ca315cf7f62eae0295889078c62926d075a662eb0484f3c76a1422fa89ce5d8e9975cb02c15255a749aac21f7075c7b3571d1e9baca12ad6aec40c9cad0cba8c6fb9ed6407dfbd3f66bb83a8d743affed689db1900fae73c53e3b88c8dbbc1efc0ae3d06a4e398e45c9c608edeb53db7f69c2a1a4f3369c8c60e69722ee0aa36ed63a98ee6212ee690648e0035652e0280011f8d72d1cd7b249f2dbb6e231b573576037c832d1b6ec74350e3a16a5737ccf010c720f7a960f28f28074cf4c560c725cb6432b03d06454f0dc499cef2303b9e2935a0d49266f2cca396c138e82a175899f98fa7bd631beba8a5259bae3906a75ba95d0ed6271ef52958a6ee6aad8db48c0943cfbd39b4c8a360a0018ef59f1deca76fcc79e953a4f3962031208030695a43ba2e2d8c0ca17001f6a45d322563dc74dd8e950c7733afcbe9d7d6a78ee64c64a1c13e945e43d043630e701180e792699f62270c8393d453e4ba00e58f1bbd6a582ed58ec6031f4a57616441f6429c84e7d69e202a321707dea79270d90abc8e9814a55265019707ebd28be809245506546c9fa714e59640e0f279ab6b0a15e147b531a018daa45252482c244cc541269c2ebca7f9b919c714d64914600cd35206c93d0e734ae86588a52c3e639f414b25caaafddce2a1584805949dd9a4586673c9a6048b3c4cd90300f4a78963da01e707d6ab9b6642085c83e94156e464fe340164c8bb815ef4e662a4b119355364a318c93e9522f987009fd693b013c6c1d492bce7d6a531ee200e98e6ab21607e5c67be6a567641b473c64f152d01279502fc8578ce697cab7ea171e9506e62724119fd29c92e090d93e948093c853ca8039fce9c6d548ce07e542cac7000a706278340118b443ce3f2a3ec00fdd353a139e99e3d69c4773fce9dd815d2d2455c3118a7adab7209e08a9b2d8c1a705e300feb4ae04296c0295c633d6905b2862f8edd2ad2290318c9a7088b03814ae80aeb02900807229c9163b54cb0b823b0cf34f30316247f3a3995c76d6c451c7db3d053d5411861c54ab0e7a01d29c215230477f5a9e61f2909419c05fd295222afbb776f4a9c45b704e48a7ec8d872a7f2a1bb87295d53049cd3867a0233532c5113c2d2ac03d2905991ab13c3548ae0601fcf34ad031fba7140848eaf9a063831c63f9538636e01a60899783de94290d934b990ecc7eec8c16fc68da71d7bd35410d9e314edad8e077a4da6166c5dbd73cd3805da3d69809cf0450a7fbd5234da24014e7248e29420f534c0739c1fad286c3601fc281a9771f818e94aa99e40a6efcfddc1f6a74649e371e682808c1008e6811b11c0a76c39c119a92366527802a5c8061848e075f4a458994e4fad4e171de9ac467efe3da95d81179468313019c54c42e71b4d2ec03e618fa5176043e5839c01f9d1b083f7454d803b0a50bed45d83d515da366c145e94f098e31532c6a07cc714aea369c8a2ec495915cc4c4648e3d29638f6377fc6a5c9c6334879ea68bb18145ff0a4d870463a9e0d2e07afeb40c8c60d203f0b8e187c80671d40e31f5a528fbb3b781dc9e2991cf6c59648c8c1ebb08c7e3fa53cb2ab97619da319031915fa02773e3da4c91923540383c0073dbfc69d1721816cfa9cf26a14b88245ce48e3a9a9ade55651240f9fa9e3a7e94eed0ac90ad19560486ebcd489b5d7312fca3be7f95300604bf383c0c1e3f9d4b95dddb38f94e68e662b3b820646264208dbd71d69dfbb91b09b598f51ba98d1cceea8ac405cee229f8655e6463c0c8ce4d5730da4c708b07247f1f6238a55072411919c648ebde980975d809e47a1f5a94c4e4654e00e339a77335077d468b64924debb7db0d8a73c6f20e84ede339a58943aee181e9cf4fc6a7605977940481c64f5a5cda8723b904701e4ee20918a7c707ef4b6d0415e706a4276ae0f4033fe7f1a5428e1bd00ec7ad5f331288a802a9882e091ce7d38a688e40dbd101fef734f8db032a30371e4f27b53f60390a08078c54872320936c8c4280327a6698f1491a97e32578ab491a2b2ec52011cf34050e842a05600638ebf5aa5268395a5a95d236fbcca4e3007e54b8dbf303860dc718e2ac08832072013db9c52b42a4ab8001dd8eb8a7cc2e4bab95bf76094dbce7239e9fe7d29e554801c93d31d89ab0b649e6ee18c30e401d3da9cb1950d8c8caf268e626da95991118e24232f4af016f99a3f941e31c54b1dba7fa974e33927d7e94f681da5e547fbd4d342e5d48e3b727051b071c73d29ad6edb03c51751c83d47d2adc503311bb9c9fe2a1adc16570fbb9cf3938fce8bab8b95a452485a6cfcac3072723ad3d6d5e2cf9649240218afe956a4dbbc2af1ea7fad370c48f318e780062aaec146e4382632380cdd4eea75bc3379bc3f05719fc6ac6d7f2c2f4c63001a902046390082bc1f7a2ec5caee412424aed8ce0f70c33518b52189ce38fe215792140065f92786cf341b49626c040bc03907afd68bd86e1728b5b61816946304139c9e39a9a3b6ddb4c6405033b4ad4af190e1ceedd9effe78a7aa9246ee7b0603a51764b566546b38c7a824676938c531f10c5bde4f940e323ad699b7c005106d23383cd24b6e921f299700ae00068e60940cdd3f1724865db86c900640ab696d1a10cac41f7ab1676090af971a91ce727193538818b2b499c838031d8fff00aa9390d47429bdb2b3fcbd4fb54eaad1c7e587000e377d6ac8b7db928bf367a11c629a61248dcb8c7de3fe7fcf34af70e44f728b5bcad2e044012380d9f5a91a090b61980e739fc2aeb5bc8e091c329c75e2945abbf46008e383d6ab983d91405abba0c7cd839248e94f86d8bbb447217b13deae0b328328c73df3c53e253190cca41c7ae6939d90f9083ec8c00891548279e7a7353da400107249ec3a638cd39a295dd5948c8393f375ff0026a4821f281014004f2a0f5e3152da68a8a51675be1cbe86181368dbb7ef3938ae86cb54591865c16c678f7af39b6ba9a1f91188c9fcbeb57adf59b9b59ff773703920d704e836cf4e188b452677d76ed347909bb8c1c1e80d656a5a4c3730bda95c92bc1619e7158d6be2bb85004f193f28058715717c47163cd0ee06c3ce01ec4fad64a1283377569cd6a616afe1c92c5761401460e02e31f5acfbab4649412b824f6e9c575773756b2ae0b701bef6dcf7ff00ebd636a7145e70da8c5739c7635d74eb4ef6679f568453ba334473630b1e0938ce6a78a7113796e467ee9cd1b70a4b47f2e78c0cd2f951a31907208dd9cd6edb67324c9a2b96df81923b6071562def261b76c80123207602a9b2c7e5a9562588cf5e453a290728c3696e78e7fad2b27b8ef2b9b16f751c91933200c09e48a57b88c0db8e0f5f4acb5b9024dbd08f61d31f5353c3701b24b804f5e39ac9c6ccd96a8d3d96a4a8485791c814d3a4c4ea00c7cdd083d7deab4170adf32b10482a73e98ab304cc0ec6fba40182fefc7d2a5b920693124d0e3601c28e57a03c72735524d05940fdde719e95a5e6301cc9f28008f7a5fb42a0d9d0e307231cd355271138459cecda2dc22334511001ce7ae0546b6570b90f95dc06de2ba98e65df833139c0201c1a2786de6ce4e0e368c2f3d6b555df5327422ce55ec6629b963ddf2e79fd688eca638563d3962475e2ba86d2adde1d8ae4601e82abcda3344a7cb419e9f4f6aa55d12e86a6098044fb1f3d41c6eab262531ed1f7b38040abeda514c4bb01006013d69b1e9c4e03a903038f5a6e68cbd8cae521a7190e15b771d877a921d06e1d818c1e7b122b4561f20636e4e3a66a5b479f0a8adb4e79c54ba8d6c69ecadb90c7e1cbc5282588a15619c9fad5dff844dae2306490a39e9e94e86fdd3e4318c93c02739eb53adccf3e542e3d302b1752a1a2a74ec456fe0ffb30114d2ed079df8ab0be0fb7918466f3701d1b039a625f5d260827a631bbaf5ab09a8ceccbbf82a3807e952e7577b96a14fb093781ca0dd6d7809e8411edff00eaaab37852f2370e678c9fee81d3daafa6a37696e4994377fbbcd2ff00684cd2f94bc01dc8e40f4e68552aaea5724195acfc3d213ba78c0c0ed9eb57a3d0609543a60377eb81fe79a12e402c49e02f56352dbde858f63479efc0ff00eb54ca527b94a11443268855849e49719c000f153db6881d724bedcedc06fa5685b5f5bdc6646894e4e338191c639a99af220836eddc000c07159b9cac3518ee66c7e1d25b11b32027257d3ad2a68c52475dd20231900d6cc1e5122440a47518ab305bc4f2b308c760491d7353ed1a2fd9a93d0f24fda8742b86fd9cbc6f2ed7217c3f33b911ef38001fbbdfa74af873f67286f2e7e225d407ed207fc21fe212ed1e88182ffc4aae4f392428e3af6afbfbf6c1b8d47c3ffb3478c357d1dedfce8f4e4016e10346ca6540cac0f552a483ed9afcf1d03e28f8b2e7c6fa65d3ea1a1dbc8da8dbc45ec7484475492648e58d0a47908eacca406e41e7351cf2a909462b73394153ab1933f51bfe0980a977f01fc1f7305ec2638f4b8110cfe1a5da705b90e0e580cf51ef56f5ab3b68bc417b1aba605fdc1511a9001f35ba7b73d2be90f879e0df12e8bf0fafb51d0f56d120f0fc5a1d9c9a529774bb8b5349ae3ce63e62e162f20db05c10770978c62bc0ec2d67d4b4bb5d4f56319b9bab58ee2ebcb21819644577c72460b313d4f6af27075dcab4db3d5af43923148c78ad57e6c4c39e99f5a608a6de03480927038c715ba74a84808010a7af14a7c3d0bed6c6090067fad7a1ed51cdec9994a9724ee12a9183b467bd4b18bc081d768e46483cd69ff62900aa8000e9c54526885e4c0c03df9e94fda21fb368aeb3ddca0178d00031f5ff00ebd2c72dc863ba2042f55abb168d246e46fe09c8f5a94e8cca41328ce7938350e6ba15c92334dd5cc643188124e42afb7a7e75341a8dc320468594f5e3b55d8f48b87276b671fecf5a46d2e772ac17db18e953cc8ae592625aea123a81cf5c90473e95696edc9dca8d93d06334b6da75c0017cb2d8e49c7bd5b834e9b6840a003ebdc54b68d2cd9521ba94024c4718e46da7c3aa8470bb782dd719f5ab9fd9b3237ca0003818ef52c7a736d05e21918fbc3353cd11a8cafa118d4fcd07058e1472d56ad3508ce15f20761839a64da51c92d1263bf1daa58ac915798cf4fe1eb59b699a5a5d4b69a844a176b9ce0e3d69c972ae0b06c0c8c122a24b508e02a10339cad4f1dbb48331a9519e722b3762ed2b8f33e3e5da727a107ad4f1cd2326c008f51bb9a2d6001774d8c9ed8fa55eb582d8461bcb191df150da468a2c65b19020001d9ea7ae6a705d486191cf6e6acc50c68bc81f31c707bd4891aede1147cdd476a9722ad6205f3481f2839ec6abcaf3c3272a08231f4ad1558dbe50c4f3ce4d35e35724951f88a90b5ccdfb71dd80381c75c55a826f323c819ee73520b28dceef2d33dcd4b1c1146429007155740a32ea5394ca0296539ce314c68998172bd6b4844b8dc50f19e83a8a42909c26c23be73de95c0c9fb215938240233c528819507cb8f5efc56a98a20c372e79c74e952048181fdde001d69f30b951970da8760db863d9b9ab305b866c01cf706acaac44ed1183ee2a7b7851082cbdbd68e61a4471d8ce117230339c8ef56a35b9817ccdc4edea054d04f182093807a719ab00460100e41acf9995ca4115fdc4870e8474fbc2ac25c4c547eef3919a5118dbb4118e2a7b7c2fcc178ed9a872d4a18b26dc7eef1c739a962b9568f6b2f7e39a412063b5c66a4daa00e0526f40b5889fca662fe58068daac08f2c377e9538194e31cd2b7cadb82f38c7147305ae57585507fab53e8054323bafdc207b7ad5d50a0fccb81f4a57b68648f0c80fb55465dc6d58ce2643c98c123b546c598e4c2a4fa62b523b78a33fba8faf0687b588ae0feb4fda225c6e65c5133363ec981dc8153ac0a182aa721b8c8a9a7d902955527033c543697e3cc0ae8ca4fad1cdd812b13c5a7a860e5074f4eb52369f1c919cc2a08e07cb53a3f98bb94714e33a4642b3f4150e4db194ffb2958e55541c743511d11e42559507a715aaa570493d7a5355c3743d0f3c50a7241caad7334787c48ac1f0771a70d001fbae037d6b41a651f2953c8fce97cc627681cfbd1cf20b2331742b94518901e7f2a99349b80328f823af35743bafca460e7ad3d1d81f9b9e3834f9e43e533d34bbbdc4f53ea0d4f0412aaec646f7dc6adee2c3a8e6954fcb8ce6939498f951565b28a63b5c37b5247a722f4cf5cf26ad346ac7d7df3479263c1dd4b984e2560bb6423f3ab31c601e7a62916052e4b1fca9d921fe507028bb6167702370c05e94050791f8e68dc71d71cf1cd1bf071cf4a4559082357f9ba63de9c210dcd03705241cd491b0d98a4dd8564304243743fd28587249da3afad4ccfc6dcf6eb446ca09e695ddae3e5434a161c2535a2040cafe42ac06e303914aac0af233ef4b9839515444bfdd209a72c4aa09db9e7ad5a5553cf5a1a356e3a51ce2e5440b0c458b80071d29fe4c67b1c9eb5388907cbfd293ca2540fd29f321599079083853f9d3becf1f73cd49f67dc739a5fb3bf0734392b0599108155b0413e98a9161451920d48b11c70697caf5279f6a5cd71d911f96818139a76cde30a2a458197a9cd3c444719a2ec2c991187240a7470386ce7f0a995370ce38a568c1c9c7d2a5c9a2bd98cf2cf734e5523eefe14f58491f32f4a72c401000efe953ccc7cac60eb839cd2e71527d9c678268dac0e3f2a7cc1cac60620f3de9f9cf4a3af434a8a07ff005a8e6484d348141271ed4a1f62e3073ed4e19246734e280ae413d7d6973059b571a119b9c53f000da7b53847f2e7b0e94a000dc1c9a577dcbe54336e0e0f7a0fcbc3019ab0b1063d39a899143f4fd29295c4e3756131c804d280a33404039e334b81cf4a65596e01518763eb4ee00c714d190d80783d68c92339a5a058511862323f0a3cae38a7e393cd213b4039a2e84d27b8d087939fca8f2fe6cd3f39c9fd29e8aa4720fe743760e58910400e6a6589412697e556c6de7b51dea5bb8c17d8e295890719cd01588c8a55f97ef1fca9002961c804d23753d69e083d0d1b8633cd000a728013f8528ce47a6691578e29c7013af39a00538c919a6eedc7a74e29323d6957839039a00527200c5265baf343039c93c9a4cf273d28014f3cd19c527e345002920f3c526e4e807e54055ddb89fcea44476e140e3bd007e028bb9e027ca38e7a0a9a3d5afa60cb24980a4127d0547e4c6e8aaa0ae73d79c8a72da9452a1780793fe7ad7e807c7dae491ddbb292b31c7ae2a517338dbb1ca827383d0d5658c938183cf1f2678fce9e172019633d7190695fb01662d52ee0c9f358e4fddce71572d75b773b09c9078c8ea2b3443955119208ebcd49186455f2d482bd4118c734ee87667476d730cb11680f2bcb64f26a6023070b8240eb5cedaddbc4e0f7e98c7635a915da3280f203dfd2804b52f907cb32229f7614ab3111ec524e4f73fe79aa90dc30c32b86dde83b7b53cce14ec3d37649ef52db4c1e8cb03693f34671d5723bd5947568c293f330c735492e43c6aa23e87279a9e19362ee638c9f4feb4ee844a55598c81881c7ca4fd6a48177ede1477200e2a2497182572a4e5463da9cafb9b84c7cd8e9c52e61db5265811d89e721bf0a1a36dd9c1c64138f4a22cafcc0f0472bfdec7a53a29a2894c4ac768180c7bd5290586c664fb8e063a9e3b5380d8c08561c7423ad3d0295e4f63b4e33c1e29ccc5554818c839e73c0fe54736a1cad84222601590803f888c0a7882020120e3aa920d3239bcc5013f119ce067e94e8a367638c1c8c600f7a6ddc9b587a226e04380319183c7bf342a9046cda33d481c0a039039886718c81c7bd3d15d816751ed81ef47309c537723dceadb492b8eb8e9f4a9c26e0c769396ce09a68546932ca4f18273d4f35298d77fc9c0e3a1c8a7cc3b6a46ce72004fa9a2018897cc21770c818a95a20dc2296fe94a21d85b7aae3278278a7742718b2054dd8fbc73f749180d52f94ac704751d7bd3fcbf2c8ddb76824e454915bc8eaacac31d5f071c76a7cd64438be84696e08191838193ebef44b1247d093d73b466ae340d18d80f04679148607740dd01e09fad0aa5c7c9a152312860258fa37391d0d4e916e426625bbe41e0d3842c873c800f423af5a962b791865472dd38e314732909435d4af25b79815402db8fddc703f2a922b60832b919e98381fafe34f08db81c052a718ed528b42622010727ae28e6d372a504c804249f2c107071f31c003f0a258db6e4a03ef52a472990a31da00f98f5fd2a40aaa70ca3d88e9d695d09c08214e8ec403fa5382b30fdea824636e3a5595851d86d50320f19a3c80763329039c0cf6c51cc83d9ab684312e242cd180be84d5cb28ed1b2665df9e187b540f182eadc7aed2791ffd6a7a2cbc857c1ebf28cf34a4eeb41c63636ec344b0bd3e642cac48f99437515a56de13d1fcb01a1da7aed2c3ad7356b2cf6ec1a3dfb81e8073ff00eaad7b3f15ddc087206dcfdd61cd73494fa33a69ba696a8ba7c29a3c8e7cd8b0b8c9284f7e9fae7f2a8e6f0569e76adbcecac0e49dbd47e34e83c50a26d8e8118f1bba8f51daa3b9d6d67c2acee02afdd3939c542f6a9ee697a2d6c3d3c0f69292cd70339c6ec60544fe10db9547e777031c922b167d5351b1ba692d67648cff000ee3d7fcfb55cd1bc7da9dab837689720004123049aa6aaef7334a9376b58b6be11bd4421e23f360938e4fb544fe1dbb57323404723202f03ae2ba6d27c5fa46a6eac64113483e6864ea0fd7a56998e068be423e71f7547dea8f6d25b9b7d5e12d8e0e4d0ef760f2e06dc149c90467f3a67f655ca30c5bbf3d8a1aef8456a508c0561c124f23f0a86e348b39587507fda342ae9ee35875d0e1a469e355dce41072a53fa9a8f6dc96df3239cff0e73f9fa575e9a05bdc4e16580075e4e531c7afeb505ef86a2f30346a70381b7bfd4557b5899ca84ada1cc342090e80a920e47614d58413b1c745e40f4ad9974304174381d831fa556974b09230427db9ff003dab48d43174da667b5bb33e6361918048a6cb08c1723236fe757cda4d10c3c2aea40c8cf6a24b6120caae3b640aaf68438ea5080727e560a00ea79a9f690f91d08e2ac0b458b05f8da7a93d79a72c4ac84fd318039a7ce98ecc8137141eaa7eee3ad49134884bee23b10473fe7a54f05aa3aef55c0ddd73cd482d6472781827d326a79c566352ec8f9805c85395dbf4e6a669e0725b6972c327776a852d9836de3e6cee3fe4d4b1da99781f8e17349b43b31ebb031dac77019427f1a9620db94e4a80d9fbdd7da905a141ba33bb900a9e0d4b1da82c490003c823b7e74b990598ff003e7743840d8e7239e29f0c321907988dc762dd38a72b85f95132deddce2ac248e234500056077641e3e952e4528ea40f670bbee543b87279a7369be58014e4f52475152b88d72776011d73d7daa7b68f76e66c6d271c03f877a9e61aa77331f4bba760e8bb97a30039fad3e2d2ae2220f92c4139faf38ad9b7b789255752011d73c66ad450c72724658f424f4349d5b21aa4db39c9ace42bba45c153cf18f5a4856246180ca473824d754fa5c570ca40040ec38a46f0fa2a108a32727939ed47b6560f61239b421d02b03f7bb0e4d2a458002afcdd4923b5744de1a8e41b8c673dc03cd4d0785a3418866c60e738cf5ed47b7889509dce6a50cc090015c719e39a50cd96209e4e73e87fc2ba497c2e36b36f00e7ef32ff00fae917c26ccff26df5c8e41a1568b1fb1a861063e5ed0013ca9faff934a0af201553939e39fa57403c332142ae54b73c91c7e951c9e1a9b1f248acca4648182297b5837b89d1a88c7b69a7565552400bd0835334d31265c7ca3dbdab513c3d786360a0103a823ad490683740091a0ce3a82703ff00af43a9041ece6ccafb4c8a361273fc27278f6a92db51bc7942a4e46d3c726b59f41754282d83004720e0d320d0b74cdb53187fe2ebf4a5cf02953a973cc7f6babdba9ff664f18ac923b15d314fcabb8f0ea7a57e7bf85e5d565f18e9c47f6a0d9a8da64451a205fdfc40751c63835fa31fb5ae86d07ecdde353e50c9d0d891bb1d181fe86bf377c3e2cd3c4b69248963b96ea225a6791b18743ce09c8f5a98c96b633ab197324cfe8f3c1a97f27ecfb72661a9736e0b19ace3b8ce00ea00e7f0af8b6df54d46d6cad019c9c584208f20a7fcb351f748f97e9db915f667c356b493f67b926852c5b36e854dbdfc90760382df4af912dadecdecadace2b98e4b8834eb43750adc79924264803aab9c0c92a0fcfc86c67bd78597ce31ab252ea7b18a5294134541ae5e2c9bc376c8dc38a9d7c593b2a8c06c1e78e47f9c54373a7293b96d9b0bd07a7a9aadfd985e4f9558600ef8f5eb5ecfeeda3cff00def435478a2458ba8e40e338cd4b6de21209900e5875ce7159e74b568c37967238008a7c3a349bb72b00390508e47bd47eed96a553637135767230d9cfd38ab51dec8d188c206e72481ce2b163d26e171838e7201f4abf650cf0801ddb6e78c0ace492d8d62df53412e5ce0a83c0e01e29cb78ae36b43d3aafad22dbbcd8c00cc3a12b8a9974eca97db9f422a1c92355ce95d0b1eaaa8b8f280da7f4ab70dfc7270b1679e73fc233541ac09cb6c3b41ea2acdbd81c0de368ebf8543e52d36cbe93c532a9641b73d0374a9d26554c85c64f61daa95b5b849049d467a678ab4a3e5dcddcf5cd66ec5a659df0b8f994038e49a70681981054646062ab310587539e38a510b071b8e08e40f5accb34e348260081d4f402ada411aa81b38ef54ace1b88c856995800301474357c47b8e49233c54c9d8d63aa1be5c521dac9c7b53a348870077e0fbd3c4193f4f6a2389b717f4e8335371a4d3248f6850303839eb4f11e4fcadd464fcd5094902fcca71ed52c71f3b48e839f7a0a1443c1657c63a53f71dbc30f6a4390401d00ef4a0204c8ea474a2d715ac3d1f60d840cb0eb4d6db22920fcd9e948558153b0939e9e94f48093f39e0f7145d0c6c9e6337121f6a700e406666231fdda9d2d86d07afad4823217014fbe0d26ec2b22a6d91be573c03d05021756254938f5357a2b6503322918e829e6dd002db09cfad4f3ab8b94a50c40636f07b1f5a9d51b1f329e0706a511a8601001c74eb52ac636e3cce69f3586958823b70cea01206726acc6a02ef1d076a36940156963c93b0f19a894aec63e30cc320f7e73529765395e9e951465973873807a54a8c339238a96ee03d7706df8fad38b9241078f4a8d5b1d5b3e946f50a4ff004a45244bbf2a18303eb522c871c60d570c3eeaf4a915d55700f3da807b12990ece073de8133e41cf27afbd466540d824d0adbb9e3f2a05664dbceedc4f02812a90493f85447a03938f7a0000673f9501a8f731b1cedcfd681146dcba2fb53002e3233d69e09e84f4a35159928c2fca9c0f6a1a3dd95703eb50ef38f98edfeb42cae73f3d004ff2aae31d3d0d3c11c00719ef557792319c7b50246ce39a00b5bf3f29eb4ee031db8aabb9cf2473daa64391bc38fa505ab58919f200c51b589276e3f0a6039cb7a9ef4e477c6d0dfa500ecd0a3721c11d3be29519c9e9c669bbb27e66cfa8a72caa0617b5024908412c393f4a787d8012a473de90392e7e438c7a53c6d6382b8a076bb11b649cfe7ed4d2db173e61ce7814fdb1c631c73d0537c956f9b34aeac310e00c907f3a5dc1b6e073de94c44800114d893049073ec69a775706383142370e2a4e08dc0f14cf2a490e491c7a0a39518cfe428ba64ea890020f0334139e7047d29aaac8776ece453b791c91427a05d8f5618c0ee2a4dc3800039a813a800741c548836e33938a895afa144a0b027914e01fad31493cb76f4a7a904e738f4a424d31d1b7771cf614e5639e690a10dc9a50ad8c91405c7231073b7f1a70704e318fad46aac5b38e29c1886e07140efd07ee3d3b7ae2a4030a0023e95109063907f2a7a95c0c834ac869ad879c8eb4a031e7146770ddd4e69cadd01183e943762ec2f4a7000370b4c0b824e7a9a783f30c1e6a007aae7e603f3a7ac609c8c0a696c8e3f9d395c2f22801c23f5c7e5479633903a5286caf2d8e69d9c720e6a5bb00d584376c73c714e584827029eac5b9a524f638a576047e49dd903bf5c54ab1aed191f40453e32a0e3bfa1a427af6a1bb808d1be385a4552a7ee7d29e9210393f866958a119ddce3a521d98d0cdb7d3d78a0862385c9ee29e88ac33bbf0a51191f2e681113a363ee1a679649e56ac185bb71ef486371d5cd34da02348c1182a79a46840271eb532e17ab67eb46e1eb45c2cc8f62f5ef48ca59702a5f3109c03f852801bb74e69011aa381dbf1a70dc0631d694e0753471c734009b39fe74a33bb814e5c37cbef4f241e3a500346fcf2294aa9fbf48073cbd29cf5a0695c55519da282b8524509d724f4143382a467f1a07ca2eddc72a71f8d18e3ee1a0100603505cfe1de8283009e9f8d2b31036a71ef4c593a91c0f4a5272739a08770c9ee73477e698f22a1f99b151c97f6d11c1907e74089c9dbf75a91e420e59bf13545b5788b9c0c9cfad56bbd5e46caaf03d734d26c97248bb71aaa2128b8241eb4d5d79e30403d7dab19eec3312a3767b8a4491cf38aae5489e6b9f8631db39209ce3d319cd4c0cc0f968b8dafc838ff0022afc76414e76eecfa54b6f0c4ac0614be707239fc6bee39d9f33c8d68525b498a6e915403f748e40ff39a8de1d8a0efe80f46e95aad09230fb813fc23f9d40fa513823b8e72b47304a994a3691400f19cb7539cf6a748f24af939e4f3cf26ac8d3371d8cc01c63e6fc6925b06e1b76377238e3f3a7744d98c8da2dbf38036f3b877153f98a1532849fef7f2feb555a19206c4c369e800618a466390c64000ed8e9eb551035216dc18c60124120e4023f2a78595df792071d3b56746ce14bac8a054b0dcc8013bce71cfa77ff0a1ee4dd5cd05ca0c31c73cae73d2ac47231002b6437a0e9edc5528aeb0ff00380769c30c1eb572d2f210a065460f5dbd3b52772924d9346e581120c0ec455ab2b8484fef11486e84af435099e248f7230f424807f1a7db2869164dd950c4f5eb4876b32c79e7ce049da3fd9a5de66930aa0a81f7871e9d691e00497790280d8e7dfdbd6a68214195425431c10a3a50528b6c690618c1c119ce3038cd1148d7015885273f280a01353989a58c29da07a03ef4e82c9ede46daa48c0239cff2a5cc1ecddf4223e6a27cbf28271d294cdb796c320c0e140c77a9e7b6562497ca9e01c75a8dec8951b14a91f2ed23afbd3e713a4d315d822925f1db838fa5356670db7a90723355de3922421f24e7e604f4a05c2ae4167fc40c631d7de8212b17ddc21670b907dbbff4ed524721382c8307200c8c563cdaaba06e4e4718c75a8d356b803736720fcc47a557bc27646e4737cfb558124f00b704fe352c439dc46548cfce78ac38efa424b16ce4f24f3f8e0d4c3549f1b55cb1007ca4607f91424d0d599b0c30570fc838183eb52c2d2c7feb187b907b73c563dbde4b7571b9410475e7dab5edf6346083c7719e39e94486a37256da080b21040e086a7c523329019b39c92549040a61321c6c41f5da4e6a48a3409b5b04938c7a7e1523e564a503e3cb6c0006dc74fc7f5a45cb8dc3ae79c9a279e21190c155b1c7a73cd36190bc6ac5861b8001e83a504b8a42823cee02e0e08207f9c7ff005aa6fbac1f1b7772173d6a263890e0e18e4e2ac4284286442c08c36474a4dd8146e0620e4c8b11c11919ee3d8d35c2a9118504ede8339356a44564f2d7b80063f0150c1179ae2567e71d8fbe29290f93518d6eea33b4f1c723a532473e511e49c85eebfad68ac61479446f527043e39a8a3811b2cd181c018029f38dd3b19ab1cca7f72fb463953c7514fb796e91bf7c00f419c7f9ff00eb5694b648cbb994ed20671d41ed8a856d19c798c4907823d451cc989c1a1b04d1845744196cf1fe7d2a45381907760e7e5eb8f5a596dd636640abc9f971d01cd2436b22b93820e08e9494912a37166667f9085c020fdee3ff00d7c5325bad85e60cdb88e4e6a7b8b689fe5da490c793c67d2ab9b43348b1e7e57ce066a94d7529c2c57bb9fcc88173bb70e49f5151db4911c8688ae09e5b9ee2aebe985d03a0da801cf3dffc8aac34c71279792a060300d919f6a6e51684a328b249251281e43b6f0382c413e9dea7b7d7f5cb18cdb457d2818181bf903d8d575d3ee03e7f8b1c1e05493dbb94f9d0f7c82d938f6fd6a2f16696932d5978c7538a60b3cfe70ce3e6fbc7f1ad5d3bc7cc2ecc772922c5b4856c80c0fb9ee3fc2b9a86cfc9e7970061707f4e6a46b4917e408c0fab7e3f8526a0c719548ad0ea63f19c76f2e1d8b4671900743d8d6e41ae5adc8f3a027cb6fbad8e71ef5e786328146e390d90077c0c55ed1aeaf219036f60871f2e7deb29d38db42e35649ea76d7f0c73c6248ae6360c720120e3fc2b98d5353115e49022a9556c6471f871515fadf3445c4842000619ab3cc52160fb3208feefeb914e11b20a8e52d8d582f2170b1a4872463073cfd6a54b77c10500ddc2e14703f0acb0c1633ba400e0b1c1ed52c573710c8238e618c124e73c74e2accdc6fb9a8b62f2caa5243d7d0f4a7cd6de5a8dcc496e8a7b0c0cd47a66b3955655d85b8c03938ed5627ba69ca94e4f01891c1fae3f1a8e6771b8c484c0a6131063d7a1e0536332a3ee00004e171c62a69212bc155033c0273de88e16918058f0474603f5a77893cad8814be0b386ea3af51eb404303718c64818fa55931796b858ce46777a50f6e1a2dcc39a39931a82624526439239e368cf34fde5b39248c00475c53a1b3d836b919619031d2a74b68ce2207185ea7bd4b92b8f95dac41e53fde44618c1e0f43528591a41b5474385278a94c0646c3fce3207cbdf93d2addb58bcb8598809d7e55c54ca76295295ca4914b27ccdcf3c9e9c54f146e836ef0481d41eb5ad0d95b7faa08a33c9e79e78a7b6976d23e0a2e41e4f4acfdadcd3d8cac642cd239f2e3ce49c7278abd68d78d00668c60b608c8fc2ad2e890eeda09183c6d3d6ac8d3618d30b2900673bbdbffd7512a89e962a306b7204baf2ff008ce7a9e79e6ac5bdd1703733104e3ef7e949369259c98c1651dc77c1e94240904eab3be33c853c52e645f2345a8e76c6d00fca704e79f5ab505e47b48dc319f9863a7e154fec79c26f209e87fcfd69f05bb670d21049e0019ed50da63499a31cf66ccaeee3683d2a70f6c5b0aa9edc74ace5b26d98132824fde02a75b162fb9f8c7be4fd2a742917e26b72a03a6413ce054d15ad96dc46a067b5518235dbc9607382474a9e350a372f5e7e62b486aef4b17e3d3a0230b6e067be06295b4c0369daa739cfca3f0aa8971344c15273caf200ab105fc818336581ede952db2d283e839f4c4524944c1e9f2f34dfeca55958ed1cf43b7daad8ba90a824f006771a921ba47631e79dc300ff002a9e6921f2c6e7967ed79a66dfd98fc7723a824786e76c940c01038e31cd7e5a68ff006f1ad24908d4728ebcc56712e4875c8191eb5fabdfb5cc866fd987e203c3112a9e13ba6764ce1711b67240e3a75e2bf2620481b54123476bc3920cb77230ce7d47bd74e1e4da773cfc5c52a9148fe907e153de1fd9e09b98ae86eb35f96eb4b8e6fe11d42f519ed5f2af87b49d3e0f1aeae96f6b60be6685e1df3a4b6864466716128cbc6fc21c01f7703181d457d35f036689bf6754921166bfe8298fb3ea8f10e17d5f3c57cf3a399878befe397ed8225d03c3e10dd4f1ccbb7ec738f9245037741927be4f435f3d41db107af6bc521f26951336f8d40c7703ad45fd8ea06e283af50b9cf4ff000ad69922ce410739fa5225aed019640c587e55ea2a92337495cca1601178504f704751d476a747a629c9f2f047380bce7fce2b4beca1c85001e38c1a23b721cac8a149e986a7ed1d815348a4d628ac7680411cee14f82c6104b1c37ae455d9223b73b8938e8a3a510924eeda369c64e3906a5cd87b38f62186045901f2768edc55948e32e1446401c1e6ad4690ca4ee04918ce4638a65c496f0a10003df39c54b932f96c367b3b658c6c5e36e481f5a8c42b136fce0e318f6a9527464dc5c63b0cd48896f2498c371d30739a43b5caa8a55885c641eb524d1ec5f31978278e00abc6289179401b3cf1515c42ac0065e9fdd145c394820843a13b8fb73cd4d1d9cc8491d0742c724fb54d6b0054dc9b800a7391d6acc49186c96f5e7d2a7987643a254c7fac5078ce2ac4321030181c7bd537053000f7e454d0a28c348873525a65d53b87239f7c53e3450373310723a9e31e955d25e9f377f5a90bf98490475e940d6a4e5a10300f39ea288f00ee1cb77e78e955d91c738f4e86828ee01e466a63b8c9d64072af8c81ce29030c1f9ff1a6c303e416271d7269ef6eca793c1e98a77498122ca863c88ce40193eb52c055941ce4fa5411c6e067774e808a722b963ee79a80272cc0021b153c5bd860739ee4d56870cbca6368e0d588dc15c07c0ec3352dd8093cc20fcc0f03bd289198f51cf506a32483ce739c119e94a0e1b007d285dc09368dc401d08c0a73b2a8da0723b915096380ace47ae053f711c9ea1bb9a4ddc099496e0af4e94a495e702a3424a939ef4a08c85038cf53480911b8ce3bf34be6946247afe751161c0a37a9e4839a0695d9379ca7ef11f4c53964c60f6cf4a8038279e7ea69cac58e40e05056891603e4e07229d952725b9a815947278fa9a5dc00dc2817313864ce3773f4a70703b7d6abc7704f04fe54fdfc6401f9d051307e7d7da9e14e383df9350232ff00177a95181518cd26d2025d98e9cff4a464f973df34d591f041618a5f30038dc3a52b496ac0531138cf3c77a511807e65fc85279bc827a0e94a26c938a3984d5c3cb1fc3cfd68db86c11cd3965539dc3e94aa236e73cd0a49828ea0b196f99874e99a902b1c2f6a06d2719e29c086e49e9da95d859085580ce01e68087a8eb4e56cb601e29c0e09c0a49b2b9341863723fcf15191301f2266a7ce7b1a51b31cb7eb54a4d0b97948f32f627f3a3f7a39c1fcea61b7b8fca823907b77a5cf60b58ae59d8e09c7a71d69cb70eb818c63bd2dc3293951835081230f419eb55f1225a64c24676396e87269c18838feb50a0283ebd69fdf2339a8b3435725498a82327e94be62139e6a2eff0037e952aaa9038e7deaae92192a10e7006297ca18c63afbd22ae1f352608c54a6c055451f787514f0133c6298a9bf9cd38c631f2fa5003a258f3953f518a9e209b4a8fa9aad0c78cfaf7a9a1620f38e6a5b60b72544ded9519c54a2d88ce07eb4d8900e41ab311c0e48a86da34b2213067f2e99a6188038ab3230dbb462a12cbd334d4ee2b21020c601a545cb638eb4e54c9c934a536fccbd4f5a77616405542f1c6280bdcf34bd453b6f1fe78a4310027a52f97dc1eb42a7f7bf9d39000c3033ef4008b1123bf5a9110f34e38da029edce294ecedd6a1b01b8279352e38e6933851cd2e704d201f18c0e4507a74a621390093f414e3900f5a0761fbf07a73eb4024af23934801c658f6a728caf268040060631ff00d7a5ff0080ff00f5a81c9e0d2aa9070a6829ab8e46dab81d4d2f23ad043af18149939c9a09e517268193de938e3ad1d3b1a0ae542f3e83a7e5499e76e0734719efedef471d79fafa50314707a0fad0091d2938cf43471c75fad1713498e183d4fd297674e7f4a671cf07de8dce1863a501656240b8e452f7e94cf338e47d6951f772452ba0b0ec9f4a39e4e3a5212a173da9a645fe1fc698c7a93dbf1a39c74a6ab0ce0d24d3220e28112647f769873bc03c7ad40f7cabf3192a03abc64e19f807d28b09c92345b1b8366a26b90ac576e3159d26b9107f94f1e98a8ee35ecae140e9e94ecc8e65dcb570fe736fdd819acbd422f29c346fbb9e79a64ba9c9329c9c542d3b1e49efdcd5463a92e49e80f23aae791f8d4466dd92cc4d3d8ab7bd34201c8039ad3444b576496d74207cec041f6ab69716f20ff56413e959e53e6dc7a7a0a7c0d81e950f71abc4fc5d23ce8fcc21467ebc718a858019c65820c85618352c31ee4285d4ee19000e833ffeaa7244642a1640f818c67a9afb24cf01c9c88a37719640013d73cd3848554ed66ce39031f2fb66ac1b72a017c124f03a54661c9db230031c914ee992ee1e62020939201ea3be686240d990370f9803d3da816c11c1040239201e714e580a8f2c81d3f87d29936652ba824dc4a2e73cf27ad5668f6b3379608c, '234124124114', NULL, '2014-06-20 16:46:05', NULL, 4, 6, 0);
INSERT INTO `users` (`uid`, `name`, `password`, `email`, `login`, `logout`, `status`, `picture`, `mobile`, `quota`, `DateCreated`, `LastUpdate`, `orgId`, `ouId`, `validity`) VALUES
(18, 'vishnu123', 'saEZ6MlWYV9nQ', 'asd@fafs.com', '2014-06-24 07:58:55', NULL, '0', NULL, '0000000000', NULL, '2014-06-24 13:28:55', NULL, 4, 6, 0),
(19, 'vishnu1234', 'saEZ6MlWYV9nQ', 'vishnu@gma.com', '2014-06-24 08:00:18', NULL, '0', NULL, '0000000000', NULL, '2014-06-24 13:30:18', NULL, 4, 6, 0),
(20, 'IIT Bombay Powai', 'saPPmoXIbs91M', 'vishnu@gmail.com', '2014-07-02 03:31:03', NULL, NULL, NULL, NULL, NULL, '0000-00-00 00:00:00', NULL, 6, 11, 0);
INSERT INTO `users` (`uid`, `name`, `password`, `email`, `login`, `logout`, `status`, `picture`, `mobile`, `quota`, `DateCreated`, `LastUpdate`, `orgId`, `ouId`, `validity`) VALUES
(21, 'vishnu', 'saEZ6MlWYV9nQ', 'vishnu@g.com', '2014-07-02 03:31:12', NULL, '1', 0xffd8ffe1869b4578696600004d4d002a00000008000a010f00020000000800000086011000020000000a0000008e011200030000000100060000011a00050000000100000098011b000500000001000000a00128000300000001000200000131000200000014000000a80132000200000032000000bc0213000300000001000100008769000400000001000000ee0000027e53414d53554e470047542d5335353730000000000048000000010000004800000001533535373044444b413700000000000000000000323031313a30353a30382031313a32333a3332000000000000000000000000000000000000000000000000000000000000000014829a000500000001000001e4829d000500000001000001ec8822000300000001000200008827000300000001019000009000000700000004303232309003000200000032000001f4900400020000003200000226910100070000000401020300920700030000000100020000920a00050000000100000258a00000070000000430313030a00100030000000100010000a00200040000000100000800a00300040000000100000600a00500040000000100000260a40300030000000100000000a40600030000000100000000a40800030000000100000000a40900030000000100000000a40a0003000000010000000000000000000000010000000a0000008200000032323031313a30353a30382031313a32333a333200000000000000000000000000000000000000000000000000000000000000323031313a30353a30382031313a32333a33320000000000000000000000000000000000000000000000000000000000000000000116000000640002000100020000000452393800000200070000000430313030000000000007010300030000000100060000011200030000000100060000011a000500000001000002d8011b000500000001000002e00128000300000001000200000201000400000001000002e80202000400000001000083ab0000000000000048000000010000004800000001ffd8ffdb0084000302020302020303030304030304050805050404050a070706080c0a0c0c0b0a0b0b0d0e12100d0e110e0b0b1016101113141515150c0f1718161418121415140103040405040509050509140d0b0d1414141414141414141414141414141414141414141414141414141414141414141414141414141414141414141414141414ffc00011080180020003012200021101031101ffc401a20000010501010101010100000000000000000102030405060708090a0b100002010303020403050504040000017d01020300041105122131410613516107227114328191a1082342b1c11552d1f02433627282090a161718191a25262728292a3435363738393a434445464748494a535455565758595a636465666768696a737475767778797a838485868788898a92939495969798999aa2a3a4a5a6a7a8a9aab2b3b4b5b6b7b8b9bac2c3c4c5c6c7c8c9cad2d3d4d5d6d7d8d9dae1e2e3e4e5e6e7e8e9eaf1f2f3f4f5f6f7f8f9fa0100030101010101010101010000000000000102030405060708090a0b1100020102040403040705040400010277000102031104052131061241510761711322328108144291a1b1c109233352f0156272d10a162434e125f11718191a262728292a35363738393a434445464748494a535455565758595a636465666768696a737475767778797a82838485868788898a92939495969798999aa2a3a4a5a6a7a8a9aab2b3b4b5b6b7b8b9bac2c3c4c5c6c7c8c9cad2d3d4d5d6d7d8d9dae2e3e4e5e6e7e8e9eaf2f3f4f5f6f7f8f9faffda000c03010002110311003f00faf892734d38c1f7ed4d5238c9a7673f4af16e8ee77b899278a4279f5a51cfb66931d8d4364ec18c1f71c53bf5f5a4c7d68c718c63de987a0e1c5292476a60e0fb538e4d3bdd0ae3718ef47f3a5c71fad260a8c606290b51a4f19ef40c9e41a0e2909dad4f615ee397bd309fd686638c1a683c6339a2c3bf714b76c5349c819a4ea7f9fbd37a038a94c1dd0eddc71481b81eb4d0463df34b8fcbd4517ea176079c1c628638c1cfd691c018a693dcfe54ee03988239e6a32c40e9c52904e0018a601827d0fad3b3bea4b637cced485b775e3148e41e71f976a606f4cf342d04d363d98914d2dc7b546ed91f4a89d87afe14efa8598f6929864ce07a546d27ca2a3694918e334c7aa2669028e339a8fccc9c1eb5019381e951b3e7d73487e84e64c1c0a6f9bc64d546980ea7bfad21979e3b527202df99939ede94ef301c552121c1eb4a25c60fa8a6a43b973cdc0c51bf24f393550499e69c24c7d3d68ba02cab7be7eb4fde33cf6ed55d5f9e29c1c8e684c772d2b8e734e1274fe955d2514ec8e71cfb55211387f9463a9a038607fc6a10d834a1b8cd02d6c4bbb8c8a5de3819c7b5421b9e29e3d719cfad01a93018ed4ef4ef51af7e69dbb1d051707b0f233f5f5a4038e4e297773f5a3afe345c9bb1bf2aa824fe74eedd38a31834839346a82e2b1e38a6e39182314b838ef8fd293b0f6aa01a7a0e295338fbd416fc4d206dc38e0d242f46381cf4ea2941240ed8ed48b9eb4e193dbf2a3aea3b8a18107dfbd2eee7eb4dc9fc3f9528ed4c576b41c76fd30298c491c60529e568e580e2915cdd0612c00c007bd213f4a763f95308e0fe748428e9926973f38c67d29858fbd2ae38f5c552f2293b9b6a7918a5ce38e4e6a20727b5383fcb8ac5f63464a093d3a529e45355b8c9c03e829db88f6fa54fa806297ae3a9c8a6eefd7bd3b70cd5c5a131ac0fd281c7b8f5a09e452e7a7a53690903f00d332c7033c0a77078ce6908ee3a7b52b0ae86f6a6927f0f5a56e838a6f2071cd0958423673fd29a300771e98a771f8fbd21c632067d287aea2421e0fb1a0b67f0a6b0e3b7d693b648fcaa7d4ad6e2e4526703a63da80c3af029a727a7068d500a5f713d69319ff114b8c7ff005e98c700e39a648a783c76150348771edf5a247744ed8ed5584c7ae0fd6a977064aee077fc6a3dd9c54324ca7d8fa54124c00c67afa75a45165e5c023938a89a503be3daab99f07d3f0a8da4e0e4fd0d30f22579307ad42d3f7155de6dd9f4a84cc054f30169a4c9c679c542f2e077fc2ab99cf3d00fad4524a1475fad4efa8164480e0fe340931df354bce183419c3630734d022ef9e3bf6f4a16539f7aa0d719ef42dc67f8a8d50b734449ea7f01520979c7e86b3bcee314ab3f24d17b15e468f9b8ef4f13678ef59cb371c9a9166e4517b215b5d0d112743dea4597df19aa027fc7d6a45941355cc162eefce31dfbd3d48c55557dc319c915287c9c76ab4c09c3607b53e3718c75f6150061d7ad3958018a649641c9f6f4a7eef43cd408c3b1e69f9c9a1ec1a9329ddfe14f1c0f5a8781d33f9d3b3c629923c3f4cd1900726a3cfa71407e327a9a01126781e9d69a4e7e87b5373c7a77a17ae453b8ec2a8cd00e7dbde80307dcd03a7614982438a9e9eb4751dc0f4a4ce7f0a300f5edd08a62dd8e031f8f4a77e3834c1df934a5b0704d310ee48e99fa51bbb1e00a6eece31c7b52670d48760e3396ce33d2918e41ebc7a5048c8e723d0d373b4139fca9008c7814b19e467b9ec69ad82727b5098c6471f5aa5abb9491b18f4fd697a91c1148060e39a70e4fff005eb9a4b53663d49c528ebcfe54c1c714f278a565b315bb0e1c0c76347a7a6690671c7ffaa9c0e31fcaa92010f2723a520e98a71048ff0038a00e94c913a0c521e471d3bd2b1c8c8e9412463b51a086914c3c63fa548171cf34d3f4db4fa088b04af3430c7205388cd34af6e99a40d58695c67b7bd3472297af7fca9b92297401719fe949e9fce9b9cf5a012314862e79fd29add7fad35e4d9e98aa93ea2a0b05c9f71d2ad2ec4e824f210c0547b4b0e58afd2b1b52d6c42df367f0e7f9566bf8dac53e469240fe810d03f4353529648b946dc074a82df5118c3f1fe358f7fe258a58772380beac715e79e2cf8aba2f864137d7f1b3f38891c927f0009a4b5b8ee7acddea712293b81f60726b29bc4568809694281d771e95e0f2fc786be577b4454b719dbbe19327f138af3af1b7ed0572d049023440f4f95703f9d69ecdb2798fa7355f8b9e1ed2d8c6da8c6d27755e6b1d7e37e8124a145f5bee3fc3bf27f415f057883c777bab125e5629e8a4d61a78be6872a3001f435b470f75ae84f39fa65a678d34fd5c0f22ea2727b2b64d6a3dd061c1afcbfb7f1dea303a496fa8de40e3a149981fcf35e91e0afda83c4fe1d9923beb86d42d01f9849cbe3d8d0f0ed6c2e6b9f7a0b9073d38a88dd60f078af37f87df1634df1f69e93db4b8723e6527a1f7aed0dc02010703b735caee9dba9a455cd44badc707d2a45b8e9b6b245ce39f6a963b818e0e6a5ee52d0d559f3edcf5a789b24d67a4d920d4ab282460d52132f79bcf5fad489210a39fc6b3d25c753d7daa65979c7538fca925b85cd04989fe2fa54e8e49c567c520e3271f5a956700e4734addc7746a2373fd2a457c739c7b567473e7049ab31be3b834d790997924c91daa5c8cfb7ae6a92c9c706a78db20638f7ad13b6822cab1279e6a546c7ad56573e9f954a1f0466981601c75e695493f4a8b7e7bd395b273c555b50d4947e74601c63f0a682013de9c9f5e68b5b426e2f427bfbd0a3b8a42c01e3d28407d7068dc071071cf34719e9cd20c67f0cd28fbc4f4a7700238e727dc50a33900fe340e0f1ce6973d7a8e29d8910fcbdbf2a53807fc2937e001fca9091cd030660171dc52138fa8a1813da987af7268621d9c9c77a4fa678ec6915b273403ce78ef9a2c170233df9a0101b8e3da93702400719a72afe34e37b9764cd4dd839029c189fca9a3a63914e1f375e0d7248d7a922b763826947a5338fc69cbcf078a91d8915b1f4c53f7035167f0a729157e4224ddc9ed41269bd4d2e4f1d7e954c4205e7dfad039a419eb498e3db14d6840a71cff002a6b739fd2971c734de077e4d1a8ac34f238a681ef4e23824707d2a361c75fc2a46d5b510b0c1e951923b52b9c1e066a366c67238f6a7b887e377423350caccbdc03407da31dab07c4de2cd37c3368d717d702355078ee7e9480b57f38b680c9249851c966e057897c48fda5f43f08492595a23ea77c38f2ad864293d326bc8be3b7ed477978d2e9ba35bfd9edf9064924cb1ff808ff001af97753f16dfde79826bc70589c84e3ad74c28392139db43e82d73f69bd6f50b9666b258533fead0ee61f9e299a5fed2f2adcc70dd59ce88fc64a8c8fd6be57bcd5e7562c92b2fae0f26abffc24f7e8b833b6d1cfcc49fd6b5f60ad62798fb4f5af8c56771a61922bd8ceee426ef9ba7a76af1f4f187f686b724afe50249fbdf31fe55e0c7c5138e8fb49e700f153da78b644b8126429f5cd254522b9b43e82f12f8ae05b3da566248ebdb3edcd78c6b37df68b9662582fd6a2d57c62b756b8c9dd8ebbb35ce26a1e63e3ef64faf4ada9c39119b66a999655217e61eb542789f79c291ef522b4e46770514c96e18024b039ed5b88acd74f08c76f7353dbdf865ce413ef55c5c27f101d3ad46f126e1b78f6a4c0f46f871f116efc15ac453c6c45bb1fde283f4e6beddf00f8fecfc5da4c33c332b96504f3cfe35f9c114cd1be481835ec3f01fe221f0e6ba96b2499b794e064e36d7355a7ccaeb72933eed5b9cfa1ab11cdc0c9cd735a56ae97f6d1ca8410c3ad69a5d0e003cd79ed235d8db49b918a9d6520641f6ac78a7c1eb9c55c8a50cbd2a6d72b43443f1dc54be6e39cd52597181d335223d302d8939eb4f598e3d4d540f8fad481f0318a5a822fc538f4c55949fa74c564a3ee3dc7153c727cbea29ee2f236a293deac46fef5930cbc63afbd5b8e5145f40b1a71cd9fa54dbf3deb3d1ba60d4e8dd31d2b44f417a968373d6a653c0e6aaefc0a915ff115a12580cc718c5488781cd560c31ed522b64834edd4099b8a77d3afad460e79ebef4fcf3e9536b0c5ce187bd2e57b703d29831838a527278e4feb4c91e7818e8693eef5a42738cf3480f5e0134ede409d871c73cfe34dea4d2afcc0f18a43d33c5316a2127b714d0c73db9a538ce7f5a4c0c63046681af313bf7fad2b7aff005a69c82003464150051615d76061dc0c91de9c1b9e7bd373d3e942f07039c9a12772d335cfca4704f14e008e69b8248ef4b8ef9c7bd724b5366f5b8b9ce3a8e94f048a6a918e69c13774eb49ea24386053c1e9da99c6319ed4b8208f5a6b401e0f4fce9c1b0302980e0e4d1b8fff005cd5ec4dc7668ce7b526ea523229dfb008724d211cf0334e3f2ad358e0f345bb9234e0e3f9544d924f1521ce2984f1cf19ef406e46c33ed55e6dcab95c6077a9e46d9cf1599a8dfcd040cfb155073966a2d7d0450d7fc409a369f24ceeaa5413b9ba0af8bbe33fc589350beb9092198af1bba815ea9f1a3c732dc97b27984519fbc138c0f6e726be53f889e29d26dedde0b48b7cc7ef4d2364e7dab7a70bb25cac79feb5a99bf9e4966773231cf26b979e50ae4e79cf1934ebcd4a49642002c4f245664a7603e6c811bfba9c9af49249188db99a3dc4b1e3d05673c8a7909bbeb524b30ea809238cb1cd5391e573d690c49190823073ed510901e33cd3595df93cfd2a3da15b39c50068c0c5946fc053dcd5d8dd14622504fa83d6b252666c03c8e99ab314912103254d006aacb28c2e78a8ae2461d467231d696398803e6045432cd93fe14c444d2fcb9e86a3f3b69e4fd686618239c7a5356307919c01dea4a2713eff006f6ab10c8f136f8df057a367a5679539e9f8d4a936063a51e81ea7b27c2ef8f5ab784eea2b5bd9e4b9d3c9190fcb2fe75f5f784fc6367e25d3e2bab5983ef504e3bd7e7189588f415ecff007e244ba1eac9a6dccc44121f9093dfd2b9aa534d5d6e5267db90dd0e39e957edeec62b90d37525b9812446f9586739ad7b7bbe9ce735e7dd9a9d1c73e7ffd753acdef9ac6826240e40ab9149c673f8d3b6856c69a4bed934f5978ef5411b38e6ac46e481cd4fa017564efd4f4a9227fceaa83d3a5481f038e6924afa83f234a37f9460d5a85f03d6b2a2909f6ab914bd3939ab4ee49a51c98033cd598e5c0ebcf5acd5973df06ac238e28b3e8334524e3e9522b8038eb5491f8153a3702ad12d9711f07f4a951b1f4aaa8c7bd4aaddf8ad3a08b20d3fb609cfbd40afc8a7e429cf23df3490344a7a0fe74676f19a61ce3ad267773da98bc8973d81c014bf7ba9fc45440e475e6943edcd5087eeda31499c71da909ee69a5b8ec7d28b0c716edd29acd9f71499c7f8d01b9ef4ac170e4f078c527ddefc1e94127d7f2a3273e98f5a7617a0a70684c7be69074ce719a518041e38ab51b0efa9adbb3df069f91dfb543d5bd3dc53d48cfad79d2b9d2edd0941c67b8a5dc6a30d9c0c53f3dfa9e94bd45e83bb529cb741c9e94ddd93c7e742fd6ac18fced039a0311d80cf148c78f6a4ea066abd043d5f34e0dc545924707229436720714ef616e4858fe34d2df8e2909e94de476e3bd048b9c9c62908e0e4f1e949fd69ac72a7bfbd20b993acebb69a3dbbcf7932c10c7c924d7ce9f133f6a5d3a286e6d74343330caf9ae085cfb1c60d765fb4259897449834cf1c7e592483ed5f9f3e2ed413cd315aa48a3382cd92735ad28a93b1126fa1ade39f89577ad5ecf2cf219a56279cf1fcebcc2f6e26ba98c92676e78cf7ad12aaa9be41963d73dea85d5d8909d8aa00af4e10e5464ddca2d0b48a7a469d33eb54258a35242ae47bf35a4c4c83a6ef73d2abbc786c9e7e95a12654901079207b62a17db1124f5ec00abf2baa8619acab9b844270373540c8a7919b851b57b62a0d98fafad217794fa0a9914b210076f4a6308864e3f9d6843a709c631838aa9141c86ea6b4ada3746cefc63b53b0889f4cb987953b971d8d445a41f79083eb5a526a09b700367d6a9cb3a375e9eb8a34114d9d98e323069a24db9c903da9f36c3ed8aaaceb9ef4b72ac583f3f3bbf0a682573506f20fca6a4590f4e94580b50b377271ef57ecae26b2b949a2c0752181cf4359693956c9c62ad4721c020814867da7f05bc6c75fd060f31bf78abb78e718af58b29f2782319af88fe0ef8f9bc33acc56f24a443330e32700d7d8da1ea2b79671cb1b70c06315e6568f2bf2358f73adb79c3e39e2afc5264e33d7a561dbcc0367b8ec6b4e17da39ebc567629346aa3100715691f9ebd3d2b3a394e7afe556237c9152517d58f029e84823b0355165e71dea557c9fa7bd4ee05d49318ab092f4e6b3d5f2306a485c86c75f7aadb627d4d5473c66ac472648c566c720ec4f156617238eb9a61d0d38e438a9d1c0acf85c0f61e956564e3814ef62517d1f38cd4d9eb54a3970473d2a757279cf26ad311715b8a901cf18aac1f81fcea45971dff00135a2b581931385c74a4f4f4f6a66ec74e6807d78aad05a928e33ed46768eb51823eb4aadd4d34ac268937f4e948dc76e699924e682d9e0520b0ecf6e690f14ddf49bce3d0d3b21926ec9e0f1467760678a8f7668ddf5cfb51b8bc89093826853cf5e31c547b893d852a9c10284afb0d5ae6b8c919ef4f56008a84820839a729cb7a570cd763a2f67a9383b7b528e31daa20f814ece4f5fc2a350df6241d7a714e2c06314c076e30314b9e700d5256402f27da94f0071f8d3430271e94bdeac913e94ee72063e94dc60f1c53ba7d68b215f41d9e79a5073519ea39a379c601fc6985ec3c9e7181f854571208a32c7a0a52df28c026b1bc4baaa697a64d34bb55429ea7341373e6afda97e24b6976125a4063129ca02c327dfad7c33abea66595c962ce4e7ad7aefed25e3a3e20f14c96c8e3c987248518c9af0d68c9932467be715e8d18595cc5f62362f700e4e7d8556b8922849dd2066ec8bd334b7b7195219b6fb0ac979162cf96096f535d4417deec28cb703d01aa125e9946d5c9f61c5575865bc9305be5f4157a1d3d204ec33d4d0067c99db82405f4154a58f731232c7d2b46f01c919e9d2aaec2132454bd0656d8a980054d6eccb81d47d291232e7a0ebdab5b4fb40f8cfe940d21b6f6e8dcb2f18ab9f6153931b0191d2aeae9ea23ce3dea9dc4860edb684d072b33eead190120038ef9acf6428d9da188ad096e81e38fa554926ddd7a7b5009151dcb70c0531a1df93b7f2ab2046bc9cb530b86ed8a43b15826cff0a954924f00d0db493853edc50d955ebcfa55124a23cf51d7d2801a3c60715555df239fcaad44cedc1ce0521dcb16d70f0ca922e4321041fa57d95f04bc62bad6830a34aa6455031e8457c5eefb4e739aed3e19f8e2e7c2fad42cb23081d8075cf158d48732293b1f7c5b4f8e7d7d6b461ba63dc5719e16d79359d36099086dc0648fa574d6cd86af29a3a1591bb6f290473576194f5fcb15936eff0028cfd33575240075c7b52b8fa1a89212064e4d4b1bfe154627cfbfe35651ba63835422dabf4ed52a37d455456e3d73522cb819fd68b202f452e0e33c55b8e4e077aca127cdfe156a29718c74a7a5c934d2407b9cd5c865c6073835931c9ce47e556e3978eb568934958e060d4e24f5ace8a6ce01ee7a55957cf434d2b899755f383ce2a6593f1aa0af8e952a3f4c55a24bfe6e6937ff009f4aacae7675ebc669ead81d6ab561d49c37e14bbf9e0f1d2a10dc018cd04e0d3f415ec4fe671d69371207a557df8e47e94d137181c7d68b8169881819a40d9e3155bcfe83f5a4370339ee69decb50bdcb65b9f4a4dc01cd54f3f07d4d2094e0738a972bec05d3283d3f2a54932463a553f37683e9ed4e597207229c6f7dca4d6c7420f1e98ed42b63a75a6743e9401c9cf4eb5c6f56743b93a1c8e69c09e31dfad44a7039c8f6a915b201cf3537b13a8f073c73ed9a5dd81cf4f4a4c71c9a6ff2a76761f52450307b528639e29887d69474e39a10f71e38ee0d04e01c77eb4c1c8f5a72903355b93b0a063349d7da8dd941cd031df8cd17159303fd2bc13f695f8a965e0df0f4f12e669c8d8101c65bb0af74bd7f2ad65719f9549afcecfdb0f5d95f5db4832769666e7d6aa2939244bd8f00f11eb72ea1a84b733b6e9a562cc73eb58d35f6d424b1245453379b9efdeaa4f9276e781c9af59688c372b5c4c6690b745ce39a80379b201d07a53e7e30a38ebcd57b788bccbd48aa11b96a890c4a23ea4d3a4ce37022ab799e4283d80ef4c33ef5fbc71dc66a84412a65f24640e700f355a75dd918e2a796ec16c01c7bd3e180c8c31f35034436d6b8209071deb6eced7e5521b1f855748360e9c9abf6a8548c0e6a5bb1718b7b176080e3970077cd4b3e8d1dc29d8a19aa5b5cef0ad803a715a50db3a056881e3b5735476d51dd462e5a3388d4fc3d35be5d57f4ed5cf4f0c91310c30071d2bd66e22f3d36bc44b63a62b98d5f41de59845b57d71510aeb665d4c2bb5e270bbf1c63f1a55727d07bd68de692d103819fad663a18db0c31eb5d4a499e7b84a3b9346467925a92e8827e4e3f5a8449b72a0f146ec724d5103543039ab51ccc3031f8557c96c1038f5abfa4c3e7dec6a4819343d071577635b4cf07df6b119915a18531d667da4d53bed16ef45b8db2ae40e8ca78af61d134288e9f1961b86d154b5ad063bc85a2da0951904ff2af2beb7efdba1ef2cb53a5ccb73d17e0178e62bfd3d2ce690899005c1af7eb3941c104f35f0e7816eae3c2de3481006f2a53b4ae7f2afb4341b8fb4d9453139cae7029d45697bbb33c9b72dd4b73a8826e957a293774e7eb58d049ea73f4ad18186062b1b0cd38a4c63b55a47c8ff0acd89f9e9f8935691f906840cbd1c871d3352a9ce3d3daaa2b8c54c920c8e066827a16473824e48a991fd0f3f5aa6ae5854d1b1f4ed4f44172fc526075ab51cb8e83ad66ab608ed56125e7ae41e2b4d0cde86a2498e6a78e5040cf359b149c0c7156164e7d87a55ad82e682bf02a4572466a92483f1a7893b67ad55882fac9ef528938ebcf6c56779d83d69df68edf8d0901a225c81cf4ed4d698377aa3f691dce69ad3e3be7e9431978cd8efd29be60e706a8b5c9a6b5c73ed4ec32f19fa1f4a8c4a46483cfb55369f078e94df3f9e38a4e21b978c9c8efef41b8c0eb59e2e01c760297ed391eb4ac2343cd181db8a7a4f8f5fc2b2ccff95392e3b2e29a5660b5d4ef01cf51f850060e3a1a4c0040ce2973eb8fc2b924753b3d89158f434edfe94c1d391487eef5c7d296a2e84bbf04f7f6a777a8c1e0629d9c77e296b6d41790ece7bf5ed4aa76f6eb499c0c81f852f1de92f32af6d801fc714aaa79ec29777cb4808071f955a27a8f438073d3f95381e87daa327238c67da94738ce7f0aab93621b88bcd85d7b10462be13fdb0fc057570897d6f0163049962abd54d7de25b00d79a7c54f09278934e990ed1953ce334e32516989ab9f93d3a7d9d0ae391ebeb5973375250003d6bd6be32f80e3f05eb4f1c536e5909223c74af24bb611b7a93c57ab0929ab983d342ac8dbc0ce01ce31562dc794338aaf1aee6c95c91d315665c22e0fe46b544586ccc09f6150b4801c718e838a63cc36301d3da9902190f39c54b2d0e2373700715a1699dbc7ad4221c72a071c55cb1879eb9a96f42e2aecb0b0963d7ea0568da43d3fbb8a64301dcbc6001c8ad1b387a0e0f7c62b9673be87a34e912183cb50e31f956969d720811b3f3fc3ef425b82a32bc1ec4545f63646fdd8e9c8c563cdd19d5ecdaf791b2b0f98032f27d2a3b9b069f20f191d0d45a7dccf1b80ebc56e0b633a6e207af5af3ea45c5dd1e95292946cce0f55f0fb72c89926b99baf0a5d5c06c43b4ff3af60165bc60818ef48fa4a1e8304f7aa8e21c3733a9858d4d8f03bdd0a7b363ba3231ed59de5e0f3c63d6bdfb52f0f453c2c2450c0fb735e75e21f05b5bbb3c31922bd0a38a53d247935f0328ae681c38191c903df35abe1a461a8211f37354ee6c1e06c32edfad6c787a1f2dc317dbf4aed934e2cf3a9a6a6ae7b3e897a12d11652aaa07ad4b7f6d1c83cd824ef9e3bd70d6d6d3bb064998e3b1ad8b196e12531b02011debe6e745733699f6d4eabe45746278a1ffb3b5886e0100a48adc76afab3e1ceaa353d0207520e541e4d7cb1f10203f67571ce501cfbd7b67ecf7ac8bcd0234770595718af4925ec95cf97c5ff00199ee1031e31d7bd5f864c7a71deb2a07c1e0e055b8e5380074ac7cee72ec6aa4dd3af4ab31cbe87a76cd66c249e73815691fa738a77b0cd18db8cff00335695c639acf8a4c1f6f5ab51b0e0ff005ab46774f62da91522bf18aac1f2054aad8c73c7a53b08b2093df8a9637db8cd54597de97cdf7c9142427a9a493607242e6a51385e8722b284c48eb8a7f9df8fb9ab5b89ec6b8b9e3af5ef4f171c673cd638b8c2f5c7d69e2eb2300f26ad211abf6838383c521b8c2d651ba2338c0c7bd21bb04e33f8d696ee41a9f69c724d39aec200324fa62b205d608e460521bac77a9e5d0ad8d2fb780318a5fb5f7045651bca635ce4fb114811aff693db19c535ae0a9ebc74eb5946e7e51827f1a635e1cf6cf51cd006a1be287a703de9a2ff0079ebcd6416320cbb100f6cf5a9222b0f2b8515367b0ee6c7da78c67a53d2e707ae6b244fc738c8a78b83c64d38a77d41791ec3907d28078e07e34118ed49c81c735cf2d59d16b0edd81c723de9d9a8f27a0e29a412475acecd06e4c0f3c0e4d3c71daa319c528271c8a63250dcd29e9518c8079cd00938c9145b402424e322933480edff000a4cf1de9ad44d0a1ba8c77ed4e0dd47b537382280a07346a1657242c0fbd735e2f9a383489d9dd5060f535d276f6ae0be27a3268b31047438e3346889bd8fce4fda535b86efc6b2c30b890463e720e79ff3fcebc4cabc8f961c7a915e97f1855ee7c617cedd779c10315e7b710b74c718af569af71183dcafe788300018f5c5413bb39240cff3a77964124f39fe54c93a81d0e7a56a4ee4051b1fcf157aca1246477ee6a18a33c71dfa569da42db338c1a86cda31256802c7cf5c74a4b03f311db35652de4989e3b714e861314a140c1cd4737437516ec68247b8f43bab674bb3692546c1db556d6d8c8caa14fe55dd7877422f8661cd79b39a89ed53a72974b90d8e8c66501413c76abe7471044090063be2ba35b78b4e8f2eca33dba571be26f14c306638a41bbb6d35cca729bb23a6518c15e455d4aebeca4f9516e3d08c554b59f51bc6e3cc8d7db03359b05eddde3993736ccf4e2b486ad1d8c7f3b02dee6b693e5566aecca11e77cd7b2376dac248a30cf29638c726ad26d03ae481d2b8f93c56663b50e40f4ab561aab4b20cbf5ed5c72a5396b23b54e1b2773ae16be68e4e47bd676a3a5899194f4edc568e9ee64883126a690160476f5ae6d69c8db49a3cabc43e188f0cc10863df1deb9bb2d3de29c0d8cc3a57ae6ab65e69c11c75ae68d92c53e4a8c679af5a9576d599e457c3479b991a5a369d07d916465dade95b1069df6c2cf1438d831b87eb55044c6c818402c400056e7875e2b1b72b7332bbbf5415c5297de7a51b28a471de32d34dce9adc642a91c5761fb385b49fd9c4efda14918db5a1e2ad3ade5f0e4b22460120f5fa7155ff0067cbe1e5cb6c08dcaecb5d74a6e74da3c5c7c573267bcdbe703e6e7d715723906d1cf355150f1fe45598d0e06684d1e597a16230324fd2adc4307d47b551849503b9e956125da71dea959917691a31103927f5ab08e3191d3f95674721ea00e38ab0926318abd89b97d0e47b9f5a941e473d2a8a4f97c0e2a6494b8ce091ef4d2b9372ceec0148ce38e79a84c8368a6ef2579c7b56a9584ddc9bcd2a460fe74be711d4d5192511824b6d1eb9acdbdf1569b607f7b77183fdd53963f80ad2317722e741f6838ebde945c162467a572f1eb9a9ea814e93a2dcde827977fddaff00e3d5b96de18f14ea11065862b0627aca43fe82b654a4f525c9772face4f1c9cd3659bc85cc9fbb51ddf8a20f0178864ff5fe22487dad6d76ff00334dd47e0ddbebd194d4754bdba27b92a39fc8d6ca83eac875115c6a76ee72b3c647fbc3ad588d26b8e624771fec8cd61ea3fb37e8d1a0105fdfdbbf675756fe9598bf05b5fd172da5789e4c0fbab22104fe2091fa51ec3cc3da2dceb2767b7e245641fed0c5312e94e327835c86a51fc40d2e068efece3d56d17389213f38f7ff0022b93b4f8890e8d78f1dfb5cc2bd764b1925697b17d06a47ae7da8703764d20b800f5071eb585a36a56fafdba4f617314eadc81b829fd6b4a4b0bd8d72606da7baf3fcab9dc5df634b967ed1938fca9c27208e463d4d656f65386c823a83da9ff69dcbc0ebc706b2d56e51a427c77cd489374e6b244d83d7af4a9d2e7e55c77f4e6a926f712dcfa3af6c9a324af427ad523918e31f4ae899048306b36eec8a1c8e4573548d9e8742977280ebc668cf3c714b8c7a8a43d3a81598c72f2304fe34b9c0f7a8d4fa53f3d79a4521e3eee4d2a8ebfd69bdb8ed4ab40fa0bcff004cd3fa76a6924f614a327bd04214807dfda90315ec0fb6697b8cd185249cd0300188c640ac0f17e8e9a8e972a637b11deb7f763a77a6ccbb93a645023f333f68cf87977a1f8867beda0412718f7af03ba8f6b10471eb5fa61f1e3c1fff00090e917318b48d964054315fba71d6bf3e7c61a1369fabdcdbf93e4b46c50af6e3bd7750a975666728db5387c8f9b3ff00eaa81a3ddf3003ad59bb89964039c74e94df957b8031d2bb2f733b7408631b4741935b16519e0953f5aa366aae7851f4adab6da9c13cfa5633d353aa92bbd4b420582267c73469961f6bb804afb9029f024b79288a252532335e83e16f05ef552410c7ab1fe55c739f22d4f56952f68eeb60f0cf85de42ac13a72335e836da5ae9b6bbe40000bf4ad0d374a8b48b71b89e38e95cc78d3c42c90490444818c579126e4cf692518e88e1fe20f8b8465e28dbe7e98f4f5ae0b4e8c5cceb2dc9dedd71526bb134933cd2e59b3eb59da6de04b9dd27ca8a7935eb52828c37d4f16b4dca69cb63b24b5b99e3c44a2388fa0aaf3e8c85b6b66798ff0008e4d676a3e3f58a3486da103b6e62457a1f80b5bd0e6d30497318172fd091dea95197c4f626588836a11d59c21d1ee51d434620527a28e6ba8d03c3d192a70646a4d62ed2eefc98546338000fd6bb7f04e8bbd12493a9ac26eeb43b69c797724b5d15e28c7eec80077aaf776a50648c1f415decb6a890fca01f5c724572faac3fec9f4af26b68ecb53be93b9c7de6ec11819cd651b0f39b39c73dc56fdf46149e9f8d5285846554a807eb5ac257429257d475a5aac506d258e3b62afe852592de7ef557767ab7ad44180191c8238158faa59310644628c3b8a4bde7a8be1475bf11bc436761e1d64df1862bc006bcebe047894dbf88a589578964dd9f4ae0fc6f05f349ba49649107624e2b63e05dbdd4fe2e8cc1196031bb8af5e85151a5277dcf9dc756e79a8a5648fb6e0904b12903191dea55dcdc6714cb48cadaa03f7801520c85ea00f5ae74acce2b93210bcf6a9049804f4aa4d2f23b8f5a54940e4f1f4aa5aec67b1a29363bf6ec6a78a519fafbd644d7d0da44659e4486251f79ce00ae5aebe34785ec656433dd5c95e336b6e483f42702ba2149cb6443958f488e718e31c7ad4d1ccd29da837b1fe10326bcd2c7e3969336e6d3fc39a86a5b7f8ae268e25fcb26ab8fda3b5917423b1f0ee9f629bb69692e3cd2bf5000aec861bbb32737d11eb06cf52988582c64e7f8a42117fc7f4ab90780f57d497371aac162a7f8604dcc3f16ff000af9dfc75fb417890c19875cb7b66c9568ad11411f9e4d7995b7c5fd7eef56827b9d4b51d4555f3e4b4ec15bf02715d91c3c22ae66e53d99f695f7817c3ba35b99b59d6eeee157af9d73b57fef95c562e8ff0011be1d69d7220d2e2333e33e6a5ab631ebbd80af19d67c47e27d734154b4d312df20150b399a439ff6401fd6babf859f022e357d3a39fc490dd421f9f25e62063d302b451d344128c63f148f42f157ed09a4f87fca834ed327d56f642025b5bb0673f80cd6fe91e2df1af88ec966b5f0bc1a5c4dc83a85ce1b1feea835b1e1af05685e19844361a55bc1b7fe5a0886e3f8d7516ea247d9bbe82b48c5a5a9849c6feea39bb5b6d76438b8bdb5b76ee2de127f527fa5745a6f87de6c19754b866ff6760fe94970f1d8cbfbdc6df738acdd43c73a1690e1e7d46dad0ffd359957f99aad09d4dad43c3f3c5f72fa6753c7ef1548fd00acf934cbe5c80f1483d48da6a59fe25e8434df39b52b768c2e7787c8c7e158da0fc60f0b6b337916dacda4b27f716419fcaa7dd2b95f534fcb9122225b6707b94f98571be23f04e8de2989d2f6ca2909fe2c6194d7a34b35bdea6eb79d5b3c8da6ab1d3e0ba5659502bff797ad4593d87aa3e66f15fc0dd43468649bc39a84ab1fdef21d88c7b022b9bf00788fc57a5ebaba75c493b73fbc8ee092a3dc1afaa4e8c636750fe6fa29eb5cb5df85ed1750690da886507e576031435d1a2932dc1125c69e8f750465997e618af25f157c41d3741d652d248da24627e71ca8fad769e33f173f83b4c924b81be10bd476af0ebcd4ecbc59706ed644747eaa70481fd2b0714fa1a462dec7a8d86a90dfc2b2c1289108c82bd2adc6e4725bafbd61783747b18b4ecda3ef18e80d5f79764a1727ad72ca9f2bb9b26af63ec5ce07141da460e79f5a6672471c52e493cd733347be850bcb3dbf32d507383fcc56f3630411c566de5a1192a2b1944b8b290c74a5cf34cc62901dbc763591aa1e5f0718c0a7a9cfff005a9bbbe4a4ddcf3de97a85894376c519f6a8f38fa53b3c7b1f5a176158783475c530fb526fe39e695ba0ee48338e08a420e0f24d3564c0e06294be47ad01632b57d222d4acdd1d03123d2be26fda1be141b1d51afed6358b73e24c8ea3d6beedc6719ae53c5df0e34af175b4b1ddc21f70a6b477423f2c3c53e106d3e3f3931364f2718db5c24f6732c87e43cff3afbf7c7dfb19b5fbcd71a46a52420f3f6790ee43f89e47eb5f3878bfe076bbe11bf6b79ad049924c6f130707dba0c7e55db4eaa4b56438df6478f69b6ccd81d0f5e6babd07c2d36a93aee66084f381815aba5f8564b5ba0f322f97bb054e32a6bd4746b6b2d2a0572070339ae5af88715ee1e9e1a8a96b21be13f87b656912feeb2df7892335dbc3a6c56112ed0338e0f6ae3350f897a768e70aea4e3800d55b4f8af6da8363000238ef5e7bf6d2f7ac7b119528fbb73add46e24646507f0af3dd7ad659cbe0e073d0575b67adc1aa1c2b2648eb9ab3a868f1cf0ee503a1fc4d725dc5dced5caf43e7bf11da3c4d8e48f7ac2fb337ca4024e7a0af52f156899760d18e7d45731159344c1428fcabd5a388bc4f36be1fdebf43122d1ed2ee13f6a88c43b107e6ad3d3a2b4b28d62b189cff00b479ad5834a69304a6e1d7a56cdae9be5edd91e38f4aea75a36d598430eef748678734933ccb2cdc1f4f4af4dd26448e3448c6303af415ca69f67282bb23fc6bafd16c4f1bdb1ed9af3e73beccf4e10b2d4d794fee8fe78ed5837ec14927935bf3468130a7db3deb0b5021371da71e95c8f566a958e5effe66e01cfa1ac778ca12718ad4d464f98f191d89eb592ec1ba11c771574b4d099a2cc327c807e87b53672c6339e09fcea8199a2279ce2945cee5e79ad793aa316fa18fa869f15d964700afd3ad7a4fc0e8f4dd1a6784431a4a5b3b881935e712cd99bd81e95a5617f3584ab3db9db20ae8539415ae7155a11acb45a9f54cae8c99078eb5cd6abe39d0f48b8f26f358b4b793fb8d2007f2af13f10fc4ff0012df698d676b70964a5769955373e3f1af2f8fe1f7f695d34f797f7134b21dccdc0cd74423192bc9d8f16542a295a28fa7757f8c5e1cd2edc48b78b72304feec8feb8af35d7ff6a6b627c8b0b52bd8cadce3e95c559fc2bd37003a3bf3fc4c4d6cda7c27d2655c7d9947f4ae953a51f327ead57ae8606b1f1564d5d84d7ba9dcdc827fd4994803f0e95b5a2f8af48d4ec1a1923b8f38820113b6dc7d3d7f0a5bcf82904e4b5a9f2cf4da6b0352f025d784fe7977b01ce623838fad7642aa96c612a0e2ae74fe0bf10c7a67883c9b892492097e5180401f9815aff1534a86dca5fdba3f9526372062a0d79edadacc92db5dc565a9854753e64e77263bd7bb69be0e6f887656f6535c7d9a3c066900e71ed5d4b746715783b9e30b7d3eb31ad9da58a077daa12252ce48fe75ef5f02bf67ad6efa77b9d6ed05959cca0aacdf7ff2ed5ee3f0f3e08f877c096b1b5adaacd72c06eb8946e63f8d7a6592476922658f1d0015d7d2c70393be873ba17c2bd17c1f73e75b5b89257c6e77e735db7916e888fb005f4c547ad6a56d69a799e69962451d58e2bc5fc45fb45698b6f35be8d27db2e232c9e61fb81854dd13672773d835fb9b4d2ec8dd49225bc4ab9258e2be7af1afed5da568777f67d123fb7caad83367118f5e7bd71fac7c58d63c5fe1bb959e5495cab0d8a085c8ea2be64b9b8f32766760ad9cedec29a57dcd250e547d39f11fc6fad78f7c30d756ba9ca9f2f9812d98a823d3835f38dc5e4b24a5a691d9f3c96c927f3aecfe1bf8c24b756d365f9d1c653fc2b33c51e12d427d719f4fb1b9ba59cef5582167c9efd07ad28dd68cd2494a37474fe03f1b34b62fa65c5c001172a5cfde07b57337b7737867c45e659cfdfcc4743d467a57a1f85be116b3ade9193e1d9eceef6e3cc917cbe7b1c122b326fd9c3c7b7939125ac0801f94cb70381f91a9d01cbdd47b6fc1ef8b31788ec5229e711ceb85209e41af49d72fef9ecde4b0d40c33ed3839c8fcabe67f0dfecfbe39d0ee16e91ec90ae372adc312c3fef9ae9759f8a971e01516dacd95db48a3efa2e51be84d6128b4f43a69d48495a664789fe3af8ffc23e21482e3548da356ca930290eb9efc57b77867e20c9e32d1d259e589a66507746315f267c49f889a5f8d563fb25a4f14e0820c81700f71c1af4ef855a91d3744b70cac1b60fbd436ec4a845c9a5a9eb9e2db27bed1648e554983023e71906be5d9fc15ad58eb65ad310462420b44f95c678c8af7ef146b5710f86da68b2f95ce3b74af93e3d5ee2fb5bb964bf166ed237590a8ce69bd8e78e8ec7d63e0591b47d2911806976e18802a6f14eb5a3d85b9b9ba4fb2caa0e644e07e55cafc15b79ee74d417fa94775c901812dc76e7da99f153c0bafeac185a0b7bcb2c6488e401ff2349454b4652d247de0b90b437d4d37181c673de91cedea7935e4cf7d4e81c393ef487e6041e83da9b93c60d0085c7eb5080a77965bbe65e0d679423b63eb5bc48e954af2d09cb20fcab3946fb1ac5db73395b18a5c82290a95e08fc29bd39a8b68684b9c73de807dfa5479381de9dcfad459943b39c7ad26d1f4a01e714a7da8b083ee8eb4e503d79a6fd7f2a42dcd16e8226fbc7d38eb4807e82a3de4114fdde9c9a9188ca19707f2f5ae6b59f0669fab83e7c08c41c8622ba5dd4d23753bd8373c6fc43f0274f956e26b322dd9b9f9501fd3a1af927e31f8435af0deb8f6b17ef60987c8f1c7b067b8c64f6e6bf465b0c318cfb5715e37f87165e2eb092378d016e071d0fa8a34ec6909383dcfccf4f09340c65be633cbd97b0a26d026110646f257f851463f957d15f10be00eb5e1969aeadad9f50b65f982a6037ff5ebe73d7357d76d35b223b374480fcd1b467231db15b5294aa3b3763b1ca946378ea5cd33c2fae403ed4a9247075df21007e5d6bd33c1bab4d72bf6798ef2bc1cd738bf146e351d14dacd69b1b67de65c1cd37c09a8c9fda79662518fe46a71308d9d99d5859b695d1dbf88fc35e7c2cfb3710739ae29bc3a776420033d057bec160754d350aaa92473c7b571da8f86248276247cb9ee315e6494924d1eaa9c5e8ce0adb4b108c3280d5a16f6f013f375f618e2b52eb4c922c8c13ec0f5acc9a296262de59048c6477a2edad86ad7356dace15c6c60a3bf39ad4b78d5100fbdf4ae6f4fbd3bf1c9dbdb15d1412e61f989c638c5175bf534b761d35c2a2fa93d73d2b9bd56ef93c953d7835ad78473f31c7e66b94d4a70ce4e0f5c1ef5cfaeecd92464ea131964e31f4cd67f53c107dc559b90c7eef4fcaa8b311d4f3d78ae98ab688c1bea3a5c739009fa551ba91507dee4f626adcd2055e45635d4c724715bc62a4734e5cab621de0cdc9efc56d5a02e83a1c0e86b9b89835c0f9b1cf4adfb19d718ddcd5ce3a19537a969edc118dbcd36246824c9e9dc55a054a71d3d290c5bc0278c9ea2b3536b4654a9df546fe8d3060015183dcf5aeaad2042a30b9c8e49ae234b95637c1c37b1aedf4994328e7763ae4d697d4e7947434edec4679e9c7038ae5fe24d82a68f23ae41dbd5457716ea8403d4d62f8e15ce9bfbaf2d188232e32a3eb5dd49d9a4ce0a90ba6cf9ef4ebfd39adb65eea9ac3cbced82124c63ff00ad5ef5f02f5e5bdbf822ce7f764289321b8af0bd4a4bdb5b888aeb7a7ee63b4adbaaee5fa8af49f003be8420d5c4df6cb8c38247cbf3638e057b71d4f1127aa3ee97d5ecf4dd163b9bb9e3b789630599ce31c5788f8d3f6b7d0346bf5b3d2216d45836d79ba463f1ea7f0af9a3e227c5dd6fc6863b6b8b8961b7846d302b90ac7d48e86bcf9a5dcfcf51dc5763573cf4accfa4be2f7c5ebdd7f41fb45bdd346dbc65133b45791787fc6c963f686bb8bcc691bcc2578e6a2d265d57c516834bb1b196f2465098890b11e84fa7e35eabe01fd93756d5da29fc437234fb63c982219908f427a0fd6b34ac6f29dad6380f0a789b7ea9736f0452bc7336e8d110b367b8c576da0fecc9ab78bb547bbb873a6e9d29de372e64e7a8c1e95f4e783be15786fc036489676918651cc8dcbb1f735d0bea48a365bc2ade9e9436b721ca4d58f3af02fecdbe14f0b491cc6d8df5d27226b972dcfb0e82bd12eec6d74e89628628a20bd02281c52dba5cdc4b9908507b0e2a4d496358b2c42e0753593624bb941352369821071fdea9135a86e9ca9011fd4579f7897e27f86bc3b33c5a8eaf6b03aff06fcb7e42bcf354fdaa7c2ba648c2ce1babe2380c916d5ffc788fe54b72d23e8679a4846770287d4550bed36c75385fcf48e423fbc80d780e97fb5a41ab92874af2a3071ccc3763d718ad6b7fda8fc371c9f67ba82f2172d82551594fbf0695ec1cbd4f463e0af0f5eca527d2ecae1739c3c2bfe1557c45e11d02dadc0b5856d580fbb11c62b374bf89de1bd4c24e2f440ae71fbd2179fceaaf8bf58b06892e2d6ea3914f2196518fe754dab02bc58ed5ed94f87658c65c2a639af8cbc516623f15ddc718daa662303b67ff00d75f606a9a9b5bf85249f1bd4a672a41af90a0b99359f18970bfeb272c063de8d396ec3a9f50fc1bd0869de1f89d49df8c6eaec3c4baacba758cb21e768f5acbf08c6d69a2c0ac0af033f5ae2fe3378d60d17469610f999c14400f527fc2a158a573f4137631d69ac7807d694f7fca9bb71c0e6bc96f53a1dc01c1f4cfb51ec7033e94a700669bf78d67d00786f5e94a58633de9a38ebd452a9c633c9a5b9455bbb70e0b2f26b31fe5241cd6de307ea7a9aaf7368b2a7039f415362a32b19808228dc718ed4851a36da782293381c7ad64cdd31e1b038a031070453339ed4e1d477e2a442e723a7341eb48071ef41e3d2a4a0eb406a4c9c74e69ca78fd6907c87eee33484e3f1a686c5286c819ef4c5b0b8cf6c537b114a383fd6909e4d05231fc43a449abdb98324211c9ce2bc5fc77f0074e3a7dcdcdb45fe9aff379a7939f43ea2bdf8f208aad776eb730346dd08e293499516e3aa3f3a75df054c2fde3787cb0ad8233deace8da38d3a4420608f4af7ff8c1e0b7b2bb7be863f918e1f8c63debc956c984c7201f7ae5949a5693d0f728494e3747a4782ee83c0b1b9e0ae6b675ab0b69a124052c077ae4bc2973e56d1d4f4ad4d735216d6e4efc903a510aad2d4ec54f9b4315e0b2826cce771cd6378835fd1ac6221b62fa6e6af3ef1f78aef544896cfe531e8c3ad79d69be15babbbbfb7ea37735d4dd4072481f4e69c6f38bbbb22edc92492b9ea51ea105d6a0a6018527a835d51545b60724715c0787a148275773c2f415d55eeaf1c706d407a53566ac54eca57456d57508d54fcdb6b8fd475244396ce7d73553c49ac3c2acc5f8ef5e7d75e29334e511d9f9e9554e839eacc6a62634d58ed1efc3b000f5a89e7e320f1ef5cf5a5f3c80120ae3ad5c370cfd0e31dab5f6447b752572dcd73c9c1e076ac8bc90827b1f7356cbe0139eb9acabe940ee7a75aa8d3b686552a5d0c824f9b86c9f5adcb19795c64f6ae6e21f37b93c0f4aded307ce3b7bd554d3a1149df43a480e50559520e0e36d53864d9181569086f61d335c8db3b92d352cc31b718f96ba9d16eb66149fceb9884fcd8520fd456e69a46149c027f3a9936ba9934771a7cbbb9dc3a771595f10f564d3f4391a4da7e5cf34b6578b0ae0907d8d79dfc5ff001096b710472056240c1e95db85bca691e6e27dd83763cfeffc40b7564517fb3b24ee0a2d4893fefaaf55f05ddeef09cb23796709e60039e475e95e50fa7ea33e92643a5da7d9c73e7c4143fd7ae6bd5ff67bf0acde33b97b092768ad2360ac1464907a815f4ea31923e6bda723bb3ce4e8f77e24f10496fa5dacb7524afc246bfcfd2bda3c05fb25ea3a998ae3c45722ca1ce7ecf6e72e7ea71c57d39e0ff863a0780edc43a759a23ff148c01627eb5d59102ae50e24c7016b56ec8e572e66607813c07a0f80b4d4b5b2b58add547df2064fd4fad5fd5af4249889b729eea2b2f5ad456c55a6beb948225e72ec0015e7977f1cfc3d2ccf65a5ddc7a8dda9c7ca7e507fdee87f0ac9b2a313d2a4f9537c8d91d7e6ae23c63f197c2be078cadf6a51b5c81916d6e43b9fc074af99be2c7c53f1edede4f6d75712d8e9e73b16d14a295f76ebfad78c4d2c93cc59d9dd9db96639fceaa2ae8a7171767b9f47f8b3f6c4d5ee77c5a0594361167026b81bdc8fa741fad67695f1ab53f1bd9c91dfdf3fda47656c0ebe95cdf833c1767adf87a4592dd259718dc14138fef0ae02ebc3faaf867c44b6d1412bcc5ff762304ef151269e86f08ba694dec75be35d27fb7d99bee5ec7d0f4dc2bcb664782668e405181c107b57d3de19f851adf8bf49b796e523d3a7da3e698e5bf21fe357355fd942d75468ee27d68c5328c49e4c23e6fccd6719493b1a55e46af13e54599e26255b823b559b7999fe639afa82c7f673f0968c55ae1ee753901e9338c7e4a07eb5d2c1f0f7416b636f1689691c58c03e40ad79bc8e63e79d19ff00e123d124d3c9225da060f3f435c65cd86a1a0ea1e4cc8f0b46dcab719afa1ad3e066afa478a92f348104962cd931b390507d3b8aebfc7ff0124f13e9093910dbdf2a603e7bfbfa8a4da2b46b7d4f1fb1f1e6b369e1031c605c4010e49c9c2e2bcc7c39a94906bf6f2c6483e60f7efd2bd8b4ff00865ad78634db88ef25b79620a5311396e3f102bc6b49d327b8f1a2d94236c826fb84ff009f6a1b496866b567d8fa06a10cfe1d89ee536e23ea38af97fe2fea42f7c512224eed1c60615bb1e6be97d3f489f4ff000a2433021bcbedef5f2778fd5e5f17de8c725c003f014a2c6af73f634e68e0e39a092dec7140539c915e44bc8e8b6a3be9d47ad347039e0d2821b26909e72467d2a02e00f4e31f514e1ea69a0f03af1d8d2938033486808f5349bf1824fe1484e78c51c9cd31105c40b30f46f5acc950a3608ad763dbd2abdc44264e986f5a8946fa97195b4337bf1dbd280d4c911a3720d22b71d6b17a9ba762557dbd7e94e2c09a878c74cd296238fd6a1dd0f7d4941c0e94d66db4d56e0505866a4a1776472319a5539e9519208f7a338eff008d3dc09b775e68ce6a30d9eb4bb860fad0214b73eb4dcf7341ebeb4d1f434d7987a18be24d021d6ece48a440e0a9041e8457ce3e35f054de1dbd7010fd9d8fcaf8e9ec6bea560322b17c43e1ab5d7ad5e39a356dc31c8ac6a439d1d346b3a4cf946da46b4e579239fad60f887c43a8492ed8acf7467ab67a57a9f8cfe1bde6832b4b02192d739e072a3fad79ecf0af99f370c33debcf945c1599f4146b427aa670575a7db5db17b92eadd7918aa1790a460c50b71c62ba5f10c2846d073919f94565db690cc048eea8a3d4f26b683f74db99c9d8cd8ed6555dcac4f3e9d2a0d4f541a72132bfcdfdd5eb57f5ed41a18becf03601e0baf19ac2d17c333788b5258867cbcfef1c9c915d8a3cda49e80a94a6ed0576719aedd5d6b72b2c6ac109e82a1b0f0eac0859c02e7ad7ae78ab42d33c37a5ac56916d931f3ca4e4b1af3d865014fbfbd7449f2ae581cb2a0e32bd433c5a79271d06338f4ab115a7cb9c9008ef5304f3a4e07d6ae7907601cfb1ac9fa09455cc89c32003271ea6b12edcb49b707935afa9cde56406195ec4d63a2f9d213d7d0d6d056d4e19caeec4d6f112071cd6e69898e739c0c7359214c6462b5ec650bf2f5aca67552badcdc80ec0005ddcf7ab71b02718e7d6a95bb3607381d7156d5f69181f8d72491e8265a864daf91d6b46dae429c81ffd6ac747c67dfb1ed521b831216fbb59b8e84b36eeb5b4b58371fba0741c7eb5e67e25d42e75b799d27b668914e51c8dc7d6b43c47adb4566caac3763a1ef5c3c73da6d93edb6d299dc1c3a741e86bdfc0d2b479ba9f379855bbe43d07c11e03d27c47a34b3b2df473aafde0408f35f457ecc9e119342b79a424801c904ae09af2af81f730dc688f6c5c0caf2588e00fad7a4afc7cd13e1f07d3b4f83fb56f7765b661517ea4ff004cd7b117aea7915209d34d1eff00aeeb969a058c9777b7490448b92d236001eb5f3d7897f6b7d374cd55adf4a89af3b19f388d4ff5af0df8d3f127c47e3dbddd7d308ac63276db40c42804f04fa9af2ae703f5a6bded0c3979773da7e2e7c5f9fc711c6bf6b5b885c7cd08e029f5af29d3f549f4eba49a191e3917fba719abbe11f0b5df8b7545b0b44679db90aaa58e2bda747fd8efc49777919beba86c6d186ef30a9673ec067fad5ab2d194ddf53a3f863e2187c67a2ac17908b97db8c3ae7f0ad5d4bf6568fc605a6d36ddf4d918e7700021fa8af55f84df06f44f86fb12dd1aee73cb4f31c927e9d057b2493adbc2083b4638c715872d9e86ceba94395ab9f377c34fd9b6e7c0d296d6f55fb4a13c45026d51f524f35e95a8782344b783cdb2b38438fe323730f7cd741a86a0242fe649b87a0ae72fef1963621c4510eacc702a9c7a9cea6ed6be873d0cf25accc8a79538f41571f3330324c13d769c0af1cf899f1ef49f0b09ad34895351d43a16421910fb9fe95f3a7893e28789bc5b2b7db7569fcb73fea6372918f6c0ebf8d0e22573ee6924d1adb2d2de5b065e4979578fd6b8bf147c5ff08f8732b2ea90c8fc8d96ede637e95f1c436b71612c57571119e1cf2436735d8cba568be28d33ccb251677a89f7093cd26ec68a1cdd4fa37c09f1cfc3fe2ad48d9db1b88e42703ce5033efd4d7ba69f1db6a16db1fe6dcb8ce7dabf33749d46e7c2baea4c8712c4d8207435f5b7c2dfda634d9a1b7b2bfb69629d405dea43034ba12d6a75ff00107c326c1a568b2518743dabe38f12d95dd8fc459658d99191c329031915f5ff00c40f89a92c69f66b1332b1eb271815f39fc59bab71abd8dec4aa8f2e46147d38a564d59034e0fde47b9f80bc5f16b3e1f5b7ba71e6a478f9be95f377c4a5b53f115c4043aef5271ebfe7155f50f1f5e785e2db68db0ca010c471f866b8d8f599eff574b99dc3cf2481998f739a21a01fb55bb27838a0bfe149d07414cc966fe55e433a1b1f927a0ed4b9c9f61518c81ef4027d79a9f41752423823f4a4cf1814d3db9193474e48cf6aa562b7e83bf0a4cfb7e34849009a696c63d287a05c1b935093ee734f2dce01a638f43d2a6c2229a1132f239ace961685b918ad3ce3e9ef4d953cc5da47e350e37d4a8cacac658f9ba75ef42939029f35b984f03e5f5a8c649f4f5ac1df66742b3d890631d7148dc0a4cf033f95216cf152cbdc6b374c0a507045348e948b80793475112863f4a3381ef8eb51671de82de9f9d1b20dc977f031cd37764f5a8f76294b1c0e692d4361c5bdb34d6391c5217db4dddc76fc686fa0105ddac777198e450cbe95e49f107e12c57a925d69e0433f5c01c13ee2bd7b3ef8a8e45523d6b3b26accd233707789f0af88e19b42d45e1d4226b7719e1c707d306b9e9af9ef6432467cd507e548c64fe55f6a78e3e17689e37b5686fad1189fbae072a7d41ed5e3727ecd77be17be7bad1ee92e22cf114a3e61f8d4c6115b1e8d2c5dda53d0f25b0f006b3ae3c6d2dbfd8edcf259c82c7f0aeaee22d3fc2da58b68180907df603935b3e22bad63c3f0edb9b492260719232bf81af26d7750bfbc9599d4f4ea0f5aa4acb5dcfa6862a94609c1ab183e37d6cdd4acbbbe5cf02b99b4b77b86f6ad1bad3a579cb48a73efda9a255b250a3e9815a7c2b4dcf3aad455a7ccf445ab7b0d83e6e07634b7b2ac36e7e9d6aa5c6a415339c0c7e15cdeabab3cdf22b1c1e8053853948e7ab5a14d58a5aa5d79d72cb18ce79e2ad5a5bec4191daa4d2741924713caaca1ba03d6b52eed560870bc715bce5cbeea38e9439bdf66560f98001819c56c69d102fcf03b9accb04329e7919c0c56ec701853823db158cee755349bb975485039a915b27b73542094ee1df9e953f998c027deb071675c5ab685b126de4d55bfbd02338e077aa97576500553907d2b9ed735810c5b1082e7a8cd6d4a94aa495ce6c4568d28b6417da8b4b75992dfed36a872e5474ad59f45b69b4c37fa25cbae06e7b79141c0ef8cd55f0f68da47882ce48cdfbd8ea18ca83ca9fad755e03d520f0edd4da26ad0c64b0da645e720f439afa28a514923e51b7525797521f87ebab699149776e2392051b8ae726b8ff13f890de788a5bbb688c79386571dfbd7a83f807c4fa6ea5b7c2f6cd796d70c070bb8267d7b015e81e14fd8f83a26a5e24bff00b45cb9ded696fc2e7d09eff862b5bf53397bab94f9ef48d0b5ef889790dae9b652dcca06d263e100f73d2bdd7c07fb20485a3b8f135ea953826d2d33f9173fd07e35ef9e10f06d9785e05b6d3ece2b58d7f863403f3aeca2b77032c718f7a7139e4fb981e0ff000668de09812df49d2aded500fbc883737b93d4d76f25c0bb802ee5561ea6b99d635ed3f41b779afeee3b6850659dd8281f89af10f1f7ed65a068a8f0684afac5d0e0329db103eec7afe19ab6bb10b53de2e67974f977b32841deb8df197c7af0fe801a2b8bd134ebc1b7b6f9df3e840e9f8d7c6be31f8e9e2bf19bba5d6a725a5a9ce2dad58a2e3dcf535c55a6ab359dd096338c1e41ef4d474d47a5cfa47c55fb5d050f168da2625c91e75f3fddf7d83afe75e2be2ff8bfe28f19175d435697c96ff97783f77163e83afe24d747a7f87acbe24e99ba3648753419ca8e5b8ef5c2ebfe0dd5340bb315dda3283c2b81907e942715a32dd36bdee873929cbe49271e952e9fa5ddea97096f6703cf3b1e155735e83e0df823e22f164a920b16b2b22799ee014047b0ea6be90f02fc2fd27c0164be444925d1fbf70e06e27da87abd0967957c3af809ab49024baece2ded9c03f675e5f1ef9e0576175fb36f8715bcfb2d4350b373fc3e62153f9ad7ab4732b8e496e3181dab03c55ae5b6856325ddd4cb0408325d9b151cba5c7cdd19e7dff0a5fc3ba6dd2cb7b13ea52018df7078fc860573fe39f0eda783e4b6d5749b148a2571e6242bc6df5ac8d7ff00695885dbc767a6fda2007891e4dbb87d315d9fc22f88d17c47925b0bbb08901046dceefe750ad60bb4ee8d3b1d597c49a0899a2319c679cfa57cefe2f82eef3c5c2c559e48e2972b81eb5f65e9df0e2c7ca786377b453fc0bc815c66adf0bb47f0deacf7c499a7619cc98c0ebce2b3b347654a90a905dcf97be27e9ff6086c236565902e5b8e99ed56be147c3d9fc63a8a1f35618e33b8971d7daba9f8e76f65732db790c0cb92c79ed56be18ea16fe1eb782592558970092c69dce547ea939e0f73ed476a0e7a819a09dbd073ef5e6cb73514938f4a616c1f6f7a52c48c77a6125c633c566c77687ef5c00073ef46ecfd2a223a1273ed41e99fca9b409b25ddeb511604f349bb9e3f1a6b1fff005517d0351770c77341381f5a4078f50071487eef5068d404ce3d78a0100f3d690e08a603e98a96324750e98acf9edcc593c95abe0e782283f38209e2b36ae5c5f299271b79ef412318eb53dcdb18fe61d2aa96ef58356374d6e87139008a682326937601a4e8475a84baa2ae2e76f6fc29a5f9f6a5c9038c11ef4d20632695dec3b0a0838e68f30838a8c9e78ed416e39a69dc91c5bf1a66fef4d0dcfbd213ef50fc8638b64530e3b535895e6986534c2e2b1e2abccdb41eb52bc830322b9af1978c6c3c23a5c9777b2ec5032114659bf015518f349242bd9153c490db5f412fda63578b0410e2be6af15e99e1c9b5592db4ad460fb58ce6da16dd83ef8e959de2ef8ddae78bf529e2d358be90158bc48a40c670327a9e3f9d79c5ad9c5e18bb8bc43a7b799665819a0cf31f3cd77ba516b9648ba4a716a499a1ae422d6574932197a8ae3f509628c92481eddebd3f56f0f4ff0011e0171a1db4ad73326d0cabc291c8c9e98ed54340fd97bc59ab3a4dad5fdb69b16466200cb21f620607eb5951a0add8eead8974ec96a78f5c6a13dfca6dedd0c849c6055111de68d7c269add24d8c0b46c79c7b7ad7db9a07ecc3e10b4b7b5b996da5baba85793e61457e7392aa467f1ac4f8b5fb37d8ebda5fda7c3902d86a10ae55413b64039da7fa1aed8a84743cc9d594ddd9e07a2ebba7eb96a8f16d0c06193ba9a9ee74eb5b851d7ad7037be1eb8d3b5696d2512e91ab42db5d5b3cfe1fd6a21e2ad7b4494417d6eb2e0e377dd26b8e785927781e9d2c6c1ab54d0eddac628170a3000ec2a8cecec48552075e0550b1f1dc776a236b69449d30003fd6a86a3e2c8c4e63dfb1c1c153c5733a7513d627746bd26b49236d25487ef1c1a79bd0fc0cfe15ca7f6c095f2ce0a9f4ad9d111afd8b2f1128cb312381dfa9aa54a4ddd83af15b3d076a332dbc0d29207719ae0afeedae6e1d9c6467e561dabaff001a5c5a1b168a0653229f9965187c7b738ae1ede3f34e57903a822bd8c3d35157ea7818cacea4add0eebe1ddcdbacac93c31331040675048cd7ab7c22f838fe34d7e5d435f567b2b7202a1180e074af37f849e01bdf1a788208add4a5ba3665971c01e95f75787f4c874ed361b28480912805bbb715d9b6c79d76d58b9a2411e8d12416904705b200aa8ab80056e4a893219227c3e33b7b5711e2af1f685e05b5371acdf476a07dd8c9cbb7b051c9af9dbc7ffb5fde5d192d7c2f69f618ce47daee06e73ee17a0fc73f4a7615cfa33c53f12b44f0346d71ac5fc36b81c464fcee7d028e4d7827c41fdb36eeecc96be16b14b64e82eee8658ffbabd07e3f957ce3af789354f165fb5e6a77925ddc3706490f3f4f615462882f53f8d6915721e8743e23f1aebde31b87b8d5f53b8bb24e76c921da3e8bd07e02b1d1171c741f9d6a7873c23ab78aeec5ae93a7dc5fcd9031121217ea7a0fc6bde3c09fb22ea77ea93f88ef934e84e09b6b721e4fc5ba03f9d689a44efb9f3c2c3bc80abb89e30064d77be0df81be30f1a947b2d22482d9f07ed37798d3f5e4fe02bec1f087c13f097839e26b2d2a296e13fe5e6e3f7927e67a7e15e8891148c2468a918e381814b99b15df43e78f873fb2dffc233751dd6adac492cc39f22d46c4fa12793f862be80d2bc2ba4db5bec8ac620d8c6f917713f89a7486343d32df5aa77bad2e9f11792e5610064e4e001ef50eccabbb5ae56f1069c96a0b47f263a281c571f74af36490028ea4d63f8ebe3ce81a0c0de75e7dbe453811da2eec91db774fd6be77f1ff00ed11acf89c496ba728d2acce41da732b0f73dbf0fce9058f45f891f1c2d3c1cb25869a56ef50c60ed3948cfbff00857ce1e28f1d6b1e2cb8326a57d2dc0278889c22fd074ac8b999e690bb31627939e4e6a7d2f49bad5ee921b381ee2573c2a2938a1f62ad6d4cb36d2cf2ac718dd237403d6bd87e107da7e1e5e7f6bdf1096e464aae4918a9741f864342b7fb4ea2a1aec8c84ebb69dabe353d3deca06dd3c9f2aa0e726b3b5995ba3e90d0be2bf87b5e8965b6d5edc4857fd5bb6d61f9d7997c6ef8b16561a5cd0585fc5757ccbb46c6076e7e95f336a16b79a75c3413432412a9c1565c62b5f4fb68749863b9d4e3fddc87e40eb9cfe14a4ec4a450d31b54f14ead187926b9766c1cf41fe15bdf1101d2ed20b2048700290bfad75da078ff00c35a5dab0b3801980c048e3c64d70f756f7de39f14195e06505ba1e028a8469b9fb27d8d31989f614e278c73e9499eb8e6bcd968cd1ddea3770c03dbde9a4e050707d3a52676d49205b9ea053739039a476fd3d29bd7da84ae58b9c7bd1d4d2160053549cf5cfb9a684c76ec671c52e78f71de9bea0521233d4fd696802371d0519ce29376463bf6341ebf852b0ee2e79a370e83f1f6a664375a030fa5268112677f5fd6a85c5b0192bd3daad9ebd68c8da73deb292b971763289edcfd69a4f2327156ee2dfbaf23b8aa6fc703a573c972ee7445f36a0cded485b8e69a4e0f07f1a407d78acd8ee283c714d6e47a6293201eb8a46c62a6fa00d2c7fcf6a4dc79ed433738a61c1cf7aadc438b023d6a26f7fae2959b1ed4c2e08e4d16ee032670a19bb015f3a78dfc4775e29f1aea3a659c06e64b68cc691819392327f3e95f41df93f67936f75c0ae4fc25e0fb2f0e34fa9ac486fefd8cb2cee3e639e83e98c576d08a6db21c9c353e7bf08fc0ad5ec75a6bec25869b383e6daccd99133d400323f5aeab48f80be12d175596ee48a4d4dddf7f9772f98949eb84e07e79af5cbf73697ace70437383deb90f19f8e3c3fe0dc5d6ada85bd9a383b518e5d88ec14726bb2d67a6e27372567b1d145690436f02dac490a2000246a0003b7029f743e6562383e95e0f37ed4fa7ea26eacb40d3a4965d8c126bb3e5a96c1dbc0c9233f4af1ed47e3f78b3c526eb4dd43546d3376557ec80c450fd7afeb55c8c847dc126bf61a4da092e2ea1815065b7b81c5735a87c6ef0b585dfd8d2ebed370e9b91228ced61ecdd3f5af8bfe1f78c6e74fd724b2d56e65984a705e572d93eb93d6ba2d5e36b7d5069f23159d4f9b6538e8413c0fa76a892e576675d3a519c79ae41fb40fc48b7f15f890245a047a7c96e78ba2dfbd7fcbb7e75c75f5f59dce8024bb8c9b900f97e682c1b8c62bbad5eccf8df4a9adcc0c9acc236ba85c96f4207d6b33c27f02fc75e26b75b49b4c6b1b263feb6f309b483d875e9ed5ac5a9475d2c67552a526e3b33c5d2692cee3785e473eb5d35c0d1bc5b60aac0586aa80059d9b0adec462bdb17f634d796422e35cb209fc212266247e95cbf88ff0065bf1668d331b78adefe31ca98640ac7f03d3f3ad9f2c8e3849c353ced3c0d2e991c5334a97c3aec8ced18fa9eb57ee3c53a7da5a183ecb180836f931ae1bfefaeff008d75361f0c3c736b6ef6b2786e5b88cf4f31946d3f5cfbd4ba3fecc3e29d525df762db4d849e4c926f61f40bfe352a36dcddd5b59c773c73519defae19fe711ff00739207a576ff0e3e146b1e3dbc8d6d2068acf70f32e5f8503be3d4d7bae8dfb3c7847c230adeebf7ff6c31e19dae5c4508fc33fccd37c49fb48785fc2701b1f0edaff006834636a7903cb817f1c73f80ad53e88e57abbb3d3fc23e16d1fe1cf8756da39238228c6659e4206e3dc935e5ff10bf6aab5d1e56b1f0d4297ae876b5d3fdc1fee8ef5e23e29f8a7abfc44d4026ad78d05893c5b5b92a83ebebf8d60f89fc3c34b749ad9bcdb4979571ced3e86ad79892ea8ecfc41ae5bfc550d7b7d7a2d75045e0cadc7d07b5799cb69e44ef19c3b2b11b81ce7e95bbe0df02eb5e38bf5b3d22d1e77c80d274441eacddabea9f86dfb25697a208af7c46cbab5d00185bae44287ff0066fc6b4565b0a72e65768f99fc0ff0bbc47e3db858b48d3de48bf8ae24f9625fab7f4afa77e1e7ec75a4582c573e27bd3a95c75fb2c1948bf13d4fe95edba7e976fa4dbc705a411db40830b1c4a001f80ad48263b3241502aaed98b3374df0c69be15b7169a658c367026309020515a19693e5c6d1d80a87c43ae69da4e9ad79797515a4318f9a49580005701a5fc74d0f55bb921d189d47caeb211b54fd33d7f2a4d951577689e812e61c7cfb3dc8ae77c55f157c3be0cb62754d56089f1c45bb7487e8a39ae43c65e21d4bc61a74d6e267b046047fa31287fefa1cd7cc3e28f853e20b4b8b99c30bc8725bcd6972e7eb9a14e26d2a138ab9eb1e31fdaf4c4648bc3ba7eefe15b9bbe87e883fa9af0bf13fc4bf1278f2fc36a7a94b3063c440ec8d7e8a38aabe15f074fe25bc96dccc96ef18390dd722b3b51d02eb4fd5a4b05569a756002c237163db15a5d5f43351695d9ea1e1a682c2ca2b3d6d60bb82e40dac4eec1fad735e37f018864373a5c6d2444e7ca4191f856df82be03f89fc512c125e17d32d3a869725f1ecbdbf1afa77c11e00d3bc11649090d7d20c6669f0c73fd2b0d6fa1af3c6d668f993e13fc1fd5358be59b53d38db69c7abdc2e1987b0ebf9d7bc45e00d17c13a6b2e916a913c9f799b963ea735e8da969d198de784a851db3d2bc9bc77f106cbc2b13cb7b201d9231cb13f4aab25a985eeec713f147534d13c3d713311bcae14138c9f4af08f08f886e6db5a8eecc8ec43ee381da9df10bc6971e2fd5e499e46fb30ff0057167851f4ad4f0469df67b069ca282e40071ce2b39791a23e9cb7b6d3fc4ba541789610cf29404b344320fbf1eb5e25f157c371eb1ab8854f952c63845e82aee9be3bd47448a48ad2e89017e684364fe02b06cfc4775e2df14c221b3915c7fac6719c0ef9a86dbd0a518a57b9c55be9da3e817617588a70d9e1831da7f2ad3d53c646ea25b1d06316b0371b9397615d5fc53d0ec1f44f36eb114ca7e423eb8af27d334ad46d643358397407868ffc284ecc56bee7edb7503d69ac401c50cd91d29b9e0fd2bcd7b9abb8ddc4114d627ad191bb8a3a738c54896a2679ebd29af82294d34e4014d0c407d071eb4c5620f6a7138cd42cc43673d6a9598b6270781ef4dc8a697dc31da827047153a5f4298a5ba9fc682d9eb4cdd9cf5a4ddcfad048e270724d26ec60537763de80d9e0d0f518e27bfe95197dc3da86254d35cf41d69343240d9ef55ae60cfcc83a0e453c31c8a40e4120fe750e29ad8a5268ce6f94f3c8a617ebeb576e2156195ebe82b3dc6de2b8a71b1bc5df614be4501f22a32dcd34b7d2b348a24ce4f14c6201eb51b38cd34b640c535a682159c7e3fcaa32df9507d6a27623dfdaabd407161919e45739f133c6961e0ad096fe547b9942911db438dce40ce056e3483238e457827c7537c9e26b0798b369f2c4d0c609c2ac848233f5007d315d9879252b11257b5cf2cf1f7ed03aef8f7c3b70fa248745b98092f142773bc7dc062383df8c5789586a33f8c2296c350bb69ae9cef8ee2772cdbf1819279f6af60f0ae8367ff09e5e58c36525c9be8f779688498d8e3391d864673ef57a4fd94ef352f123decb75fd8b625b26245df21f71d867f1af463257b0e51e58a77d76b1f3aedbef0d6ad8951a19e26e41ef5dfcdf0e35af885696fab787f499e59f004ff2ec573d9833601f7afab342f83be17d2dede5974f4d4eee15016eaf9448c3e83181f80aefedd22b650b12aaa9e30a3029b97530bdae96c7c93e1cfd94fc49ab7d9e7d6352b5d319003b62532c807a13c0cfe75ef9e1ff00813e1d934fb2875047d4aeecf98e59d8ae7dbe5c647b576f31f2a41c601f6e2a96a1e2ad2f405f3afb52b5b255192d34aa807e668dc516d753534ef0f697a7ca24b6d3ededae91761648c02c3eb4d752f336077e9e95c4de7c76f0a4b1cb2e9ba8a6a7770a9261b53967c7619c035e67e25fda76eaeec259b40d242dc4073345787e70a3a9001ebf8d24572b7ad8fa1a794220423e61c82d54351beb38a3f32e668e055182ece0003f1af9f1fe256adf157c2127d9355974ebb55f9becadb0838ed8e715f3b49e25d534dd6e7b6d6a69af70c63905c4864c8fc7b5547de1ce9b824deccfb07c69f17bc1fe1683cd97578eebb04b43e6b13e9c74fc4d78278bff006afd56e8496fe1eb28f4fb7e827b801e43f8741fad79beabe1cd392eadef05cc91e95391bb60c94ad93f0820d722593c3b7ff6add83e5b8c9fa71d2aef144a84e57b1c8ea9e24d73c6d7abfda57f717d231185924f947d0741562ffc137305989628e4675fbf1b7a7a8f5aea349fd9cbc73a85f045d21ed9073f689982a0f7f5fc857d1df0a3f67c3a1db83ad5fb6aed8f9a02988d7f3e4fe95a5edb19c6c9fbc7c79e17f0beade22d4d2df4ed3e6bd93760a468481f53d07e35f5ef80ff0066a5d574a83fb7a35c3200f649c83e9f37afd2bda74ff0d68ba222a69f650dbaf52b1a0519f5e2b662bd5b184cb9da57a0a6ecc8bb8ec73fa27c3ed37c236cb6b6f6d1585a46388e250b9ffebd74761771dc23246ab1469c01dcd707f103e30681e1bb7326b57a903a8ca42a7748ff00451cd7cd1e33fdac757d46ec45a0c1fd9964a7966c34ae3f90ff003cd52f222d73e99f1c7c54f0cf808b3eaba8c70cc47cb6ebf33bfd00e6be75f1d7ed81a9ea264b7f0e59a69f0678b9b81ba43f41d07eb5c84f1da7c60786e66be369a92ffac0dceefa66b9cf14fc2b974a8e592c2e05e88802f181f362a94adb9a7b176bad4dff000878df54f1b5cdddbeb7a8c9786e108fdfc9c0cfa0e83f0ae486b3a87813c4177159dce0c4e4003a11dab2bc39e1ed675bbb58347b2b9b89cf19814f1f53d07e35ed9e13fd93f59d604773e22d4e3b157e5a28bf7b29fab1e07eb57e84732492297847e37b6a9325aea5188b71da248f27f4af52b9f066bfe28d25ff00b15555e45f927981db5d3784fe03f83fc1ca9241a725edd0c7efef3f78c0fae3a0fc2bd2b4dbd16a56055558fa000566e26cb112b599f35f873f65c96ce76baf106ad2348cd9682c09504fbb9e7f202bd83c2ff0cb45d0621fd9da5c36c7ab4ce373b7d58f26bd466d0e29a113c9d7a85ae775ebd82ded8c8d2a5b47183bd99b000ab5aee72b7d8a86dd6d176c45723b8aceb9ba311dd3300a32492715c0fc44f8c767e13d2fed3a742faa330cabc5c463dc9ff0af967c6df1675ff18cf21bfbf91606fbb6b112918fc3bfe34d683b35b9f407c4cf8f70e86b25ae86bfda33ae43bc6c1a343df241e7f0af98bc63e2bb9f15ea06f2ee52f230e57f847d3d2b36c757b8b3b8124649e72c0f435bd7571178a1d560d35ccd8e5a15248fc00a877348a567a947c1de0ad47c63aaa5b59421d410647638551ea4d7b66a7e0ffec0d28c11a64c5180580e09ef5b7f099349d2b4358ac6161704812bc8b825aba0f1ddfda58786af6f6e8ac7b5081cf538e3fa546e45ddcf8fe5d4ae6c7599278a59236121cb03ef5eb9e1af16f89df4e5b8b7b14bc4ee1a3c161f515e75e1bb08b5fd6e2b7914e6793f2e6be8ad3f455d02088020db22ed3b39dbef50dd8d0f21f15d978a7c6adbaeed92d61524ac448007f5359ba1c963e01b895b51bd134fb4816d6e0b7e75d6fc5bf1cc5a5442cb4f6d975229dec3aa8ff1af0c96592690b4a7731ee4e49f7355d047ee5eece73d7da9a4e075a6b1f9b3d3de90b633c8cd79727a9b31c08e83ad21391c1e3d29a48c526706a412137631834c2d83d69dc9cf7e69ac3078fc285d81ea34b63351e73df269c57271922930323b9aab3400bc649fd694b7e54c0d9f7a69e833c8a1318f27381e94d27e6ebf9d28236834cc93ce28b25a0ad7143707b1a01cf07a76a4ce463bd0586d3ce7f9d16d001dc81d735113de949c8eb8cf34c27de8e51390eddf953378c75a63b85ef927ad34b7183d0f6a9765a0ee4bbf0382706abcf10946e5ebed4edc40a42d83c1fc2b1925245a7633a4ca7151924d5f9e359532060d50910a9fa572ca2d3b1ba92684cfff00aa90fbf4e94cce73e94d2d81d6a6d6d0a1ccd818a85cf5c134e2c1bad45bbf11d29b4c06bf039ae4be22784a2f187872e2c98ec90aee8e51d518720fe75d5b903150cd87072783c509a8be606b4b1c4f86b4dd3bc37a7da2428a6e9a301ee88c1761eb5bb7b20d5ad720ed9221f328ea7deb07c4b15a787b4ebdb8b99fcab65cdc0673c29039fcebe50d63f68dbaf12ea92476b7b369491b3240c8fb44abdb757af1f7d2923149b972bdcfa1fc57f17bc35e0552354d42389fa0853f7927fdf23a7e35e47e32fdb1ade185a2f0f692d2c9d05cde9c28fa2af27f315e37aed93cb05cddc913dddb4ffbcb8039647ebbd4fa5709a5e917dae5d7d974eb4b8be7cf0b14459b1ef8ae98a4655138ee7a05f7c6ef1978def16deebc412d8c12b72b6dfba551f873fad729e31d2752d1b5364beb97bb04e23b82e5c38fa9aeb3c31fb3cf8db5ab84234b6d3a31cf9d787601f8727f4af77b1fd9746b9a54506afaab3c8a81585b263a74209ee3a74e455e8b6263cad34f73e48d2f58b8d2af239e0668dd4e720f53e95ecbe1f43e388d751d31366ab02812c28bc49ef5edda07ecade0bd0d90dd5b4fa8ca9dee25254fe0302bd43c35e12d17c2814695a65ad8277f2a20b9fa9a895a5b174e6e1bec7cb3e18f85be32b2d5d357d1747912095cadcdadc7ee9539e48ddd54d75be27fd97e6f195cc1a84f7f069971d2648d0bee1edc8afa965953c913205298c30f6ac5bd5f94c88c3c9fe542dee37394935d0f1df0d7ecd7e1bd2b476d3f53b8b9d5164c6ef31820cfb6391f9d77de18f871a3f8261d9a269f0dbc7c65d4658fd49e4d4baef8b3c3fe14b7f3f54d52d6d41e9e6c801fc0579a6bdfb58f83b4885d6d1aeb52907005bc7b54fe2d8abd5985cf7ab1bb8628c0997e7c7a5177ad69f648d23dd436f18fbccec140af8bbc57fb5feb7a944c9a2e9b0e9dd479b3379adec40e07f3af1cf11fc40f1078be569356d5ae6ec7fcf367c27e0a38154a371367e89c7f15bc1d72654b6d4adf52963cee5b670f8fc4715c1f8bbe2bcdaf24965a743f64b7e9e667e6f4af8534cf136a1a2dcefb1b9781cf04a1eb5f4178166f13ea5a4dadc0d325d5925ef02e08f734a516b63aa83a4fe35a98fe34f8313eaaf2df595e4935dc9cb2dc316ddf89e6bc735bf0fdf687766def207825e9f30c03f435f72787bc0f777ad09bb716608c943cb2fb1ed5e811fc1cf0b5d46ad7f610ea528e435c20603f0aa8b6b71d78d27ac19f047c35f867e2af135f473e8b6f25bc00e0ddca0ac63e87bfe15f507837e0845a5dda5f6b37f36a776576ba00122ffbe7a9fcebd7effc389a7848eda258add3855897007e154b1e512667d807233dab56d4b5382ed6857d3bc3d63a34620b3b486d215e42431845fd2afc92a79247002f715c178d3e367867c1e192f352496e17fe5de1f9dcfe03a7e35e37e2afdad77c6f1685a61563d24ba61c7fc047f8d5226c7d1971aa79393248b143cfcd21c015c86b7fb417823c208e1b50fed2bb4ea966be61fcc703f3af01b5f8bd07c44b15b4f1331fb406c20562aa7af61c0ae6f5ff0001dd6832bdd586cbbb57f98c4704edf6cf5a3992dcd952728dd6a7d3ba4fed37078cac274d2ed8c0c838fb411bb1f415e3de37f16eb2be235b8bdbb92eb4eb8c46f1313b57e83a5715e025b15d6a2b8b4ba3692f224b47e33db8af40f14e946ff4636d1afef6e0ed4623807d49ed51bb3a69c23ecdbb6a8c56d5adbc3379259dd31bbb4bd52d6f12aef3b8f4007bd79e6b3f09b5ef29f506b1fb2412be62b799c2c814f4f94f207d715f43780be1f69de13b64b8e6fb556419be9be623d901fba2baab886d611be748e4cf3990671f9d54636dce4a955cb447cb3a4fc0dd6af160965c2ac87fd5451b3b63eb8c7eb5edbe1bf847a5e836aaa93b595d14dac606cb67d4923afe9ed57359f1a34f706c7458e5bbbb030c96c07c9fef39f953d7b9f6ae1351f189d075fb7b5d46fadd6e6427cc16f23caf1fa6e63c75ec00ab4d232d59e84f669a06d844f25cc78c879082c587e1debe63f88fe36d43c4dae4f0cf2491da44fb16d8e70a47078f5afa955e2d67480caea66dbced39c37f9e6be7ff001df841f54f1238d36dcc8f7c70ea178490101b9fc2b39171699c9fc3750de28b4dc85d0b0e95f52a985f4f9031c7cb9c1fe75e6be05f84634422566f375053f331fb8807502ba8f88fa92787bc297b2070b218ca203dce2b2dcd1ab23e64f1dccf2f89afcb9dca64214ffb3daabf85fc3b378935586ce005b71f99bfba3d6a85e5c4b7731926259cf258d7bcfc14f0b2699a13ea32c644f73c2b3f65a685a5cfd4566f434d62147039a42f9cf4a41df15e54b736681589ebde94f4e339a6b1c8a6eee3d0d4ad5d83443f39c734dce7a534f18fe548d91c74c553d03c856ea4f6f4a61c30e0f4a19b9a6b123f2e29a1899e9d33ef4d2d8eff00e146722909edde90003c734dcf6fca83fa7b52124631cd5085ce3b668279a0f381d3de985b9ffebd002c9f31c03f853776473cd0ec0735103f951b3b13e623b64d337601fa50c474f5a8d8f7edeb52f718e049e9484fbfff005a985b9cf6a6b363359b431dbc8cf7a8e5412027a1f5a40723269a5f049150d5c69d8a92031923d6a26e7deaecabe60e7afb567ca4c6707f0ac1c6db9bc657119b3fe14c7cee18e9ed4d67e2a37941230702a19a2159cf43df8a8db047b0a19b1d3a5464fbe6a3a8183e36d08f887c3b7d668504d246c10baee01b1c6477af81bc73f0b6da786e6ef4b9a3b5d56d24316a1a5390a639071ba3ff0064f5c7bd7e89bb800f7af1ff00899f0634ad76f6e75db5b711ea92c7b26656204831c647a8e39aecc3d5f66f9489414acd9e23f0b7e1549a7f85e25d73cc945f6199564fb89d8023a57d03e0df09e81e1dd2923d0aca2b48c0c3041f367fda3d4fd4d7cc16371f127c0be219e1b5b092eb481270972d98d87aafa575ba9fc78d7bc39aada5f69ba3092d9548bdb42e0ef3edc76af577399ef6dcfa4adeee36252470aa3a93579b52b2d3206b96bc84428bb9d8b8031ef5f09f8e3e396bdf10f5192dbed4742b19320416ec412dfedb707f2ac0d1bc60da7c171a36b6d7021752a2489ce4679cfbd3e5b21c7567dbda97c69f055b6f2fe23b0c0fe159d49fd2b8cd73f6a6f066924c76d3cfa93e3816f11c13f53815f17dbe9977a8c8eb6b149701416c2ae49515159a4d1dcc6e236f95ba007356a0919dcfa765fdb32e26d4e2b6b4d156dad59b6bb5cc9b9bf21c0fcea1f1ff00c47f12d95f477736a7249e1cbf41198e0c288f23ae473cfd6bc6b5df026a7ad7d9355d234e9e64bb03cc8e28cb159075e07af5af53f879e01f167887449fc3fae6913436522ed8e7b9014a7e7cd297746d0715752fbcf0af18595c596a92ee9deeede4f9a2b9662dbd7b73ea2b1ada27b89161442ee4f014649afa9349fd91754f9ed756d6221639ca88a3dce076209e01c7d6bd3fc01fb397833c117f1ea06296fee53ee4974d90bf4000154a5a18c92b9f0c26837a26f245acde69380a1092735daf85fe0378c3c58e861d2e4b2b663ccf77fbb5f7e0f3fa57e81be93a44d22b45696f1ede8420c9a2716769b414555e831473326d63e71f007ec97a26933c773aedd3ea772b83e420d9183fccd7d05a58b7d12d52ced608e1b78970a91ae0003b557b9bdb4b677779523039f99b1c5792f8f3f691f0c784da4b685defeed72a63b71900fbb74aab87a1ec172eb31f3220226273d69d2f8f6c7458552eaf6de2dbde4900af8cf5efda9b5ad7da5b2b78069b6f202164b739940fa9ff000af2df12a6a372df6f9efe5bf864e7ce772c73e873d29e81aee7de1e23fda2fc2ba3ab06bf4beb8c710598f31b3f874fc6b86bff0089b37c45b4952d8cba7da9055971b65e9ebdbad7c6fa76a33e99749710bb2ca843035ec5e19f8d36f3c11c57f6f289c705e25c86fca9bd3635a2e17f7c87c4df04a59ee9a6d36e849bc96659c9ebf5ae0f5ef875ae684acf35a99215e7cc87e615f59783f439bc516d15c857b681f0774a85091d7a1af50d23c05a2db443ce8d6e5c8e7ccc11f9524e5d0d2aaa3ba7a9f9e1e16f076b7e27bd5874ab09ae24079645202fd5ba0afa1bc2bfb3d78935ab6b45d77584b38e2c111db8def8f4ce71fcebe967f0759d8461ec6d62823eeb1a051f90aab73791e9a8338271f7456bbee70dda7a1e6cdfb3bf83ecda2bbbaf3a4bb8863799366ffa8149af69f0410471c16c890c2ac2307af43d49adff0012789acac226bdd4af62b6b75fe277000f4af19f187ed0fa0c3791dae9c925ff00cc034c3e5403f1eb45d2561d8f4a9b5265d2d2781159bcb1b78c8048ac5bcfec8b9df0eabab14ba550648626c3be46700750bee2af685a9dbdee96d14043a5c47e746fdf69ea3f03fcebc9fe26683a8ffc24d65e22d3623713c71886e2dd38638c80c077eb54dbb684c2dccafb09e2bf1d4be5cfe1dd26dd3c3901cf937087e697d727b67fc9af16b0f0d6a7ae788858d9c6f77785b960d903dc9f4af5c83e17eb9e389a3bad7655d2ec836e58d7e6988f651d3f1c57a8683e14d27c276420d3edd6d908f9e790e6593fde6fe959c537b9b4dc368157c1fa0dde8da0082ea659aecaec5d9f7460601fe5f9552b0fb5e9ead14f6ebe7216955e5c0cf186c1f7ff001abbacf8923b455916e520814ec32b0ddb8fa0029fa8c0fafdad9df4836430fef041bb972060e7f5a728b338c92ba68b4be21b1f0f69536a37e52de09635937f627d3f97e75f347c51f888fe34d4f6c64ad8444f9631f7bdcd76ff0011afae1b506b0c99746997cd8e303ee83c67f039af3ff0a7c3bbaf10788cd980c2d636fde4b8e02d437cba17bfbc5af853e071e29d618dd5b31d3d066497b0f41ef5ee5abded9f85b4973916f0449b55455d96e34bf0068305bc4ab1411a639eaedefea6be78f19f8e6f7c63acac0e0c36eaf8587f9134969a88fd826c64d21381e949f43834ddd9eb5e5b5d8e86c32471fad07ee9f7a41c75efda93774a49682401f9f7a3775e691bd8e0d3474c669f906c2b3e4ff5a4638c5358e33eb481bb0a7e43d05e472453092338a52c7e94c6191fd29dc42e78a4278e7814ccd0189e2a5bb6a1e405ce7149b8107b9a4270319a6671d29f99224afb78ea0557329079c62a495c633dfeb555f209c74ac9eacaf42612e48cf4a566c823b55656ed9e69eaf95ce703d28112636e69a7a74e68ddf8714c66dd4b741b0c67c0a667bd2b1c7bd4273934b72b41dbc13d714d97128c1e0d3739ce38a8f700334addc77b15261e5be08150b75f5ab5262618fe554a40d1f5fc2b9a516b6378c93119b9f4a69704d309e7d29a704919ed596ecb11f25baf06ab4a772323739a959b69c734c93e61914ba95d0f9cbe2878b07c37f15b5b6aacd73a55e2f990b051ba3ec578f7fe75f3efc45f8b7025cba68766f13b127ce9d46307d057d71f1cfc077de29d32c351d26282e352d3642ff67b800acf191f3a73f407f0af1ff19783fc3175a7d99d72d6db49964f9d612cb1bab77008eb5ece1e5cd0d4e5ab7e63e5ed3fc512ea37f22ea16e2e8cfc6f8d30ea73d462bea1f85bf027c3faf58daea5a95db6b122203e4483608fbe1875354ec3c05e048a171a3c9025cc9f3132480be7dbb57212fc5b7f86bab4965692473dd237f7b31e3d0e2baef731b5b73eb5d1745d17468e28edf4db58a18c6d01225005693f85f432c258b4db4087901625e3f4af947c41fb4d6afe20d1e44d06c16c6f140f3b79dcc3fda4ec7f1af38d33e3978db4ebe9261addcb484fcc9290cbf4da7a509360ec8fd05b5b482ca0290411449d76aa818a9232cd203b4018af89e0fda5fc6ecf0b0bd85d011bd7c90370e2bacf889f1a7c61a7e9ba5eaba65eac5617d103810826371d7af634356634aeb4e87d6d717f1410133ba600ea4e0d725ad7c43d0b4cb469af753b78224383ba41c7d6be10f10fc56f15f89c6cbed72ee58ffb8afb14fe0b81599a06bcfa7c92c573bae2ca61b658c9ce73dfeb54a24a3eb2f14fed59e17d059d34f32eab201c7923080fd4ff00406b8ed43f68bd5be24e9ef6ba43c3a1ea43eeab9de5d71d012319fc2be75d6f4592ca48a581bcfb39fe68a4c60fb83ef52e81e1ad6afafa26d32cae259d181531a1c8aab26b405a3f78d1f176bde2f1798d6af6fddc1caf9b2b14fc074ab1a1788f4fd443c3e20816752b859b1f329fc2be93d17e0c6a3e3ff0c69f26ad1c76b208c09e29572c78ea3d0d5cd17f666f08f87ee4cae936a3286e2398e157f014b745bb425ee3ba3e60d27c1179a96bf68742864bf85dc10157e6419efedef5ef76ff00b2dff68c5226a3a80b4599fcd4f2867af5523a57b6e9fa469da55b2dbdbdac56d1a8c0f2902e3f2ad2792dd6df64d32a95190c4d3645ee78fe9ffb33784349455b84b8bb9147cc6493009fa015d8681f0cfc31e1f937586976d0b7fcf4640cdf99a87c49f16f41f0f936b75235c4e395f2509e3ebd2bc8f55fdab1ac6f9ede1d1328a71be49ba8fa01fd69af32795adcfa47c95b20073b7b63a56dd84b69320479042fd998f5af93b5cf8f1e29bab24b8d25ac65b79c7116d2d22e7f1ea2bc8b5df8a7e31d42ec0bdd62f1590ffab0db00fc0633f8d5264b8b47dc7f107e35695f0cac5c5ccbf6b98642c508dcc4ff004fc6be54f1cfed37aeebf3cc34d8d34b8589e7efbff80fcab9bf0cfc4e170e6d75f8c5d44ff2991b93f8d41e35f0669d22fdb342b8f31641b8db8eb8f6ff000aae67b58d3d9c796e9dcc2b6f186a1a86ad1cba95d35e24adb5cdc3161b4f5c7a7e153f8dfc2034c686eec899209cfca07383ed5a5e11f82be24f153a3c564f6f6d900cd30da057d51f0d7e1459f87f498ed75255d4a4519df2a8217e99a1ddec42924accf27f8313eaebe1d48aead2480dbb130cb20c0743d47d2bd19f54d1946ebb54698139128e6bb4d634b874cdcc5556255e318e95e6fabf8ffc37a25ab4f7d3217e8a99cb9fa014d3b68ccd2ea5c835e86e11c59dbcb3bf6558f0a31db71c0ae43c43e239609e07d62ee3b5b46c96814fcc40f51dfa7ff5aaa58fc6a1accd7567a7da8b04527123afcec315e17e3cf104daa6b528174f22a7cac5bb9159b96b646ea9a50e66cf4bf177c458f5ed265b0d0d93821b74c00623b05156fc0bf144cf04761712e2f426c91251f2b103ae7d7b578d7873c3fa96bb7b1456692176380eb918fc6bde746f82161a7e99befae1dafd9396181838fd69a6fa112e535ad7c3765e2eb48aea490a2c5336d5c7254e372e3ebdeba1bc9b4df0e69d24a3cab58625c96518ce3d7d4d73ba8ea51fc33f0ddb5e4ec811be5db8e5cf6c0af23f1c788751f881686f6c9dbecf10f9ecd0fddf7c0eb43df526376b431fe21f8fee7c53abb186464b489bf76b9c7e355f4c7b7d46ddf513118ae604c1723e4638e0d73769a6dc6a178904519799d80080735e97e22f0ab786fc136d691957bd9a40d2ab0ea31d3f4a9764691bec7eb233e0fbd203cd30f27fc282dd8fe95e7377668d34c90b01d7269a4f20f39a664f4040a69762dffd7a8e60b1206e7ebde9a4f3d8fa5373cf1f9d1bbd698585dd411c534b75a377030319aa770f20cfafe54d2d8273485c6ecd46583723915171b1dd48e73f5a6e79f6a4c81d69ac7d280b8e2df2e0543271ec31c53d9c1fc2a2739cf1d293ec2dc8e46cf1c71daa23939a52d9a69e062a04358e29a1c71ce695beb519eb8e29ee324de73d3ad1bce38c5425b91d6959f23b0a4b501edd3b5407af270682fcfb0e298c476e4fbd3002727d05319b8c1fc286208f7a8c9e393de86030e4364739a8e40261cfe74e66e062a273b467bd4593456aac5198984853c03de9a5f3c0e950eb764d750031921d7918efed5434f9ee163db32e181c735cd28f2b3a212bad4d373c0e9c542588229a581ef4d2d81d706b3ea68c6ca432904f5f5af9fbf686d2fc3f7968961aa97b79e4cc96b729116dac3b823f51ef5efaee001cd727f103c1b6fe35d0ded240a274f9e19587dd6ff035b519f24c528f36e7c61a3fc2bf156ad62f3c37305e69b202048642acb8f6eaa68b6f803f68565d43530b719e0a264fe24d7a63784fc6bf0ef5df32cad61bcb3950a4f6c65c238c8e7d8f5e6bcdbe287c56d7748d45ec63d3534c3804393bcb0f63d0d7b316dec72cd24ed7b9b6ff000b6d7c23a2318b508ee5d41691a4215b1ed597f0a3fe15f78d7c41258ebfbad3510fb6ddda4db14e3d33d8fe35e353ea9aef88aefe7b8b9ba92438dbb8e0fb62bd5be187c3454b949f5ab26b6ba1cc4c4e3079c12b57b232df63ea43f073c169a798df49b7088a0861d4fbe6a8693f06f47bad3dad4dc9b9d355c98ed6520ec04f22bc57c757be34d3316d637d7aba705dab2c672adec3bd7941d6bc5fa4dfe56f7548e6cf5f31f9a4b55b8da71773ec0bbfd91bc1ccdf6a125c88e4ff00966afc2d5ed1ff00675f03e8e27865b06b98a61b5bce6c91f4f4ae63e0dfc51f1941a4c106b9a55c5ee985062ea5e244fcfef0ad1f167ed21e1ff0d5ecd6b756d766e5390822f9586320839aad5e816ea75907c25f09e92e12d74881d149282505c0f7c1adcb7d3edac63ff47b78611d311a05af045fdaded75298dadb69cd0b1188e59e40a33d81c678ae275efda93c4d1cb3dbada5adac8848ce4b9fe82a92645ba9f5fdaeb3f627dccc822e8549a5d435cd1d93ed22e232ca390187e55f9efad7c59f15f886426e759b90ac706389f62fe957bc27e2cd6bc19a899e649a7b47da650c73953d0e6869a571c2cdebb1f41fc5bf8df3e8ba725cf872d85ddb48c51a7972046c3b63a9af9e2efe2c788f54d76def6f7519a531b8221076a01e981c57bc2e9d63e2fd07f749e6da5ca6e0db7807fc735e7537c09d735bd64bfd9d2dadd70af39fbaf8e840f5c75a5195f468e8ad4953b4a2cebef62b4f1fe8b04d60c3ed6c04916de4ab7706b25ff67bd5f58ba13dc471d8ab01b9b7641e3d2bd27c13f0fecfc0160aa8c5e5206e99cff21dab7ee3e28e8da43a5aea1700b4876a4899650de848e94256d8ce751d5e9a9ca681fb3d687a7a23cb34f2cca012cadb47e55b7aafc18f0a6aa14dc5a319463e753827f2ac0f17fc788bc2b9920d35ee108c37ce148f43df8af38d43f6a7d5a5cfd934c82007fe7a396fe4055ee6524e2eccf60b2fd9e7c20275736521527942fc57a0e8bf09bc35e1c8925b1d2627c7f1483715fcebe57b2fda9fc4b04dba5b7b49101e40ca9fc0e4d76ba17ed833aa08eef49383c831cb93f882055107d266c620858208c63902aa5c4f1d881299026ded9e315e0bac7ed4652d9a6b6d2a6953ae77818faf5af21f1c7c7bf1278bade4b6de9616adc3241d48f763fd315aa68cb959ee7f1ebc7570d642cf4d94967eb2c67845c1ebf5af9c2d6decf56d51a49ae59e3b74dcd211c6075ce7bd69783b55baf13d93692f7445e229684b1e1c0fe135d1786fe0a6a9e23fb59dc6ced472ec4637b75da3d6b07ab3ad72c629ad8c7f0a7862fb5af103cda6dc06b58d7fd7c8301f83c63bf157b47f811ab6b1aec92dd94b7b367277e7248273c0af54f86de1393c21a6a2b40db51a4de7196073804fe02ba2bdf145b5a21981670a3e6e0e07d4f4ad54558e79cefa15fc3de0bd3fc216490da46808c1f348f989f735c87c50f89567e14608d2c775758cad921c927d5cff000afb7535cb7c48f8f21637d3b436dd72786b91f750f70bea7debcdb4cf0c4fe3cb59ae6de4326ab1fcd2c723fcd28f5143696c2516f7333c4fe35d57c697bf68d427de01fddc4bc220f402b73e166a71e9daf85b842eb32ec007233db357bc33e01fed05974abeb29ad353eb0c80719f423f035e87e0cf86f0785945d5d8596ec7cdea13e9ef52edd4d537177458fec4d2fc3b7b36b7347143290588ecbeff005af21f18f8f8ea7adb4d16d7b45e150ff3ae9fe3378a63b954b0b19b728399901191e82bc86389dd940cb64e315095c7ccef73f6d73dc1e7d0d3791d7f3a52d96cf14d2c49e318af34d5a0edc73f4a6b671df06979ce075a3765393cd4b4084fba3ae452e78c74cfa5281c7b5348f97fa8aa416101c706937649a523919ebed4c2bcf4e684ba09a60d260f5e698cd8e9dfb523714c6e3ad2d456b0edd9c7b7ad01b04fafa534021b3d41a4e49033f8d4d9dc6b611d8673fa54458629cc07b6314c3d78a4d35b82f418c723d3d69a480714e22a33e84734ac3b311b1dfad46ed4f6186c60d46c7afa1a7b0588d98114c2db47a9a1b393dcd3589ec39ebd29a4161c58e3bd33776ef499fe5498e73de9db415809e7dfd4d35d8f6a4233d463151b1e80f5a4d590d21adf51513be3a9a73f0323150bb647e3d6a12762addc8e6738db8c8aac63c13c6077cd4f20247f5a858e4fad2d5eac1aec53913cb271923d2a22df28f4f5abae41cf3f85549e2da4953f29ed594a97546b197465724e720fe14c91bd7238a4279f946477a89e4da0e73902b9bfba6d6ea717f14ee25d37c3571a8c16df696806f75ce085ee7f0af93f5cf8936baff90750d060bab4926006e725909241e71ed5f676bd66bae68f7962edb229e268cbe391918cd7c27e2df04ea5e05f12c9a1dec198da712413e0849173c329fa751dabd4c3caeb95b39e6acf63d634c5f0468fb24b516ba748541d929f98fd09ea2b82f8a1f164e9b71f66d38192523e59fa281edeb5c36a3e2436b7d3586a56697b691c840424ab28f5523a7f2ae9adb51f006a9a70b7bd37b1ede55651b8afe22bb52ee652b26d238fd1be26f8c9ae88b6d4269b79e622a197f2af53d0a7f17e99716fac6a7716d14457e64740c187b8edf9d737078d7c21e0fb665d26de4b9988c0774f98fe7d2b8cf12fc49d47c467ca3198edb902346233f5ff000a76b999f425a7ed5da46997ada7dd5979f0b7cad2c0c0a83d3bd60f8caf346f8a3e25b2d2620ba75e4ebfe8976c7314b9fe038e99ed5f37fd87749e605d89e879ad8d1fc4b71a2cb1b6c8ee150865593aa11c82a7a834b43457e57a1ec3aafecbfe2fb3bb416d6e93dbb7fcb5561f29ee0ff8d6a699fb28788f50657bcba8601d1be6c9feb5ebbf0a3f6a4f0df89b49b787599d74dd4c26c9a29b84720750c7f3aea75df8bbe19d2ad9a65d56dbcb3c065901fc38ef5a26cc99e370fec931c09baeb581eb854e82bd27c31f0e3c37a1e93fd9b72a6ff8203cc01c0f4fa579df8abf693b6b8f3a1d1607d4a4009c81b401ebea7f2af1bd4be35f8a2fe77297df655feec2a38fc4f34ed75a826d6a8fb534af0ee9ba56982df4d8a18a3425820ff1ae47c43f1474bf0c5fa585d36cbc907c89fc3f89ed5f39f853e20eb5ac5d049351d45256c61d642541fa7a57a247e02d675924eab67f6a8e5c15980cfe3ea0d43ba3a2114f56cb3f1075bbbf14e9722fda8d9237004678e9dcfa578bd9695e27d3e736714325f5b4a7007de53f4f4afa27c33f082e2cf6a5dce971a691cc320cb81e80d777a4f87f48f0b5b18ac82c43a9121cd24a5d4d2a4a16f75599f3b69ff0e75bf15e8c2c754b496da651886e8e7a7656152695fb2fdfc8c4dedfc51a0eea73c57b8eb7e35d034cb79665ba88cd172d121dcdf95792f8bfe32deddc4e342436d2142cbe78c923d40079ad16872be696e5ad3ff65fb049c34baa34899e816bbad1be06785f46c15b7fb4b7ac8dc5787f87fe376b57d9b3bfbbf2a52709322743e8457449aafc409e448e1791fccff57711c6191c76071d28f527974b9ed137c34f0b5cdbbdbbe9f0c4aeb8f97b66bc6fc63fb34b35d4b2e897c9b09c8825238fa1adb87c39f106f230d79a9ada1ce3660669d1fc34f1acf286875f925cf187638cfe54c949999f0dff00674bfb2d5e0bed4ae161588870233924fa57d4b63a7d8cb60b046ab1b2ae16be79d2af3e237836f16defacd754b51d79f9b1ea0d76779f15a2d1e356bfb4b9b2908f94b444ae7d9ba5691691128ca5b1da78934eb3b2b677b8716e1064bab62be47f1efc48b1d4bc432da5a2b369a1bcb9276396618ea335adf183e2a6bfe32b7fb1db29874eefb4e5e41e871d05786924bbee186f7ad2ea5a12a0e0eecedb56f86929b63a8e8b2ff695811bbe5e5d3d88a7fc3ef0ceb777acc4fa7acb0346c18bf4c0f7f6ad1f8336bad5d788ede1b076f29c8de87ee30ef9f6afb261f08d9db5b8fb3dac515c30066923500b1a566917292e8711a6d94cd15bef40d70102bc817193df1ed543c7ab6ba36892bb5cadbdccb948d65e03357a8c3a6c76d6c5d9071dc8fd6be5af8c1f13ac35af154ba5dd5b25d69f62e51658cfcc1b1f31fe951eceeaec4a5aea79b6a9f0f35798c97585badedb8b2b039a3c25e02d4754d7ed2ce4b59143c8aa58ae4735d9e91a2e93af40c742d664b5bac710c8f8e715ec9f00bc1fabc1737377acb17111db1975e49f5fcb14e296c693565747ffd9ffdb008400010101010101010101010101010101020101010101020101010202020202020202020303040303030303020203040303040404040402030505040405040404040101010101010102010102040302030404040404040404040404040404040404040404040404040404040404040404040404040404040404040404040404040404ffc00011080600080003012200021101031101ffc401a20000010501010101010100000000000000000102030405060708090a0b100002010303020403050504040000017d01020300041105122131410613516107227114328191a1082342b1c11552d1f02433627282090a161718191a25262728292a3435363738393a434445464748494a535455565758595a636465666768696a737475767778797a838485868788898a92939495969798999aa2a3a4a5a6a7a8a9aab2b3b4b5b6b7b8b9bac2c3c4c5c6c7c8c9cad2d3d4d5d6d7d8d9dae1e2e3e4e5e6e7e8e9eaf1f2f3f4f5f6f7f8f9fa0100030101010101010101010000000000000102030405060708090a0b1100020102040403040705040400010277000102031104052131061241510761711322328108144291a1b1c109233352f0156272d10a162434e125f11718191a262728292a35363738393a434445464748494a535455565758595a636465666768696a737475767778797a82838485868788898a92939495969798999aa2a3a4a5a6a7a8a9aab2b3b4b5b6b7b8b9bac2c3c4c5c6c7c8c9cad2d3d4d5d6d7d8d9dae2e3e4e5e6e7e8e9eaf2f3f4f5f6f7f8f9faffda000c03010002110311003f00fe8f66f2660bbc6589c3127038ff003d689a2b77923dc434f1af1f36063faf4fc680552125a33b43636f473550fef1c3c81914f0067b7b57e695b0b383e6e64d9f6b3c4d3a2b55f8978346a853ef86e1b0719aaa648a470090a61e00ce0fb714e470205f2f0c437271c1ff00f555599024c2503e61c30fe1e6a1bc6456893472cf131adf0c9162e5b3196d8cdb8edde7826aac0ed1c4620e30efc863cfbd5a759a3525ce5766e1fd3ffd74c7895955b3d7ae0f6f4f6ac6d889545595bd0e494ecfded499d51c46be601b571c718aa412379825d07608fbe272bc7ff5ea7380a63400b751c6703eb45c7906254dea5b3920365b35d6ab4146f5371ca326af1d7e44d35c2a23a4ac4a38c7a02474ff00f5d321811d5aed72acc38c9ce6a9cf9b9856360124439caf04fe3f4ab01e5daab1ed60c30360dd83f4ac1d4a559dd2305897095a698e0246633ba8dbbb0406cd36e54329318f9777ca7d29eb20d811980d8369ff00a6955618e7deee0e53076ef5cee19cfe1da954c45938f25ceb515555d48b123ac9104042ba90c541ca9fa7eb492e0aab3863b17900fca7da9890e24918e77b2feee2538ea0d26e043e4b280bf30c67fcfd6b9e58954f59c4b787aeb586c30cc871e56e6cf046306a696359e3c1192b82c3a85ff3eb5453f744f97f3a37aae08ff0ab89f2a828c55b1c8ec735bd2cc2a558f249bb19ce84e7f1eff790c20998ab16db9c1078cff9fea68b811ab87447dc064ed39dd4d95dde442814ba3e3d49f5c5595c9520924b2901d8ed238a71c2fd625fb98dfd4b8e21e16369a2b1114f182801651c01c11561a6bb1122c4a5b03033f5a8adade6813202b020b39fe1a966bbe3ca58d42a9059ba13eb4a543ea6ed376f431a98a55d5e374299898090d8949fba4e79feb49e5064491783b773839cff003a962d8d26e8d015d9f788e0fad48f2fc8cc0282abb0a2f0cd515e9e16a479ea2bb34c3e2aac74bb686078a57525bf789f283fddcf5fc292e522111de9991391231e31c7a7e74db5897cb277a96619e0e4afb7ad4f32193608f6118c3127918a9a7771fdda3a5e21cb6dfcc8f7e23c2132060395a8952405f64601fe1f9b3daa58311301b70bbb68ee1a9e7687607279ce33fd3ad6d1854a9a34612aadbf7aa5889148219e305c8201c11b73fe7b7a55b770732073b8f0011dbbd4265caeeddc13b7e519fe5d69cdc264bf0481b4ae09cfb7f5aa8ce747a33194aff0cae4b12968c6d3852df228e86a33b5a45033e68272aa7fad35e41086548c7f75541e82a3398e40fb180237138f9ab97135b9e5fbc85cda3524a3cadb44ef06e53f36e653bb68272bed9ef418fcc899d80565182ae73fd6a7697f700e76b67938ceef4aa66793f8d492cf9ddd715ad3c2e1eb46f6b1cd3c654c3bd754ca414a386705f6f3b89e9cf4a40d22798c80ed2738e86a79a22db8f20efca8032abfe3502b19906e56761ff016eb59bc34a94ff75a110c745be6b224899a67c6c50719249c67fcff008548e63b6ced525a46e8abf2ff009e955b7c5e68405d654f9b1fc031db3fe7ad36591d5d58330653d33d69deb43e2936753c729ae58c8b842c9ce08c2e081f2b827f5aaf0ab2108e099149e4f00e7f9f14e47919dd8290c7827a835212e645f33e52065581186a8961e9cdf3d59ebe666abb7ac086deda35691d4ec68ce517a21ab332baca1fa170198763d2aaca5cdc061968d4e0e17047b54a655661b8633db7637f5fcaba153828592bafc0c1622bc27a161e4db32f96721b80c4f23d7f1a6cee1b746707207cc7bd401667663b9410d9298e0ff9ff001a1e66778d3cbc82e01651f38e6972d5846d1d8edfaece6b977f52089258ff0076adbb0c3ca5c6d18e7af3d7fc6ac4f27ced16edae170e33c9ff003ed4f9a1747431b829bb0af9c0fc6abb3a994bb601ce0e5b731fe9534e524ed53f1392afb4b73add9203f3ab4792e138dfc82475aaef1869109528ce497e383fe453e45dad1b23edc9f5c0ff003ffd7a249790cfb8b0391dd1bfc9adeb50a692a918239e9e2a74e4fdb5c9b0aceb8fb817e5c9c64d2b88774880a132a05707ff00affcea94aecedf2672577328e0b67d2923854004b92e7e66dc72df8d28558f25e6b52ea55ad55da9abaf32cbdb2c6a1500d8173c374ff22a0855159811b831e4e7fcfd2a627f788a9b9801fc5dff000a9154e4b478099c18c8ae6a918d795e523bf0d5254d6d61d1800b488369ed939e296489248e432ab166e5486c13510dc0963f30c6300e00e7b54abca65812cdce48c851eb5a537051b26cdeae26df0c88d645113a7dc6270c197af155608d5cb39528410140e845214695719280fcacf8cb0a746f2c0a50b16641d4f5c66b194a49df567054c6e2b9b59248b33395010b0572370041191fe7d6ab0b8d8e03021b18cb631518749893375c92bb8e0ff3c524cc010db77061b49db92b52a7524ed67109629495e524c99ca3932679cf03fbdfe7fc69d1db4685e5230ec73bfa16e73fad450ac81155f1b01cf983e53cf6ab3f36eff5a2462f9383bb39ade31a72f8d9109c1fbc88c5b24ce4fdccb6493d298f1795960cedb8eec93cb535ee09970130a1b18c7f9eb4d2f2021e5f963cf07a81454c261dc2e91d90c74a1eef30f4923030d1b742ccc0e334d63248321c150729b4741f8d4524b1f455ddb860b2f46f4a92099779499701d7aedacb0d88ad4dba74e4d1956946ab725a951f126f1b4b7cf92c39dc7d6a45f92231c6725db71dc3ef7a54c26b501bcc91954641054647bfe3fe350c5b25dd2441bcb5e503706b7a946339734b567143195294f9243e385832aca01518750bd3229e23884b2b29412cb961bbef7ae6926914140acd90d961d41a77c9b8b4a31bfa64e42d5b94142c74f34eb3e65a101b910bec2a7770724f1561fc8964498e5360db9e403d3f9d57b8894fef026efc718a608dc47821412b90cc7216b91d7c4d1f851bd36afcb36599260308a3796e300f4a8d6df63fef0050b92a0ff9ed504722c58f31c6e39f9d9b76ecfa7f9ed52a48d37cec54a2fdd3d9bae7f1aba788f68ef2f7593567283bbd46b2948ff76b82cd83b4eec8ff003c54abbb70ced5523af53f43449215da0e0ab1c0f9b95f7a6c4bf3957c146e77eecfbf7ade2e5cd7e66c9f6eea2b42239a36e1cb12c576ed51f31fff005d53920fb4a88cee701f7051c1ebff00d7ad290704a9fbbc293cb1fc3d2a9afee817073215c1dc3249f6ada718b8fbc0abba72f7922acb6ee1a40c73b30a9838ff00f5d4d0caf0b1f34858c0e7bff9eb4939336e5562a7abfcd8cf7a5b6093095194852a172ebf7b8e4fff005ab8612a30a9cbf9b0ad88c4d58fb9648b8ecb344c62dff37dc931c7e3edfe350c504614b4af8319dcaa7824d44805be445f3a83f2824b04e6a6693313b005a597eea9eab5d55aad3e5fddc6cce68ce7f6a57f91186c9dc89bc939c8e31f5ff3e9522b6e55e4608c2ed1c0aca85a7ded1b6514b1c81d5f3e957953cb0c81d8c6a72095c050715c34abe294ed2d4e8538257ea5ab98a391230bd5c607cdc0fafeb55e38fc9dca366f5e07a350b2a226dd85c13c3e78a8c154579394c9c7cdcb13ff00d7aea94ab4d5ac542add3624e23dc6e1b70942153827bd508d6407cd70194bfcb8f9b19ad6906c520e013f7811c0ff003d2a0558f692c72a0eef978cfb0ae7a9864f56d23275137797e45496d54aef9189dd8cb7438ffeb9ab06388797e5890284194238cfd6abcaf90080001d5b77f8d0ce5117046f28493bb24d4d358784bcfc8b55233f7a689e581661827247cc33fe3512ee75f29092a830db78dd508990a2b01bdd8fef14313b3ffaf56117cb98b212636f95003d3f5aea73a96bd3b9cd52bc26f9212b159984abd30236e4b76fa54a63860567c00719dc4e47e1f9f7aaaef16f2a092ced9dc7802a40f1b828182aa8c3027247bd43ab5af66edea6b4d34b59dc9cccfe5852731b1cb303cafd6aacc024919d9860bbd4afce39f5a72cc9192b1379a03619bd0536ea48e5da1725fa38ce3fad5defef4d5fd08ab66ec9af99690c32e164898a8f9831e07f9ff1a8ae6e3ca2ab1a8014fa6437b5535ba8c318402ccaf81fd79356266de04631b8742390bffebaeb55e738f22bd8e56a9457d9bf9158865904addf2ca01ebfe454b1496e4838c73c163f28ff00f57a526d936b2afca40d8ec79503fa556fb3800857ef9ce7afeb5cf2c34d3f6b15f89cff00599425cae56b97ddc48ec037fab01b9e377f4a0ac4e8924a3059885dbf31f5aaf008c33c4ff7e5fba85b3838ed4f3098711b10653f74765c9e2882a937f09d50727aa9730e690a658163e6023915520616f2499c1127cca4751c50c02ab8793cc6c7049c1154add3ca33c996292be51647dfb3b7f4a9a8e4df2d492b04dd6a5ac69fdc5d1041e6f9ac3e607070d9c53888e33bf243039dfd08aaf0cb2a8767c2c67a93d0d591878b716072b9c64fcd5aa951845f2154f116d65a3219ee52f0b05c6febcf2c3f4fa53de494c2b860e5786dbc7ad5058b649bd07f1633d73576553e5a91264fdec67afd69395492bc64d0feb919cbded45cb308e48c6d607246391f5a82e115e42dd01ea33c1a8629642ee8c70c0ed017856f7a9663b995430c0e40c7e35115878bbd6d4daa54f73dc19158c2261302c541f98e78fa5177b6594301931a800119cfbd563712ab90806c2d8db9a5cb3066dff36369cfcdf9512ad051b508195355f9aec11bcb9bafc8c0938c8da4f38e7d2ae3492a39923652c17e6e849aa4aab10073b8e3e6c9e69a6647c98db6e4fcd93cfe1e9554abd74af07ca68ea283fdeb21b96469034b1f2e3064dfb5464fa6735324423c2464f951a91f37ce7b9150ce537af98f968b908465bad324909e0311bbef03ce68551b77a8aefd0278c51f76988d36f0ccd8215881b78ab519668959b079e067802ab3c509454c852df38e320d5b8ad8aa8dcc1571f2af41fcea57b5e7ba830fe32bb96e451dc224872bb187dc03f8853fcd57906d20b1196e7a5433208f6b363257e6cff4aa70206932d9542796cf23dfe95d719ca4b95c2c72ca4a94b59166592d839576cbb8fba0feb4c92111c798c9dbf5cb0fc6b38f13b0c974f33e524e4e3ebdaafb3aca76280918e5cb1cd79f5708aaced2fc8f528e36a461cb095d914576db0a6188070cf8ce3da9d3c7889648d4e58eec39ceec5446132ab49036d4031b48e45247e6c91f97203fbb19041c67f2ab8e1214fdd472d6c6d7bdeac742be1a40154654f25076ab30bfd9f7003058601ddc0aa4af2f9c557e504e09e953b707731f994f01790dfe7d6ba2142a51bb56b7a98471c9bf753b8e59086dc19b7eee42f4a599a5277aee5551f32b1f5ff3fad674975e54a5fa03c919f9454e2fa2909319cb6de4672ad5a28e1e7f1357fbceb5889cd72abc470972771008038da769144976c186c60a5c61948e4d2c13a2b152033edcb003a542a504eef2a86607e5e3205633a355cb969c9231756bd27796bea4be6af96361c171ce4fdd3dc53d76ba6d75264e858383bbf5a64af1988f08ac1b0aca3afbd313e55572ca31c7b9ad5e1a54e3fbc9a652cc79f49b258d63b7558807002e14b726ab4aaac7cc0e5d88f9474dbfad4be62caec65c0ee0e722a95d1750563cba0e8a0e08ace745c7dea6f53a3eb34d3bc117322485c30c28e18839c5451a9033192a8abf2fab66aac6ce2310a31f9b0493ce7fcf4ab9090cc44ae46eea7a62b9e11c54aade7a20a989a3523ef2772ddb48bb4a39c0cf20f0c699992390b2103aaa71bb8f7a6c7b1b3b7276b7071c9ff3ef4cbe9181509c9623d89af49415f9b9ae63ed941da23d24955da4601598e36e77337bd442e19a7604796bd4ef1d68fb81465431e0927915344412599810dc924039acebd3a7561bd9f91bc7115147fcc8e69d6e4ed40491c1278157207f284685b2a3ae412ac6b3dd57736c8f2cd9ff0079a960b8deac8df332b6d51b727fcfbd7353953a4f97a98aa9094f99bfb8d2b8c3812337939055f71ebd7f4aa505c8849cf30e7230339a79632bec2096030540ce3fcfb55468e492e04288368ebb7afe3f4ade78ac42f876095dbbc6e6b3ddc527c9bb254e707a8aa53de2bc6d136e1b8ed000eb50a9556645552d839ee56b3d27794bc4c9974e43631c572d5c5d65a24d87b4e6768bb33460d9023243944cee3ce73fe7a52995448b26d2c40c6ece05314c86154784823912745fc289e55745380b85dbc7734e8aa715cd2858ad61acea13cda80270eb8c8daac4e47f9ef4d1287462b2a82a9846ed9aa0614b82a37346a87e6cf2c7fcfa5496f11767183c700b9043fbf154ad56768590de2945fbab98bb04923320b8c349e5ee91e31b133f9d4cec27658a5e549de853823eb501d8ab856fb87d4134f967db0858d0f98ff2f9a7f87f2fe95ab9aa0afcd7f91b27cf1bcb42636d26eccce4f18c67ee532e14c91950781db383d0d4714ad830bb11201f313f2e3ea295dfcc65cee00b6dc2f427d68559d4578a1f3f2fc0eff31cb1c4cb9327cd8c91dcd4bf24caa091bd79079207eb5459199c223f439c8393f4c0f5e78ad28142f991b0c3e70cae3e606a7ead88adab48b8e2f963ef365a3731b2ac2df271d7d6a18a28165255d4c9b7e419ebed51f969f3319318e718c922a30ca1d360625871fecf359cf0f521ad457b1cf53174a72b5cba3732c8b32ec21f76dc63351a8d8adbf7027fd590d85c7a11d6ad79ae0309b871ddb8cd311639e212952083f306393fe1ef5b519517ad414b1138c79602f950b46aaef9918f181c55a4b758d995891f271b872d596a87cdf3e37dca870c99ce2a6b9bcdbb76ee663e9d85763c428c791c3438dfb0e6bd44ae1026c95941208e59f3f28f5ab72dd08f798ceec9e80e4fbf5a8036623f305663b88e80d0b01562b90c1c61b02b1956a0e2d772dc5cb58ad069552c65c6124f9f1e86a7dc095489b1215f946dc915599b0ea8b8da7a8c8e2acaf98b2a300922edc0c0c15fad72c70f373f69493b1db49597bb6b92996528c1c7279048e05465d24916543b4a70327afad3ae43c586231c7503d6ab452e06d38191b9b8e4f7ada7898525cb38eac5529569fbda227138493f744160d90e7a9f5fcea21f348cf261723eff0061ea69cea191a6880f3063073914e8dd4c8e8c4310bf39eb8cff004ace3cf5bde4ccdce4bdd90cdfba460ad9c2e3701d6a0f960937e47ca32c055ff2628d5a491db715e0a9e07ff5fb5544513027f88fddcf5a251ac9da7230951c3df9ecd8b2387194ce253bb0df7877a733cc151255cae0b020fca3fad34232b88a568f7b1cafac63fad4b70631904ed62bf7b3c7d6ba22e14d68cde33a738f2c4642b187608b80f80c49c8a75c91146823002918da06081f4ed54c2388f7973b89c213f747d3f4a9237f2c66619cf040e8d512c4d297b91bfe26aa74e8abd4b0f8033167192a07cc71d6afaaec476dca1d865573823b0e33ed55edc90921f2f68fbc013923fcff00854227799b69040cf07a6dfd6ae9aa518b73bdce39e2154d28d89dee10b8f34028870ce3834c966339263f9a1cfc8db80523ff00af5118577327de04e492725aa68245556c9c6d18c11f2d73cb0d2ad2bc268ce2e5ff002f572fa090a8f2dc1605b18dbbb016a0fb3c8c7613b948ce47257dbebfe3532a4815e45da4b1ce31c9f7a9e154111dcfb1f3bbe63803d6b48d174e569c57a9d74e11b5e33b919542d14685fcc56ce08ebfe78fceac08d524224380063ad569dd15f72ef248da181ff3f9d59b6f2d93f78c372e5c6efbe6b69622a38f242434e9297bc9a090ec68fe60e8a3390707ad3e53198d67e4b1fb8327e7f5f6aae5d262f1afcee39660781cfd6accd14514512ef2fb17385e013deb9a32aca5ef8eb4e34d5e332ab2f9a91a819c73803a54c8255da32a109c7cdce29d2cb8da2281f76dc16cf1fe4d3d5b1f249b8311b8eeea2ba155acff0087238a58886f2b30760fe5c4c92150dbbcc0e0229fe7cd432445ddbcc70510e46eed4f8650b2861f32a1e413c7ebfd6a59222eef2b93b3aa93f76a97b76f9a524573c2bfc316412d92ca23014794e72f8fe238f5ff000a1c9632ef7dcd8da1ba93f5cfa9a95e6dc8155b1128e580c67daab641214743f788e73f8d73d4c4bf81fe66d1e4a4adaa639117745290d841fbbc8e7de9c2412bb0cbee93e66e7afaf3ef51f9cb8705768ddb4332f3f51e9485c6d1e4a967db92e538ebd2b7a4a9ce3dd8a756bbd5bd09652ab858d59d4f1b47de1dbbd303b10c8c5beef2c474a4595f764ae4824608ce68dcceea77ed19e09f995ab2953ad07eedd04ea539c7966c8a3b99119a2c82dfc440c01fad224326f94a9dcf249b9988cafe54d6b79165dcbcee389723e46ad375708a570323820609ac9bc4d47772fbce5528d2d62bf12b496e24522403e63f311c3014b3c10b44912ab6ce3e72d93fe34d78a4c8dc49cfcf904807fcfbd48ce4048c29200c8c2ff9fce8f6f5a9fb86d1a939ec322448cac6cca133c8cf53569d146045f3891b771ce39a89a08ce1e42fbcf214f7a6995a150543104ed057f86baa14d54f7e4ec15317522b916a5895005e79e791bb047f9f5a805bacac24575ca31ce4f271f8d4b194893cd7cb331cb1ce454277c9f38e83b0186357274e9c6ce4630af3a49c9c6d72495039ccdc275c06c73523b4421081f7b13ca20276e31ce7dfa63daabb334841505547241e47f9ef5604a3c86421037dddec3763f2ae397b4a92bd38e86d1ab87a97975220c3621887dd3bd95b05bf1a44198e691c0661c292338ef8ebfe7151cde646a88a0b6ee1df8e69b74ce6dc2ee0a075f56ad635e71f766653a752abf721642c334a55a3e428ec467ffaf45ca440b61b0cc3818c13428db1c797d8db72e49c9a6ca8de548ecdb9c60c64ff00177f4add62e308de2ec5e94a169cbee248d7cec076dcf1ae0738cff9f6a79050f96405dc3767a9aa36b24c48c02646eaa073f5a569a769da2651b18e4f1922b1f6f3ad239e5530e929547bedff0007b7cc50d862048e549fba3a0a95ee276cc246d53f733f31a8d5721d802086e0edf9107bfe34ac92bc8245c70bf317e80fe754a551e9b154ea413e65aaf5226478d9bca1f360618f201a8d0ef33165d926ecbb0182fdb3807daa792e4423cb08b22b9dcd315c8078e3d7b52361b3c84ef9fbc4d72d4953a52bceecd9d7a9534a0862dc7cab1a86f2d0f76cb1fc7bd5b8f51276097002fca858636fb7e26b3963798148c120375030477a7246de6fef4a811e76e0e5bd7f9d6caa53946e9d8986271907cb515d1a32b48bf3c03058e48ea5bf0f5a64533f2f9c30cae071c533cf172c8369429fc24f6fc3de98f1995f7a92a15be65e466a5fb593bc1dd1dbed632578ee4f147199a42d9f9c6721f1fe7b549771a6c8b18f2f181ce48c1a648c8c51b708c9e09c602d48d1872214f9b033e69f994fe55d74dce11ba8fdc724b153553d95523ba6f39577b3f2376ec633cd3e3b90caaaa18b2719fbd8cd3260c21483979233862abc0e697cb544562195f38662786ae49d49f35e507f33b6356705eecb41eb10848c9e3aeefbc49abef3911f386c3e43edc7e1fd6b2ccca406918b0438ddfc22ad33b6e0aa06d619d8a3269d39c5bbb39eb623aa6874b76e4aa107eefcad9ce39f7fad574b6f9bcd908ddbb3284c866aaafe64ad2314922d8fb543904c9ee3daa746949da70038cee5eb552a945cb92da982ad52d793d09e795625cab79b893cb55fe21fe7ad2460e0cb006018ef954f5534871feaf1b867ef37dece3ad5c89bca2a576e1861d0fcdcfad38d3a89f35f42a1eceae96d41cbbec6662afb7002f1f87e22a9ca251b58b0405f9ddce6b477a2488d2aa8c9dc189c8f6aa77701ba3907f76ac1f70ced3cff00f5e89e2ead1768ea74c538ab26916d499d8672cc620a303b0fa7f3aad12ac772cb2fdefba08e7ffd752afee64528e154a60b7423355da4477f955999780e1b81dff1adff00b46f0d6025ed652d5e86a190eedbe70e384523961fe3ed505c4b2c79659773b365b1c93fe7d7deaa9952390280f210b9cf565f6e7f0a62c2266323e768f98b07c7e1c7d2b8d62eb54768c505597246c8894176924c48cec3cc3f31c54842dc0fe2dc17e6cf02afe492ca06c58c6779f94b7bd25cc0a2254f336b6ddd9c62a674aa39de512683aaef284bf133654253cab7da652d96773c63b8fc6a6890430323a85629b4f39cd2dbc6e50aae4baf278ce714d789a5224932a631b41ed4bd9f33f7343a1d4c4c15ea0fb608aa615930aabb422ff9ff003cd3d6c16dd1a552e5d8ee60ec4ed24ff93f8d496e618199995778fbf81809fe7354e79d59c169777724bf4f507eb5d35161e3a54666b1156da4890b0485cab1dc9cb03ca8fd6aa7db19c790ca4151c9e83079ab0248e26e087320cf3d3fc8aa2ec8d248b1ff00ac0376ecfcbfe79fd6a6a254e37a135631fadc54af522afdc95a4895958c8c420da0372327ff00affd6ae47707a98de4329c8753c25511e56c0cd92c0608072c1b9ff38a9d6e1638f6bf2c067a714a9d5ab35ef242f68a6efce1713a0660ec164460a1cf23e9ff00d7a78b677dafb89287eeaf154249c3ed2aa0f3f33ee0c073fcfeb5325e85ca7983ccc123d2855b0aa5cb2654a3a733b96a62ca8e7eef3c26322abdb4aef1ed3b4e3e7240c13f953a595e48633900901df0bc1ff3ef48aaaa15a30c8cc396ce5483fe7f5ad146727cd4b43378887c364579119e462dbdb78c061f2ac7fd7f1a7790ca0a8c36de490783f9fe34ff003044c4b719380c46031edf9d37cc7922279de4f18fe2ac2ac28ad67b8e9d6937eec459a569b699c13f375e88d8ff001a89e6385088170d8258e78a6c5e622c82652119f0848fbbfad38800960198e30463247ff5b35c51589e7e6a72fbd1ad4c5536f96a68cb10b18e5f3a574da7e54257e61fe703f2a88a07794a6d421f001ff969dffce2a00aeec372903398f2322ad175dd123dbbb1cfcfe5e063df35e8a73a8ad564c8a55e30d874126e6c646437ef31d8d45771bbcaf264b08d76eec6d1fe7fc6adb44b1ee5076991be4008208e7f1aa9299385dbb99baf380dfad0e587a564ff0022ea62eaa768c47da5d2c68a8c819906412796ef57227372c40214637b83d6b32401195309b8fce40032a7eb5711e321642a416e7238ddef5e8607154dbbcbde5d82559421cf3f75bf99eb3be79959951480779079febd734c386660ccacc17e50474f6a74788a34f30fef1bf873d284d8ecef9c0fba3b67fc8af37994682e677e6d4efc4c252959c628a76738792442a50236d048c6eeb57260ab9760bbb3b539e7eb4bfbb39c228c0c1dab96a45915e1978cba37cb91b8362b152d2cd9cce308ead2bf911b4b7170154a90a830093fcbeb534280fde6e872403c7d2a332f9e36e7cb23e7248fbf50c4fe4160a8e54fca09e735a42b51a4ad38b673ca0aa4aef4f9935db989b64518dd8dec077ff1aade50d8252a700f4c673524932b1594f01383918269ebe538fdd393b97253d2b9dd3c3d69fb46ec6ee75611e4a7aa2248fed0646cb228015b2b8ff39a5da88e5a390118dbf29c03ed4d432a87894e32f82e793f8d473c59511c47380093d318f4e6954952a2ff007716ce39294e7690860775664591887f94e72a3fcff5ab50bb8566914348a3e6557f945241218d550b7cc39704e01ff3d694b18dbcd11e407f9421f97f2f6a9528d75efcac764294e96ab41b206c79e58ab630148fbbfd79a721253853c8c9cf56ff000a8260d249c024b2eeda0e33fd335565b79637491dc86fba02b70b9f6a9a8fd9cad157359b94e1cae64c2747b968c438c0cf5e17dff3a4dcf1c9b5e45080e1f0791ffd7ffebd4a8adb59b2dbd47451866ebfce912362416fbb11dc4939639f5ff3deb3fac5472d1239a187a2a5cd3a8fe44b2ac1105727cb3f7830ea73eb55126d92657323b8c904e4b56a4ea92c6aa47046770193596b188e50155b76ddbc8c81fe1f4a6eb626f79ede5a1d52f7a3fba8b7e6d9a46490c0ea8a41c03b472eddbd3bfa9aa71dba3e7712177670ff0079e9d219ca661640c10ab863c9fa0ff0feb4881e41b376640369603193f4aba9253b3d7e6724b4766ae5e4961588a2328c361599b6b29e7a73fe71507971cacff3302a3901b00ff8d43e4059879ec172b9f947327a53524632ec8c0191c9c743fce93c4d2f67c955266b4e15a7ac134421258646d8c4e4ee009191ef8ad18dc9019f0addc95da292566c886524b8e011ca9a47810a8525be51c763f8d28462bf7941bb7dc4f2d4bf2d5497e23da22313a3326d397dc06c3c7f9fce86da49ce77bf2b918071d69a8edb7cb2ec703a6781cff2ff001a7be6468c20dc23e5f0d907d6baa9e26efde26a4145ddb0d996e8883a9665e474e7f4a532c4eec8d9073f293d0d2bb23c65896dee70a08e54541188c8cc84211c29619527b55d7973ab457cc74a725ad3d4931ba462ea5d43655b38231fd29660cf928c0ece4f391ef52c2eb232aab06c0e4f453c53865a468c63632924918228faa43d9f3a77629d5ab295a71b1573fc3b4ede84e38a8a5d8780c54a3edc0fbb56c2365c70bb072b8e6aa04da2470c4977e323fcfe558aa55926af632ab4a12b3bdc7cb2a5bf27e6774c7f787ffae920955622ce8a013d4f534f758d504ac371036ee273807ae2a17902210c9b95718443927f4ac25ede8cadce9974e1182d34f52497c859771504b72580c05fafff005a9b24719915e4703ba32af0781f8531c24b1b1da47195c9c13491324d160a6446df331e4fff00aab7fdf568e964473422ef51264f12a299171ba4c6edf9c27d2a231f98f9ddf7791db1edf8d481a155705882067e5381ff00d7aaee630a58b97c8fbc4e09ef584a34a0bf7aeefcd9a5494adcd4b444eee1586e456048381c93fe7d6890c7bcce70140dd823ee5244cae0b05de8572189f98ff9feb4d7c37de058b0e573c2544eb4d697d0d69479e3cf268814bc937da3cf2808da8abd1b93d6a5037bb9460aa99ddb8e4b7e5f9d41f236e87006df9720e76d3991a18f39dcfe883e63510ad24eed364cb9272b41a2772621b59fcce3702bd3daaa858e5663d4a8cf0786ff00269ee54c38e4f38c91b734c7c2c425877a30fbddb7f1f9d7746746ac6ce1639ea7d629fbcdf3227746f21a360307ab01965f7a8e18c20c83e6e06555fbd55866bbe371ca48dc8ebc7ffaf357b6b07c1240c64156e077a14634e5aede6ccd6225574716878470cc3007fb4dd466a918d9e562b854fbbb88c91df8f4ab6acec02a9660cdf3c80e47f9e6a47904430549d9d01382fc7e54eb538d45cd1763a231e58de2886072923a91b8eddaadd47f9cff003a8a5329940192c065c0c9ce7d697cc0cc1f66d2dc2aa1ce73da889d9cc99528fd47f7bfc6b9a349defbf989d69434944b48ac6365518e32d8e4b52c936c401548d87938fbdf8fad5791dd0afef369c6327a0efcfad4cce1224924064560006ce0b5545d4d9346adc651bb5629c72309a46280061bb0ddff004a74ac9236c2803756c8c66a15de49755cab3eec6efbbf9d4921e42905588e1f6e47e7da94feb3cd772b1828f3be56ae885e38d9f32f112a6d240c9fc3fc6a6531b64213e5e70acdd5aa041b0bc0cc0249fc59e4d488a814c1b3e50c70d8c114e351567c9392f91b2c3ca92e784097748e855c36d4e9838fcea9acc63070b903d4727356e26658ca9f978c6ec722a9960c42e780f8e472dfe7fad635b09c92e784d91cf26de890aa0cbb48daa15b32e005dc2926cdc8f28642ecc0ec2a4dea0390802aaf2718cfbd23b850b241821c9186e315d31bfb3b5492fbc971526afa9059c2608f6cc776d6fddeee71570cd1cb27cbd63e42e460ff009f7a8867ca7326d1bc6071bb6fe3fe7a1a899fc981828532337caf9c81fe3583e48cb9b63553e55c8ff509e149bcc7c1566c0271c714ef3018c420e373edca7f11fc3fa536379362799fc032cdb30a69e6e634883222124610a81b57ff00d55a3aca31e695ede866a9d2aaee96a2492290aaa37328da494e9fad42eb228c96dfe61c4600c14ebd7fcf6aa6f2cb1c8a635db183b9c7f11e9fa7b56933b8030a1d9c640fc2b34a962758c5a7dcb5cf476d8ad25ccad1889f3d76e40cb35326f35635033f777152df31a949de0be4e0fccc3d4f7a0857d8c49521b1eb9ada14547dd9abfcce1af5a751f2a6568224dc279537103e55ee335a3ba219d8a40fbca318cd528c4a65f2f8000cb313c9a787cce52363f28da78ce79ac2a4e349f33d0eda0e52872daec9597cd49223208b3f36e2376dff00eb557d8e234567dc578571d2a458849291b8ac80e76e387a7450ac0f2094647619cd441aadf149b46fcb8882f760915ade5749b182c1c6ecb9e47e7f4ab6eafb73b9919ba7a2ff009feb4d8e332b1763b361c2e46302a771b0072de6053f30c12dd7b7f8d767d4e7f143447359b76afa94a2b5063dfc966e583fca0502574f91557e5e9b781eff005aba255b8e48650570817e50bfa5530822ba5500953c166f98fe1fceb78428d28de5638aa539aa968bb27e65848816de80ee2b97c90734e69a3dcb95219170e3afe34a6761261308a4f200e5bb7351fc8ce5e4c700aab038cff8f344a74eae913be9d1e48f36e36ef12282918042e73dc5356e50a8470a1f1965dbb80a595cedc29e1d776dc671fe7fc6b3fe632b127692a18eee87d3fc6b8673e4972bd46e94e5ef44d028ccc033623dd95c290ab8ff00f5d586431a2bbec60cdbc11f3639aa8f3391b8845dab827b1ff3fe15142cd850db8a86e38e315119a72bc60fef1da5c9a893cacc0a3a121cf507ad35823889642c14260827683433ab48cb86638c83d4d46d1b307de7e41c8e79a588a3392bdce786264ea72d3a62b98e0c723e6e81ba7eb55de02d161994a11b8007e65febf9d3818e50777446c95cf35242c2491d5914c6385e7e6aac1509ad6c8c7190ab3f8d58aca2380a96c98f76e65029a1e62e27590f92e7852d83575a0466099f99be7504f1fe7ad5096364916172319c8cf3b6bb2b55705cba1cd4a94a3ac57e2432958e40114b4727cc6407804f6f5fca9220934a4946f97e56c3e14ff89a9d20dfbc24aa0a2e796c8355219443e617058a9c12795ae4846559be768eb556953d2a2772565fb391bbac87e4e7fcf6a9536126604ef29861d01eb9c5572f0c992d9576fba59b201cf6a62452c6d21248575cee26b48c5d1d1231ab5a55a5ee6c4eacb210c62da53abe39a7024306070ac31827269ca1a4c918529d598f07e82a2102ab0937b6d27a67ad74aa8a4eedd8e6abcaf4e4b13420caf2127ef1c329e334e9d4f9876002245c9c1dd491cd246651b77100e09e47ff005ea08ee89cab28dcedf32ede055b6e6b96e690c3d39c6f2187396206496cc8d9e47af3ed4a1b0a64553237624f353c246f78ce7e7424311f2ff9cd46a8e4b81b5420c938f94d11c3ce9c6f72af0a4ed12bb46d3312ad82bc9e718a90b48bf21c347dbbd26f38f9b111edc13ba927dc6324ba4283925949ddf97359ce2d2dae6d4d26f9a6ec4cc3726dda0af70a768aa71bb6f0a0b05527233963ed491c802a9cb32119c6ef9bf334f0f6ea1660f92c70a18eecff009fe86952ab34ed28a4555a1192e753b914bb9a558d519533f330e8dfd2a693688d8316186da9cf5fc7da9f339689880571d09ef59825651b5d81d87232dc9aeb55135efc3438a4947de8924afb1331a97909c00065bdea18a59cb932e0a85f978d87f9f2696324bc855b39e4f714cde16561260291bf7bfdcf61f8f02b92b6154a5ed281d1431126ad38dc9176b6ec36d63c90c7e5ff003ffd7a8a699a1f2c26086e4b28aaf2b18d9de4e1586369f7ff003d6a177c2c6a06e5238c3636f5c54d475250e59a08ceacaa7bb7fbcbbbfcc46dc7601f3390739a8085201071111dcf5a72c4f22825b760f391c9aa92b48a4f3b44672a31d7fcff008d553734b963f91b566bfe5e2b326511a1663fbc38e0b0ce3d8e7de922915fcc2e0ab9f981db9c7ff5a9c3132ee4236e32d9eb491947276b804215700726adc2ac23ccb533842b4dde2d344b03c689e5ce55d95771958f1c73c0ed48d7134919642cac4e012376e151322004237cfd0e4e07bd5672d1464c846de8367216b9962317cd67eea3bf96296ab5277699b68625801823ef1355dee141da3257f8b070c3da8f3190a92dbf2b9dfbb1f9d57760240b2b756c8da3afe75d11af52a7baddce5a90707cd62c4ad1c69f2e1e57e54efdc451e76d5c925242db5a3ce77ffb431d00e98351b44199194700f271cd54bb932c563756039c63183552a53decd9946ac53bcddbe66896214aa38c393b8e7a93446e215df26e000f95837cb9ac7859b71de4f5ebbbad69bb96888fe1c70b9e9f5a74bdac743a69d68547eebb92bba4b189f67cc1ba0e9f8d6719669276d814107e639c29ab29221040e540e149db9ace9a3b891c3c24260ee62cb90dedd7ad6d529ceb46d35a790a557925ee683bc833cd8c81230c1254eda97c8781cb00a57046f5e9503c9e62a8cb23afdf6ced06943be30ccc7beecee0d58ac1e069c7dd4d4bd4a72c44a579024cc58962809caa8c61bfcf5a91898d83942415e0e720ff009e6aac8a8ce3630249c923a83f4cf4a95772008cdf75ba93902b967a376674c614e51f7f51c5d665738c3a74434d32330c29daa1792dc6ef403f9d57966f258bb7cc8c769e3e6151bde06dab1b2e0be1b3de9aadc9eeb92f99c388a2f9bf76958bbb95626504b3b0ddb98e71e945b332e7ce61f77e66ed599391bcaab3f232ca0fdd3eb53a2c82357490baff00102319fcf9cd109d493b25f7154d463a48bcc85a332c654ed3d0fdea6dacb80ed332a383f2a393ba5f52bf4a687671bc670a08196cd412ed9366f241ec318ae954aa25cd35746beda0f4a6cbfe644e0302d9ddc0ed497321280a2648e791cd509554fce84f1cb8538c54cb768e8e8acb91f2961fc1e956dd271b256f99af2c92bb64ad2fda5514154207cddb14e7668f62aede3ef281927df3554b81132ee121ce18aff0d390b121860afae726b0e49465783b8af4ea2b32d02ec3cc1b463a8c5351d63915e34cee046e3c01fe734c9092793b416e403f7e98ce11f722bb071c86ed5b3a3ed23ef6866d3a727c8c623ceb70cea188932cce4f1561a461234a99cffcb4233b41a804a704648da090a46188a7799c6e519ddf36c070dfaff5ac1518297f12e6b79f25d2b9751e26dc42e1d87cecc339a69090ac8e4a000f2f9c8f5fd6aaa2ef3963b081c01dea3370824f2644ceeef9e07d6b572c3d3d1bb9ca94ea4af3563443b4c99ddc1e9cf02a0956031a7ce4c81b907eeb5332d1af94495ce194e7a77feb4f8ca8918315e9b4ee1b86694ead2a91d1172e48e89300c00f9cfce3a82d91521949648c27cc4f41c051deab7ccb2b1901653cab54a5dd82cc9b4ec3b4f3f357138d58caf09a48e9a2f0cd6cee5c6448e5da096dcb9650dc0e4d4313659d090a377ca4f2690cf182cd3121d973b437cd9a8b6078d5c96de48217a575d3935f1cd31d5e77a6b62e1873961d55b9f534249b98f21486f957382690e5e39064eecfca73c1acf2e43850df311f30230d9f6f6ad6f4ea3ba5f89caeb3a5b335ff00768e180209f9cfb9a86495da5dd9186e5989f998fd6aa35d61407e580f989e714b09ddbc019665cab1fba289a8f47b798955f6aef291a324c8631186c303cb75fce96dd864b70ce0f0bdd78ff1a80465116561873d0e78fcbdaa48848144a4063bbb1e45252acb4b5c89d3a5cd7b1744e377efca8603009381fe4d279c5832a9db181f2b01fe4557976b96f309db8dd91914afb228b68eebebc9ac2752b29597ba6dec5495db6c06fd8eca4b283f300304fd698a5c82e10e186e39192b4d86e7ca8cc65412173fdd34e499a552aca5198e3af41570aaa7a4ea0e4a96dca59218aaba9c17201e38152c336d770ec55d17e5c8ce73dff5aaef30c08901c83cbb1c62a19db616460d9072640721856cd2a7ad3912aace11b72fde5bfb5212f00da1b180fb78a9e09a48d06d632000e4115996809919c806100a2be783f4ab6aee85892be575c0ea6b355a7f6e77262eeb99d9134f2c9311213b8c6701473f5ef5108c33097249653b97d09aaf149fbe69614dc7a14278ab01bcc999f246d4fb8bc0f7fc79a6e30a9b4fef43a6d547690d85a68bcc57627cc6ea73f2fd29d1ed4958a100b2e599b92d50cf39da5b69d807f136e22aaa5c32619d812cdc2e334b9dd27d3e4cc6b46a295b746ff97fbb651bc066de083c9aaecef0c851c8049e5fb8a6c533b876273b0e482739a8e494ccd931e38cb33f7a7ed215358bd4715cab5b83ccb2c84ee0c63f97cc1d1be94e2e650b1807703924f7fa55588a46af21fe27ce5ba1a7f9eca44b9254fb7ca959d4949f99a52c3464f9d32c956242380140c85239cf6aab239f3822ed03392a722aeb9524fef1431180c0e4556585de5da59199792472c3fce29d3f6ade8ac4d6a708cad764b15d29729fc2572ce0e00ed5644708dfce09e983d7f1fe955a588c485781b8f041c9354a579218d4aeec81fc4739f7ad16324a5c95b53270a90f7a313495b04b3b6d19c2b039febdea4deb202c87736385c7cc7f3aca8dda58a3017e727e7c1c8ab4247858246be69c8dfb473f5fcaaaa4bed5389d10a8aa2b4cb8cedb77cc502a7ccabb70df4f7a9e254b8fde14f940c8078cd33645302d2b6dc8c6d239cd4604f148881d4051c91cab54a941afdea6394fd9fc097c859ca24b85caaaf1cf7fa5321189b7b33089c677039fc3d6acb00ecc2419901c31ea7f0a493cc217002b05c73c0ae6ace94657a770a75e9d4d2aa161b75dccf1a089777054658ff9c77a7cb6eccb9570587dd1fdff00eb9a48cbdbb282dbc13b8e067352e7cc9a531028234f997a106baa3052a7cd14d915550d958818dcb460210ae18062df36df51f5a63190c9b646c1520b16f9b767dfad451432a48e19b0a5b20b12777f9f7abcb1b12cc709f2ed049ac546a425aab7ccc550a73d6287ac092070a4a639273863522dc46627b7c729c0c9ceefa7ad4702b484c4ae4606199ceece2ab483f7aab1fdece1b35d12954942d0487094e8bb31ed122c5f78360610746fc7dea386360acce8ca98c824007a7d6ac18802109c103e6e33ba9d965f950303d95b9cfbd611a3f6aa5d16dcea4bddd7e6673adc4926dda1537fc85c7cd8fcfad5f810e0a6cda8ab97943607d3f1143c8d82250140e14e47140db18ded26474550739aa87b44ed8709c5c3deaa58682120151cfbf3559ff75229da08419258600e7ffaff00ad359e5127cb854cf248e83fc9a6dd3283824b238da181a9af531297bc652af4a5a44615694e63650472b83f2e3f3ab70ef3812b0240e07515976d1bc53bbf98a437cc836e001df39ab83e60ced20203ed03a6d1f9d4e1aad38bf7ee546956a91e68b44d33b6c2aaa0a86e71dbf1a89a531a2118fde7183ce39a86ea616f031405b72eec0e87fcfad6725e3ce88a55a265019b71048faf7cd457c4c1cfdd767e85a9d487b9517e26c34924cae1180727e527951cd412e4108cc0ed3d070b9f5029e3780414285903a4b8c67fcf34f2b132ac921233c9c1208ad154a935c88ce7edafcc884ee254336d51f28c0c834fc17631c6e4a81c8e8c7fcfb54de4ef1be27461bbe58f76e6f63f43fe351a2b2b9126d566f98e07352a8e213bcb5358d58b56ab2489addc18e42e8f1907eeb0f98ff9eb55e630edfdc36594ed724e5633ef4f7956491b60c851b47cdc13f875a73418c6f27e6e703a1aeea49ad5d99c9529f33e6a6c4e1e0c3b65c0c93ce4d5354932bb712027a13d054f24125c623dae9183bb8cef7c7d3b63d699e505550bbbe56e4eef4aca4b115256e5b1b529d282fde4cb72c2a55430233dc1c7e14d961631aed6c285e55b86aa46499ae638812eb8caf3804ff8d5d32fddddc0c9cb7f1356b520b93964cd61520dde9ab99ea9b5f218e49c9f51e957c676b92aa1f1b791f91a81c7cc4b70a79057863e9561a60f100b912018236e77d674a8ba7efa95c8a90f6da452441e71785cb811b8fbabd7355e5795e04f2c10ff00c498ce6a48d25624952189e7fbb5398d614324b2646dca0ee3ad139a97bdb183c2d6a6ae578d0ca8e8c87728cbee1c8aaf1144de5b850761cf6a9525662ccaa1415f996a4f21557078f33904715c919539d4f79b2fd9c9c6d4e4ee4301086544693e71f78f1bbfcf5a992dd63cb0632393ba40c738ff00eb556958c4db486ceefbe7f8a9cedb196642ce776e2bfc58ff00eb57a4bd9f2de3a9ceebd5a2f96a3344c1b537c6a304f5ef4eb55f9d9778e5777cc70b4cf372c43484238f95586cdd4c71249265213146a4a9116486fc6a2a55e45fbb3ab0f4e153de930b88b6b02368cbeee98503a734f8a4877885645dcc37ac7f758fae3daa9cad23830ef6f281f9b8e57f1f4a8618e70ed2673b0fca48c102b18e22bad5458aa3509dad7352472a8e38c87076b004d55989770ececb0e719072abedf8d598a457cf9a17a641c722a0b8405846aae769c819c6e1efea6b39d4ad5d6da9b5a9cd7be8abcc45b38d8df2f3dab46d95d622cdb8b30fbac795a60863823794963249f36d2dbb6fe14fb691e54f9b712bd4f735587589a6fdfb112a78393d2e88635170d279b81c6393f37e7ebffd6a94c2b6fcc79c2ae5549c81cf6a708edce555983336e63bb8e7ff00ad4f92448828c92abf2951d07bd753857a92e6990e54692b6e4333b001437cdfdf236e29d2a48a8aedc3150c0ab6770f5fff005fb5539217ba647473e58f987cc48356f7e1079a5772aec55c724ff2cd67cb51cb91e8874e14e52f68b40ddbe12aef8da30bbc6e239cf5a99632b6a1cb019390a0678cff009fd699363ca595f0011f30270a3f0a61791edc85c94ce17d3fc8a73a714ee918d6a94b9b5bb259943aa32162db3e602a012491858bcb3863f2b95ce7f5a9edc1f2dcbe09ec7d2a399c222f224c1e6471b147a9fc2b374e127ef14abc1e90562592442b9640643f2151dffc69d1c2555082aa231b573c03fe7d6abed560b8704edcb29e3356223e746dbd7c9403e662718c7d3fcf4a8939c15e9c5954aa4673e5abf7964b8cb286dd85d84e723f97f9cd5292efce9becf3a10b18cab2f19c5113a895a2520a9e4b13d4d493c386591705986490fb87f3f6356eb62e5a54d8ec787717cd464598cecde4145cfcbb7f8dbe9cd4373244aac58945705946705bb7e3488515774a0f99d149e11b3fd4554941f38315ceff00ba3a8ae6ab2be94d177aeb59ec496ead242222ccac0655dce58fd7d6ab4f046f31424b28fbb93b549ab8b2c88e14aaa02986664c9efd3ffade9510943cceac3851f210369ade9549535ef7e40b0f87adefca2472c471952124dbf36ef9ff00fd7504364b30597278e5c2b15dc7d47f855f9769ca9e0e372b0ebebcd42edb20654c873cb10f935d4f966af396e704e9c554e5847fafbc7ba88ca1099c0c003afe39aa9e417df962edbb3b0f55ab36d9923c9707670a49fbd52192478d99d7608c707fe7a77ac654d4b48b3795285b9a5632cc52344e08da037cc36f23bff4aad0a408ac048e2495b123190f27d17d3f0ad4b4b9501e49088d0be70dc1fc69d2dada7da96ea6640553091838524fb7426b9a582c3c5fb4b6be7a99416239ad4a57434c086305250d1b2f979c658ff9fe9512c8b246a9b480876eee9bb1ef533cf12011ec272d8382075f6f5a49a54583cacb1666c08cf256b6962155a7caea240e94e53bd42bee209dc5186ec05eac7f03dea596212208d5c5be3e6f33070fce4f43d48ff26986201a3f30f207041c134a4acbb954f21b01bb8a8c3c2326ecf98a70a946a73d1d0af32c8657db27ca8a15463e5fc7e9576188ae5a42c2429827b1fc3b546e7c9b7601064f39ddbb77d296276448dc0def21df9c6f231db9f5a525514b9271697a9ac14253f68f597a12ef65e4aee0bf3608c95cf7a37c418f26366ff6b8e727f0fc2927bc558d8baa1938daa78635495bcf8c4b22ecdaebb941c1073dfe95d34aad3a7a526db26b46aaf793b7c8d29a4508b1ca429c7eed80fbdc6463ff00ad55d255da43614aff001f4cfd79fa53a459d030004c8ad8565e5540fe2e7b5412c61a7085810aa1d99781f8d6956a4edef2462a8d7aaee9fde0d977c86475db91228f940f5cd4f6d72ec8c8a15b6f0ae57723fbd1ba2184505b2718539f6a9606024dbb9400d811f567adf2e75556e6825f337518c572d7d7f23d384e93b2a2142572af83f77d73efed4af2c91ed852166e09320030315422531b8dfb5a473b95f66d418e99c719ab971712a4600037b00c091fe78af19d4ae9b9c744f6eba1ed55a91a92e49b536be42acdb492c0ed638ce3af3d7f1a0c9b98c6adb43719c72b4a595bcaf970719755e83a71571a21046644543bc606fe98f6fa75a94abd4973bb58e1ad4612d7e12011ac718dd297e3ef118c5310364990e632319e8d53246186e5903a11f303d4e6925f2be4891cf983a8ee6ba2536e3ee6a611a708b1b85cb9e49230b91cd47146fc98f0ad9cb13f313ef4f64328f91ca823939c01df9a9e28d143b990642e78e95c73a9512e6945237a6da76dcaef0bb3c6cad939e57190d4d7122962c4a92781b7afff00ae98cd34528dac7121ce31b80a73a4ad22b49f30cfdd0704d723abcf3d35f99bd5a514b996e3e3076472edf31d8e0a7f1478ff0039a492794b795c264fa6454a62991d426d28eb9c97f987e9514904ce776546d626421b0cdf4ad6a2c45b9a944c213e6d2698f04aa4e8301d064367209a8ad63323abbccec01cb2bf20d43207450324b8e4ff00b54b693329c92007e017e9f4feb5842b55a93e4acac63527084b488b2c81598246d9ec48e0ff004a8f96cb48bc93b7192a41abb32c72287f31bcc1cec5fba4faff009f5a832e8c0b29dbd037047d71deb5ad4ea534a7068e8a4e9495e4ac4b0c888a5064a4793cff009f7a4f3cc9297c6001f3375fad396de3219b71958f246fc641f7a698a2824371ca8232e073bba726b4e5c455a57763a235a8c15bda10382b3b32062befd2a461227208591c65771e1bdaacaf9657ce1f2eff00970dfc38aa92c4af279ce1ced6da9824628a2e57e5a8ae73579272e7a44d1472e76ca0195b940f86c7f93daa148e58dc191555f2738392df4ab199232472779cab13938ebfe4539e2f3537994970776ecf3dfaff00f5e9cb2d5527ed22bf114b15270e5931adbe4662e5890b80338cfb9aa69338c898edf9bef773cd5ec93b9d981661d7a826aa4911084b1390db94f506b4ab87f66b7fc4e65acaeb5639190b8671c7a81d7afbfd29d23347208c4bb8cc372f39d9ed4c4655605f6e181d81467f31fd293c821cb0fb9d539c114528d08ae671bb35757116e5a91562f14dc81c3077438e4f5c63a8a80ba93872ccc5b7303ced35059cacaf248f200a64daa846413fe7157442ced24e5a3da3a2938e7ebe9ffd7ad7925277a7a7a96ab5386a4c86389640ab8dc32091939aa8971292552369028c171cedff00eb5484a92a1cee39cedea29db8404edf93cc3b7a74ff00f5d12ab8882d74f4329c9567ee8999829dac381b98e3e61506f6943e7f818ee6e9ba96656704860bb5707236ff009f5a86d15f2eb23865230371ce3fcfb570d6c555a8f96eca54dc55ee395e40acae15959f6a007257e94b12ee0c6275dc06d910ff003ff3ef4d8f727cae9cb0fba3b73dbfc6a74558325232448773e4f2c6bb30b0495db396ae1ef2ba239c010a804aed3f29076839a89554236f77418c8c7463edfe356597812489fbc5e5467e5ebfd686d8fb5a631a9ec9d71f9d7262e54a32bb9d8b861ea3568a7f233d5249011b5b00e4315e3d455e890490aab26e1d73b718fd3f9d3774eeb280711e32800e5bfcff008d115d948413b81070c8c30d9efdab9e8d253f7d26d1ab71a5a569d9933c4762ed4c041b4aa9e14544cb2168f3f32639cf047e14e6ba6da183ec561b994f03bd42927987cd392c4e0bf6af469ce95fdc8d9a21d572768ea855817cc6961c64ae24fef7d694c790e7ccfba33f33641fca896393fe59becdc31d72a2923859558349d7ef06f98d53ad5d4bdea7a0dd0c34d3e595994da69b19d9bb70caae3069eea0ecc9607ac801e08abac83cc04609db931e30b5583b4929564d9b41dc3192bf9f6a8ab524fe1d098e16149f34b5f9b1259a158be43b8e3380bd6a1846f2b2ee2031fde16381ef4f68721f6e371e40fd69b9da17e6ca8fbc0e70c7ff00adcd722a78abf34ecc39f0f7b2272c2dd8ede558eee792dfe7dfb54bb45cbf9ad801072070addaaa431b4fb9cfdd41f2ab75fc2a4958dbc042fdf639da0673dffc9aeda759adb532adeebe671d09d602a498d86d5cb12bf360ff00faaa4000479329e7e32a0f592b3e2b8923568e3ff58ff3b0ceedd491967b859644c6de39e8b5d14f12e5a38d8c6f4dbe6487cc8ee9b88d80fdfcfcc3fcfbd473bbb4291878d368e403919a927b8d8cbb81643c00a3686fafa557936310ae0c64a646d3cd72d69a72e63d0a5086223cb1bfde2c6c428dec033ae1b61c2aff00f5ea64b9c4823663e583b15b1f2fd4e2aa161b24603257eeb31fbc69f0ed68d84b8049ce7ef7e58a51ab46a7b92771a857a0ec968589518b2b8c3827e460315148cc1d4ef661fc440da4fafd69fe62ed201f9147cbc55556c248b3267bf032cdfe7d452950f67ef41582788845f2d496a4f2b49345b07ca5db871cff009fa5549219238d124f959b8dc4ee2f52441861d54aa9e238c9e07f9ff0a7de33327dddc4f403b5439423ad54d993a4aac6faa08c058882c5822e7eff00deff003ef552466058fde1f7911475ff003ef5041e70dca7729fe2463f32ff009f4ad78d43c398c0ddb73d783fe1f8d4a8e12a3e68fba63fbc87bb1bd8ccf3e6f9e16fddb48bf2281cd595f2e480798db5917919e4d3c48ca0ace14b1388f182e3d727d2a38a35594b920961f78fd33deb68bb2f89346b1e76aca9b635d0b14f37fd5e72abd8e3d69ef2c6d260ab2f38fbbb437bd4a8f1ef7caefc0ca0f5cd52bb7f3885f9d5376dcff12ff9fea6b6588c37c2e576652fadd27cd0561d7652dd95a33e6bb9ced073cfbe7b7d6970d1c6a3712cff00396ec9fe7a5440346c3cd01c63687ed5336e917083927e5c8c8159b9ce53b45346b0752aae6a8c884a514b104211c10303fcff00f5ea68e7f32120aa9073b9aa78eddfece8a021933c9c600fc6a0912307ca1cb86dcdb4e493efcd4cfeb94f57b31ca14a5af51163601a47230c760f9b9f634f68a28f6bc580f91bd4f2c7fcf150cd28082362325861baedf6fe74e98236c3bc292b92718a3dad0e5b548ea3a719465cd19d8562c922c8b9638e401c8e2986e8cf310e814e7e56ee7daa45007ef372e36e030e7143dbacabb81c1033c9c938ebf8d66b0f3a8f9a9cac5d5c5db46f9bd069f35519de4f973858cfa7f9feb51a872e0a174551c83c06c7b55a8631f677592400a636e782d4d911d50ec7dc58765ef5a469625fb8a7f7972ab4e54f99c194c4f2cb2a84fb8b95c6de3b8fd0d2ee266326410395507a5491bc90f1321fde8da800feb4f58d5038259768e83e6079ff00ebe2b454395fef1dce28421525ccbf1154ee943165541d580e5bfcff004a8e4b8872c461f6bf033c0a959e20862ce0f52c3fc7b5674a230e429f987cc431f95ab9ebf3c1a74a274ca7cb0e5848b709f30b17db93f731de9a5622f22293b82fe5515bf98c4eef933c9e7814a207331911fe53c3b03906b682a9521671d4e68d7ad196bb10428aafe5cf2bec3feab7be4a73cfe15333992678f27cbde1718c873da9f2c426915881951d3a74e68b856450eaa090d953d08fafff005eb2951c47da8d8eaf6f4e2af095c86e84a07eec0073c93d1451b8040304e073df3ffeaa8dae67623e5da5b86f9fa7afe74d69095718e4ff0016dfbdfe78fcea238377e696bf330a99847ece82ae10b6465873b81c8fc6a825c491dca12a0e4e760e01ad048f644cd270a7e56c9e6a8ca21898ca3263032067f97a536f925cb16a273297b54e536cd61b251bc12245e4006b3a4864763fc231825b939fcaacda4d132195f6818f94e703fcf5a9de74768c91818e58fcd8af4a0a1cb7f88af631a9abd0ae6016b6c0905a56f9d997ef62ab41045991d813e683bb3f360ff4ab930f3bf76acdb80cefce07ff00ab1fceabbcb221da8e00c7cc719039a274df2e8acc887b3a52d7532eea1dce11df6aab6fe064e41cff004a9d26de8f1c8374c0707e9ffeb152afd9e4972499030fde107ee9a4b98131bedfef6ec107838f7ae2746b425ccddd1b3a71aaef0d0ae9e608c824a0249241e0fb50ade6ed8d72153e50cdce6ac8551081bb2c320f27e6355a38cf9aa99c13c82470bf5c54439a52bdbf109d182fe297a26721978fee118ce6a848ce5c8518607e6f4153c68ead2eddc72db07270c6abfef1189561b8fdedc3793f415d8da8fd933f6541bb45ea4f6f2339646392838e31ba9aee55c2aab8cf3bb3823b739a83e6dc4b9c30e9db350cef25b2f9c619e6f31f0db086db9ef927a0ef44f12d4795bb1bd3a12b5fa092caef9c93bb7609ce6ab86924754676704e33d43fbf5ab771379e88a8bb79dec718240aa96f3ee3c2edf9b009fbc6b83994e5795422b528bbff009922c6e92152776dea3bd4ae472b116c31e508e286fbd93942c72589c8354a669bcc4218610e085e375757d6a34d72bb3f918470b26ef66fe64b35cb2b0462ce48c11d02ff004aa52c7ba70e773ab72cbd767f9e6a67559261bb7609eb9fbbfe7fc29d2ccb16e8c11d71e606dc0d284bda3ba9d8d561d4be34d09112ae79e0fddf7ab464d8c1d932a78c96c91fe7fc6b385c658aa8385382c0f5ff003ed5212df36f2db49c63183ffd7ad9ac527eecf437853c2c15a288afe47670ea830c46d53ce7f5a6c6c3196503e43df85a937128473b51700b0e4555690efe15801f37cd820fb536eb455e4ee670a34dcf9932dc139dc7693b08c13f78014e9ade2957716f98bec43bbe535425bc588962577b9e153e5009f6f4a8c5e4dba190a0d85b2e8c3256a69e22327cb266b55e1e3fc44588e0785e4c9017a73d5bd6a3913ca94e1482cb92fbb85fff005fb52de5c8694226411d483d6b3da632b32396d8060b6ee73d7b76a9afce9de8cee4aad84943963743e291f7386f9467839eb5234a912ac3236edcc1d5455772ebe5f4084f2a3bfb54b229244e029931f2fc8028a6dd6e4bdd5c9a0e10a97b37e77243f23027077a9f947217f3aa3348582a9c92af95279cd358ccb20f3e5f94afddc7cc7ffad5622f28233390ce32ca0f03daad4ea421cccdeace359da2d0b2c8c910955995f76307f5aa0bfbe0ec80e54f393803fcfad48b2b4ce7cc3ee028c66a1dce8f222aae0f2b926b0a75313525f168632a545ab496a36679b603b4a381f7739a12f674898940f9e09c6e3fe7eb5619776c660b92b8383d2a9c87ca9d1032984afcd81903deadab4af39954e8420f6762cbca04492b663c9e32791f5a8a0bb6915cee2ca0e3238355ee262c8630176b0f958f45a6da868c15c632dc934beb35a3f03ba1548c252e5a7a04f76bbb807a65958f269d1348e485230dcaa85fba2966b68e472dd48f9b703c1a8958c6a5958b1c7dc1c1142af52a692663ecf114e574932456625c6fcb0e14e300f7c511cce0e1f82c703269448150bb228fde6e6c1fe549218a5fde65508185676e9584e7422da933b153acd736888a49374fe4bb61473bb195fcea74b78882fc0d87383ceeacb42fb9d19b271f7dce3156619ced60d9255be6e787cd63c94ab4ad7b3136e9ead301731b4c46d21c1c3311c363be6a4696e3cef9d952023ef7f10a82e953e72985220f31bfbdf87a9ffebd242d2496ff00310533b8ee39715ad3a388a72b41b7f3095583d67a1a71dd83f2004a139ddd09aa9733f3badce09cae7bd44efb14797b464118ce0f351f9a2465b7c7ef586f2d9c903d7fcfad5cb138f9cfd95ac354e838f3b93668d990612ae02c8e3731cf24fb55011849dd8b6cc9da0038dfef4f666374c546521e036796fcfd696e1b7ccbb971dd582f2d5bb84a86b3d5b39672a755db548bd1cbb632acb977e03633f9d4ab20891e3fbf83d57f86b35a678dca9f9897f972701c7a5599a58cfdfc82c3072738fc6bd1542bd48733b22a12c343dd576c7c9f390ca430ec58671eb51c8eeae8aee0b6711f55e3f3e6a0207eed72162db9007deff3d29581deaf2e0aab6139fbd5c753993e468e88fb4947996c3e72130ea773af1b7fcf5a961924cf2a724707a67f0a70847984b6163d99c96e16a247412308889031c6e209028542515cd285fd199a9b8bb39dbd4965df192771dc4ed2b8c6da151909720b31e7d71505d248640b1e4a30cca7d4fae6a66e622a1b688f1b4e796c1f5aa83855f75d371f534e7507752b93299778f330aa46771efef4f495a466036bb0e87a645576be4b980407024e8c476a86188dab995d9b6b7cbf3573d473a4fddb58d95a71e668bb7664263db8dbb48938ddd471839f5a6446658b6a7cec3f8472054eac4a92d8209f94e6a225c16c7cbea71d7f2ac6786a759f3b9b17d6143dd840b71a0f2c798a58af2a49e4e6a460400c0ee19ffbe7ad501348232436483d3183532b4a537372acb82b9e056d4a961fe1319d7c437777d4b5e63a2ae41c30c92c7a7d6a984c4e1c8c93dc0e94f6ba6f276f95bd7db86155addd9a63e6b058f185e70694e5ec9d93d0708f3fbd2572eccab9f902b6e03381c9f6e7d2aca246b1b943b4e38c73cd539274f3d620a018ce4296e641eb5298fca422371f3f242f247aff009152abd592e5a3a977a29eb14be64ab3c8e8b1104e38e1b9c559749509319e08ced27355a161b79ddbf18cb0c9abb1cd897cbe5c11cc8a7e453ef5d14a9e262ef222afb19f5b0a2e540103ed273f3b07c838cf73f9714af1a64b659c1fba3a0151bba2b32a2091dbae3a1352ee73182c07cdc38cf095b34e5b97425422bb942ea0923292b30da7e62a3a0fad3e29b2e9296dbb97a11c67ff00af579916650ad9f2c1e40e33fad65c8c15cc6bf7436093dbeb59284e8be6704ce6c449b95e0ec5e69412c766c39f9b2306a222592556046c07900734e8ecfcbf9999904837112beee7f981ed4d776858607df5da368c8228f64a4fda3d074f9daf79dc5b95998288f8556e5538073520f314247202db97385f987a734cb546599cee6c4873866ddb4ff4ff00ebd217293488db9837cd90d9ad7dac61f62e454a4fe226882a97443890f39038156995a100f5791704919aa10a07632ee2bb0ee1b8f1fe4d2b895cc9226e2b9276f5fcb278e69ac446b7bb1a6d0e9c5c55e6d168c2ac595c12a4152dd369eb55658844cb0a10fb867767247f9f6a744ca808663975e33f2953da86b395a3f3b7807191b8f5a4f0d193bcc89cda778d8906f8d1cc643381ca9fe2a94a36c05b393cb0c7cc2a3b76210bb005d073df34e694cffbcc1073f2aa9cf7fe75ac6861b96d1b5c94e51f7a5afcc6ba3bc61133b47f0b1e56a384c9082ac0360e031e40a7c9238756219fa6e5036fe34b28f35180240033ef594af4a3efa225cb51de9e9f317784903ca9f285cb49fc0a6ad412e434a00121190dd4b03543cccda843862a76b2b7e94e954476eaa876bb1cefce31ff00eba4f10a51b451d3085483f7b5f565c326725f93d768e82a848cf3e709b8e76e73902a68210b113231deed9084e6a59119577460038cb7a0f7fcab8e69ca5681a4fde8def61b6c88abb3e667272141f99734a21963b80caf9571821b93446c5194c4048cc4ee7ec455b6712329ea51791b79ad270f63efca414e14e57f77ef192963b17249ce0e070def4b2bc8a610725338047247a1a81b74f332061843d476efce39cd3e3ba059a023f7a876f2324fbd47d6695ef3dcc67869395e2b4f26684924aacbf28c67264c601ff1aa8b24e2463210d18e548182bfe352a879a3900721538041e5698b210046c0648e49380d5aa552bea9e857eee0bde8b64b213384d9c38ee0707f3a91c31606366ca8c1556e18fad34c2d2797f75550e24c024fe95334ab116da81420e7d5bf3addca50569b7f8109d2bdf92c2aabf983cc27791d0f6a73bb2ee8d8f247cbfd3ffd754e79fce2b249d777ca01e7f4ab3e56f58e52cb9030406f987bfd3ffaf55684a3ee4b53375e3197baac5d46db012065c2e72954fcc32396381cf2719cff005ab10ed9589049da3a939cd511712195e230b2a4671e6b700ff5ae293aaa5acbee468bdf5a9718b12f264f0bc1c673fe3ffeba8e16998fce0ed4fe23c71fce9cfbe50c00381f37ca7aff00f5ea1f324cf98dfc3c6339fd2b5873bd99aba54546f62c3a863862597f871c1aa523af98028dc0303927007f9f4ab2cec158e094ea3d4d4063790874e0e3736efe95a549b8bb25738a515296972f472798bcafde18040c8aa93ef7611fca5776ecb2f27f1ed48a25df8194893e62d8c039e87ad48df7f6a31c03cb9e4e3daa955f76cf4f529c64bdd502191d5630a0286e8188cd3e32aca428c303b5b8e0fd29f3c7b633850e4b71c649fa53108588b31552072a3e5c9f6a50a947edb3350a89df44559cac7856391e604c776edfa55f10c58dcb1738e58a839a86166915d9a30551b746e464d4cb712caeab281e5b671105c31f7cd6bec70d6e74cddc5c974192bb065de0a00bd8f5ce7f1fc69abfbf427a2afddcf20d3ee9546724b02c09c0e53daa233c71c6506407e0f1b4d734614aa4ecdb452518eb2910c6d24521ddbcaeec023a5587779c1550491f7b1c9c5206470f17232bd4f39ffebd4d6f0222b2f98f9d982cafb49ad64f1149f2c1dd133a5437d5956d95232557e67e700f3b7f0cd4ef79c059d09651f294030df8540c628ae632bc151f312d907b7f8d3ee205b8923943fdd52a31c87fa54d39d46fe317b68a5cb4e28963b969d47f0b60e79edf5aaaacd2b48bca856dd81c86a7229b643bba962e001938f4a724e872ce154b748f39f5f7c7a575a87b48da53d4ce2d49fbf1fb86480338c1f7dc2ad47b5cac657a0e1bb0eb550a92ea50ed2403cf2b57e2888232c5980dcc54e47f89ae354ebd295d3563ba33a4959bdfb9952c775e66151b621cb3b1c023db157932151e352cd9dbc0cfe27eb45c34991b1d4ede0e3838a8a05701b6b76e57bd6ded3957bdb99ba094bda29133bba607cb863b8af52dcd3259048c1d9496ce005e01ff003cd56967dd2223c8a0ba6ee99356dc238882129c6ee3815cfed69ce566daf91b3ad18c6d1572b96d8c368017fba4726a625dd973b46d5c924f1fe7ad0cf092d8520a9fbcc705fde985d5c8dc70bb7239c3355c9b8ab47de33829557bd81a2f3b3233021b904738fafbd132190ec45c11ff002d3ae68b653f3966da307e427048fcf822881b7b9456462ed8dd9c85eb8aeaa6e3ecfdf566632a74a94aef5646e8c0a42d891d4ffac030ab839ab37373b1020072782c00009fe74c6091975ddcbb649eac6ab4c63ea771de36ed2d93e94a12aa972c12d4971a6a5cd39a44d0909bcb90c7ab1ebffd6a63c924aa230472d84906008c7a63d69eb0068fe5c6e230b96249ff00ebd5689678410db709c9dc72adfe35c95635d3bd5690ea6223cbee2b96dd7c8c193e6523036b743dbf5a9edae04ead0cbb5644186e7993dd7d054113f9ec4a8524ae36e723f0a7c6ea8c7054331c6e3c93f4a508d54f994ae8546ab9685996302311c842ab1c2e4e1bfcfd2a05b73b8852c63cfce01dac79edfe34c9889e45937731755ce0d4726f976856233cb90e46dfcaae75a9b5b5cbbd3e6b4d58b4d00572aa30cdc8c1c9142c71885e3604ec19c9392692059610c24647dfc47dd97fcf34e2848051c60f0c3382055463297bdf084a14a5f0fe446a4c4a5623c1e467e5353b6c091e6366e704119da7fcff003a8240600b23c6d28276ac80fdcfafbd5769e4dcc0a1209e79cb0a6f154e9fbb27712a55a2fdd2d484edf94798a4e0c7f7b6734924ac8447b9114f03701fe7bd2c7b517cd73952b9193c13ed4d7df72e08456207277648a54b11ccdc6125639aa27295e7f9136c977643a984f3b4773ffd6a7dc2044d9237cbd411dbf5aaa04e13682386ec7e6ff22a76f9d36dc0257385c70dc55d451bdd6aced82f691b4489915429237b75500e6ac4655d4a3700af3f37cd55654450ce1d8263f8b93fad4b1011a9de190b7427dffa54c7eb49de2ac8cd469d37794ae3fe58d401ce4e0ec1838a62cc26b98eda1050b0dc1dfe61f877a645020276b36586643ce4548a9bc392366c202327cdbf8e7f5ad1c2b4d5e4d8a7525195bfcd124b1b8f9b73158ce003d31fe7f9d674f3bab2b444019e33ca9ad012b85f9c9627e56cae38a88c71891031258f452791597d56ad47fb99246b295250e77f832659927488329de9cb8dff007fe9f9d24f102416c2153c856aab2adc413a9015a33f78a29dc3b75cf157e562aa549dcccb9ddb7a57528f243f7ceece78e2253f72da7cca60e64789543ae32c5065a3f6a6370aa4292a840746fbcdff00eafeb4f859e29095180ed8e0e55bdbfcfad24b211b8852096dd8072a2b8a54aace5ee2bfcceb51a7c9ae83103966f2f0a84e7a70d5148f2792f8c7985b6a7a2e6a688875c138931943d173fd69172a0870065be65f5a52a75ed66f94e65f5652dcab6d1ef4fdf05675f91a45184cfae3daad49016745674383ba307a363bd490ac699263232d9420e117a7183d48a81e3df22bbb3008dfbb61d4ff0085737b4717cb55b676a8c396f1762bde324ce0042b2a0c10bc28fa8a760039cf9ac57002f4271fe7ad3a7092316fbd213f315feb402a14a3314cf00b7dead29c30fcf7b1939db552bfc8982a246266c676e497e3afd6a8db398e495964f925f9581fbc33c7073ee6adbc412d9b73965dd8dd9daa4f61fe7d6ab47fba65664191f779c818f5ae992a517fbaf74c64ea4dea8b2a56043bb25cf3b1b91fafb9a424ac7b98105db39edcd4417ed528123167ea407da454570d292221c2efc36e3906a9d59a8eb24cce2a7cfa22c8f2e305a46ddf2e770a11e32aa028d8adb9f8ebfd6a1922255d17971c2161b957151a6f52b0c871c6060641ff0026b08d78d3f7a516efe469cd8a9be5d4489a76b991e37668d89c82c70829f23f98cc15c70d8053abe3ff00af52c3098c6cc9c0e4be393e83afeb4e96345756455f957e625b8cff005a994a35257a7747a14a9cd7c4ae08ac3cb5c2923991b1b49ffebd347efa5654246de5bbb7f9cd5cb29701bce888f97f76cdd24cf7e948f25b990985952662418c3641c75af52865eabdbf79adfb8e50ba70e47a9e8e27f39c12aaa3076edea2adcd09c210df301bb6e3e51599e508d830655dc719039e9568b1755762fc8dbb8f1fcfa57835319ed1df110e5b743d28aab523cf3b6a5a428c9229ddb8fcb9c7cbf9d5af362302c4ce032478504fcf58e2f6339882907f84f53ffeba7cec2e953e6607703bbee138acfeb8d2e5c3c6e7054ad4e153926eccb313b6c6d9f7c8c7cdc13f4f7a8181019a66cb1e5b6920fe75248acaaaf136f2839cf19f5c548d26f8feefcc79cb2f5ae6a953116728fbb73482c3d47795c82d9cbb001725fe508464b55d784ac6c8570c5be6eccc6abc39624e021519c86c633faf5a712c594962dc9192725b15d14e75153f7d912504f9637291959a4620b6c8ced073f37b7d3f0a9fed2ae5165120cfdd6039f6fce90857ded1a96556da57a1356a22870768629d3fd8ff00ebd4c1be6bee652a189ad3bd395bd4864694dc1891fe42996761d28cba921433853c1538419a43347b9cf0486c631b98d5a81b7412232908c7e504727dfd29b86bcd1a8d791d1ecebd05cb26a4539480ace0e3767e503760ff008541249943bb1f3364e7a8ce7a67f3ad2892252eac0f4e100e4d549e38df104243e0fcf93f30a52ab529fbb3672d68d697bc82467f254a678519cf39a937a4a89b4ed2143383c62a37711808b92838048db9ab1192818796aec57323f522b2a55252a9bdd7a154a1cf1716884bec970d945e9cf25b353cca675c0c162b8c30e053161046656381caf18c51911339272b27230385af4e7751d1ee734a14e352dca324c85f2f1f748ed907fcf156647185523dcfcdd7d4d5695d4953110d9e65e39a59537491ec1ce320e71b6a29505295d1b39b82e523b92d12ab2a193e6c90a6951bf74caacc063739e8dcd5b915951463fdad9d726952352773a9f9bb32e01ae6c561f1695f99a46d1a6e7ef463729c3280a50967453b91875fc6acc8c8f08660570720039c0a8dedc8964084889feeaf008c8fd7ff00af4bf35bc60842e5708db8e33ffeaa30ef1b1d146fe613a3492bcf47ea22c6a222dc92cc4a1c723d2aab2b38c0762036edbd16aea608c3331571965c739fe950a663658580dafd31c9a2a4ab3d6564c854a9c9f5b7a8ed91973c64a72885b39fad24985fba3736fc98c0ceda700865264658c838048e187183fa52ce16190c992770f98a9de1a8a72ab3f8f6f20a91a50d223946583b1da50743d3d2a39642b202fbb6f703bfe353c92a3c5941bf8c1e71b73df8f4a72981a231b80580e19b938af5694b9a3cb7fbce09c6f2e68c90d51f26373162372923eb8fa7e355d2254772c594f5519e0ff8fad4b1ac826650c0a28e3039514c3244c5d4162a186fc8c91e9f9d71e228cb99bb5ceba6a3cbabb1240caeac242378070d8fbd55669dd64410c7850304eee56acc43132b14cc40e703ee0ff1a7dc08da76c21418cb60703e9554e94ad6d57c875694e6b99cbf4230de6e2439057ef63f8ea0b987cc903636eee179e2a55646fb814a87c06ef9a91e42ecac177303b40fe2a8a94f0f3f76bb16194a2f477f9959b7c2a36306c1c1cf2dff00eaa490ee45fddb09245f986dc8cfe556beff001850ca7af4f7a965473123c4a032b752b906aa95195385b0cfdd2eaa8d476ab1b9452dd88c953b48dcfce31fe14d1b42b2a8c9c752391ef53b481572d9393b738c0a8c3a20d9cc87ef139c77cd4272e66ddee632c2d071bdac8450c8cae72405e14f43f4a7194b36766e6638396ff39a617594066056653f200df29fc3bd32476540570c5ce0e3935b3c4e3696964cc6542827ee498d9e59224de8a339c31ddfe7fce28b690b3336410cfb7a727f5ebffd7a645fbc97eccee37e3714ce5cf5a733ac324600c296c952307df9edf8fbd52954abef48e6556519f2b6cbb3aec90e36a82bb94e71b6a85c4b10051f70cfdd9139dc4faff2ab532b4c8c9b82ab2fdfaa53a4712c59c3b9e067904ff9cd2ab28c61ac4ec72a92d5497cc4370d01058b7cc9d578033fe7ad39b33846563bba9cfca1aa291e374fdec4b29fee95c8f7a744a6dce7697456e198e42fb0fa570d19aab579629fe827cf15fbc927e84f18577c156578fa8001247bd546958bb051c44d9c0e01e7fc8abed34492abfca04a0807d4ff005aaf23614baa8decdcb76ffebd75cff75f1b3a211528de0905c912c71170ca4364af61fe7fad4394cfcabf3b36063bd03748c77e0a91d7b2d465cc521381b4f7eb93593546aee73bab5294bdd8d8b0ca153632284ce64fef37e943088464a00e07fcb2ce180a8a5bc89a327876fba533c8a8630d166423cc52d80d8c6463bfd335d74712b0cad1b133a952b3b46a1658a30e2301146e3d883c8ec69d1b79b9cf051383d323dea312848f0704b9cf4e40f7a2140adb99f218e17fbabf5a2a3af8a7cca68a8d5a74df24a17f32b9620b8f31813c2a9381ef561ae639239204556651976feefe351cb6f9f31f25b8dea3a556860c290ce4b1f9b0bc035e3e231389c3bb4523d3a34e3515d4ac4f6aaaa77bf1bc630796a738ddb84442ed1d7ee93f977a60694336140121c2ed19a9506d8c32e1a4249f98fcb4f0d39d7779445529ba3aa922271e62ae724e70327fcfbd2831a1f2c655db8193bcb7b74a6bc8be61438f30fce76f2b934cf2246b9192d92b9c8e4575a87b27f05ce1a98aab51724643e0460ce305d81e31df9aa72ae262c07dee1b7738fa7ff5aae65e0e36fca79739da7144ae85839520004e71b98d4d4a749ae78c5a6632589de7aa7dcad7131484301939e73f295f4a9ad67da983cb9191df3504b3298f9e0b7cca41e4fd68802c8ae4b6cc8ca9ae3a7571bed2d07a1a53f6096ab52f34dbd446a19189e48e05578e16599db00e5b68e7934d9a49a4d806cde0f2ea3a8ff3fd69ad2cf1b23caa02861b9c8e71ea6bd58e22acb4a9a9a4b0f4a2fdac9a35244b6846e9f6871f772339acc9c24ac480230fdb19152dc5cacac8304ed6e4a8c9ff003dea7962f312331e1a4ed8e6b1af0babd8952a7574d0ad1dbb30550ec015c81dbf1a784f28a2b48482718cfcb4e8e5914b390a1c0d9963c1a8e6cb3e495201f9c28e01ac9d57056a6ae14b0f439ba7de4ac78dcaa0e4e036729f5a7971e5952df2fde255b0c9ebebf4a6989d880808653bba6d56cd46151c1038ce73bb9db5509cedcd245d484e0f47f890380587ccdf29ca6ee0354334574eb93c283c1539cd3e6123a80b83e50c92bc5451dccd29000255473c7f3f4fc6b3943db3ba4efe460f114e72e4aba0b82d10328c05fe1fe2a62dbdbcedc191405ce4743ffd7ab041739903056ec075ab188e14c81f29f9871b07e15b430b5a31bce2fef358fb086cd3b8d4f962760a70abb633d09aa56f3cf224e8c0208db08739f33dff000e94f927693749bd8063f708ebef4c48241b268d82a3f2508f98d4c2ac69d4b3bafbc2b528d48da0ec352730bb1259981ce00c9fe74dbb9a40637760049c8da30075e3eb5782ab1018a8753824af1ffd7fc29b22a480264b330f959bf9d7a752719c2ea56f539a18695395dea50329902f97ff00031d49ab0b6ece836b7ef76f03038ef4456b087650c000724e493fe73e9569dd6047d9f7947002f2d584651a6f9a5a9738d097c56b94a799a28c2cd90adf231eb93fe351320d8104442b0c92c3ad492179e21c61a4ea8d83b7fcfd69d246ca8374a645518c91b7b7ebd7ad3f6b4aacbf76d5fd05ece9d38de5143234485308a58c8a30a5785ff114be4a88c8726341d76741dbf2ed48b30950a36f207cab9e0123d3f9d24d209220a14ff7704727a55cdc1c35672fb48a97baca2652cec1182b0fbc49e48a98b87da8cac170705474e3bd31d51764850367932671bbd6a26ba63200b1fc85461b77cb5c32e7bdb9ceb8384a3caca67cc86767651e591852bf30faff004a9c4ccc1c2e483d06326addcf96b18c60efe5b230df8d566f2d5010c338c055e41ade1185aeddc392a537ee36efe44537cd1bc8b952a72a879e3ad2c3721d3eee0edeb8c1150f52cb9c92792cdcd38e205c261db6f4ed47b69c7635a7465515dfe43fedec18a3a840dc6738a7298f7b3a967c9e59bbd57912398a48ee1028e5318c5586048182245272cfd08aa73ad3654e951a4eef722790b6edbc043ce06734e9650d081ce58743fcea22487daa475c72777f9eb55e7de846cc008368563826b39d3975873112ac92b32c0910860801017196e8a7d3ff00ad550188b12709267047ad48a8ed0139f9cb6e51d4f5aa37259541230ea79cfca4d62dba7ef4e90a9f235776349c719405c91965c7eb51431abcacce482a87a8c0aa715c39527700157249e73ffeba1aed921331ead9c29c0273c7e79ade8d6a6fe256348d36bde8133c912b4a02e4ee209dd9aa24a4cb84190b919ce4fe351453cb3e26b981e15ce006c6e6cff3f4a96e5c6cd96ebb03ae0e073573ad457f0d0dcd49da576c624414bb0390dd091939c74a7b4c3ca4cae197ee9cf27daa0b76da191b24838e0f7a742e499038c8ebc9e16941ceaeaa4915f588528b8ca2229cabbb6ec8e5803d2ab80d26f6326554e54672077fce91dc8f31060063818e9fcea32a14840d82df7b9c30aa9509b7672d0e1a95a955768475233199439dc59f3c73927e9561e26588065cb8018004ee3d2a2c4b10ce08653b95c36d03d47bfd6a2324923f9924db90fc9e5632c3fda0688e1b0f4e5cd1dcba71ab6b48967632ecda42c8bc17cf4aaf1810f214b739739ce29af298ce63c3213c0ea5bd6a6fde087f76a02c839279c7b56d3786e5d5ea632c25475399ec37ce498939236b6060e28dd23798c32555b8dc706ab296746478c46dd8a9cfe2696369156457fbe07d335928f3dda574765e118dafa91cb3f98e03b06d8b93ce7653b6b91bcee0a138f5aa8b0b2b48ff0079cf231f306a6c93cceab1387454392bbb9a894e7076b1946516ed31f1c9b196439c1fba73cd5bb9961862fb4a2bcc4360ec19639e33f4e6a9f9780922e48072413806a395e49482c36a63eeff008553a95147ddb23a213a495ad72cc971e72295f9420fbc38dd513baa46b2bc8aa18e18b9c8a4585561764627037119c83555592427cc52e80e7a640ff3c564e339eb5119b8a52e67a7cc733ef1d18ae37018e7daa284b972d23b676e305b2054734db0829d36ed5c9e6a046708de628539214b30cb719fc7f0ac5c2b5b55743a988a70d8baef918865db1803217a9e73dfd7a714cb70ed296f99b72e58b738ac392764732202140ff781a9edeea4971cb23039c01c352872fb4d2f10862e94a3aab9b53c91aaf978273c920e71fe1551db310c1214f50304d43732bef53bf69f2f1b57eefe75099266116c0a0672f8e4b7b7b57362e959f3731b52c4d2a8edec8b88d22fcd827099cf526892312e4c329c1e245079351307e5d9c05c61a31c96f6a0100e514e7bf279ff003d2ab0ca115cd2d7d4aab18be8c91262cbb194a488304b1dd9ff000ef4fb66fbf1173c1c853d4d5664249db9047403ad49010ae58905d872def44abcfda5a8dd9cee3197baf41ad3b1728ea186e2148e42e0d58599203b820decb82720629d23aac8ca6150cdcb36783ef505d4919446d992ad80c8b9cfb5762ab5a31bce76666f0f4d2bd3d492da776f3651c023ab7dcff3d6adf9924815a70aa15b865382c3f1acb9267f2922507cb7e08031c7bfbf353990a22c6000a5303774c7f8d72baf28cf99ddfaa2e9cd497b39931bb8d8b281e63a9e1f39a2477791242b8c26d037707d7fcfbd554f2c27f12bb770334f0015003b3caa37b393f2ad6cb195ea2b29a8fcac6dec3d9ae624594cd36c91780bf31230055a84076280e1412149effe7a567248cd28720073c11d377e7560c855c1762108c46a3a93441b73bf3dd91ed2a47e18b64ef71321c361803b719e290c51cb2a0e4a1f98e1b18a83cc79108750a4f4e339a1f30c636b16766c2e39c5454a98983e695da2e359d5f7651468bdcc517c80741d7a62a93c6257565918b373b37118f7f4a8d37152d22fde3c311d6acab47126e182cc33cf6ab84678b8eb2b2f98db74b5684f3bcb9d936afc871bc0c83565aec5c0201236b7cebd45542ab20f3517e60bb03100b73fe7f5a8e2f2d0940c4c87e6241e4d4fb35856d425cc47b7a957470b235639220240f23004668c371b5f29ea4eedb541ed998032485063e4e706acc3224681242565c7cc71c0aa85eabbc958b938d3d516a184292ab26f0dc9c9ce2a44716ec639092a78439c9354e0f316466cb100e473d7f0a7dc89127493fd6237ddc7cca9ec7deba6788a3875cce04c7dae215a322c97552e38dae78c8fbbcd4455f7964f9b67fc08b545216cabe36e5f0a48c01d38f7ab90ed8a4608cc78cfcdc0aca38aa58857b5c4e8d7875b0d924240dd11dca30a48f98d436739fb4112b12369181ced35612e378915d54156c0cf06a1955f7a3aa02a172c17866aa6a6bde83b193a15652bb7cc5b8c949198b064238c75ff00eb7e34b1b32e79c331e7777aa4b332ee0e016277fca7213d8ff9f4a72cc1ce4f19f6c0fc6b7a752abda7a913a304ed51b469404197e7c73d0e724d5adaf95c9662af8ebc1fad653326c0f1c99707047523d6a58ee30a1db7ef27904f3f5a4f1d5e32e492b9d3469504b49b35a691c284556393f7b770a2a98923927487e5248f3771500b11efebdea18e62b21c366375c1f506a68dc2bb6d0acdb76b367e61fe14e55ea4dff29bca2974b9626952590a9c92bdf3f27e554a42c80e14bec390a0f3562d084691a45de1c12771e00a6bc4926eb88d98a16c139c81cd6f283942fb9c553da46575b0b6d726e14128d1c8ab96624123d722a1036dc33eeced1b989fe2ab0c0c36ed2409e633b00c13b76269911886779f988c9c9fbb59c23ceb964d94ea5dddff00c12586404492b6123273c75fcaa39250a3e42fbcb767c01559a608e533b9589c60702ae98e3962dcb81b46483c16a4e9d6a6ef4da674c2a5e366c82079650d9451b7abe38039aba240aaa03965c60e3a551370cb85d8c4eee1548cb7e7d6ada29dac5f0037006dda074ab862eb47dc9b4675a95392e68dae48d2468a107cacff00881f5ffeb543b995fcb0c102f41cfce296385773672768fbdbb2b54ef1de30e405da060103e63553bc5f3c7722939c55a65e52ccce4700291bb19ebfe351a4c4654e79385c9e4d558cb7950b17c875f98f2158ff00f5aa4b8b73222b8caba7248fe2fad29d7a9256a9a9aa8d492bc6289e30e434adb769e046e30c7dff000a529228f325ddc1f9548a143bc2873b99405db8fba6a53334784721d9be65ddce2b24e118de09a38ea41b95ea0f90b88b79fbd8014628b7bb94a3a4b183904ae3e4ff003f4aab034db5bcd6dcc5be53d80ad130864572aca5467247cb27ff00aeb3a7cee4dee52854e6b5ad12189ca06383b882a231ce3db9e9556d8dc0778de29a3757cb893826acc47cc236e015fbe4f4fad59fb439f315bcbdb9c4676fcedf8fe359d4a1525539dcade46edd1942d18d992011c658b6101191b8e09a459e298fc8a5581cb31192dfad46c44f095ceedafdfef1a548bcb2a02c8c31cbe3007eb47b49477a775dc98c28537ef54d4d0891208cf3b8c8b960ad86a8f7449d57cc909ca8f4aabe6ce2e55369208f989c1ab2e6359525cf2c3e724702b78cdcb44ec12aa93f715c72cac8dba3cec2bb89ea01a88334d90633238277718c54afd55972ca010c87823d0d279b2049880a0771b7923fc6b2a919277bdc4ea4a5ad44461605dace783dd8ed26a2694a1698331833b4460fcc7fc28811ae486718891b0173f349565910fc8a06074e339ffebd14a53e6ba396a5252d62c9ed6421b70cfce395db95aad331f3885563b4f00f05ea5e4150095046302a4952440adbb073b892776eae89d4725dbd429c64b4b91bc8caa63881defc927f9ad11c4e0aee6c646492f927fcf34d9ee73890025b1f3739e6a759d5adf97c3370554602ff009fea6b1bca0b5368b8dfe264334ce24023dce88b83b4640ab708e410ad9738233d3ebfe7d6a3863d88e17e741cb053927f1fae29f26f78dc8f93cb6c100f2f5b46ad58ec3ad42328dd7e6359b74ad1e400cb85e9d8e7ebd452c56f2f98d23364af273c86a8a18c4bb59df6e0ed66f4fcaa7f34c648671e581b4127e63ffd7a8a9569cf4aa8e78d2e5d2ec8dcb799bd97e4c738ead55a18bcf79373121db803b55e60854282704707b8a816031b80b204dcbe663ab5694f0f52a6b0d899619c95ee39192cf104842ef384cfcc48fe752ed1f2ba95de3236938fcaaab80d265c29c1ca927762a5132bb11310d93c30e0b55d484231e56ecc8a6fd93d55cae5c19097cb28e245ce1a98a833ba3c3ae4f04ee2b4b391b8285f9641b738c6df7e29a9098db693c337cc371c0ffeb0ae5939c7dd49b17b6529e8598ca9995b6e0678cf20d0cea659f2ae0b37cbb463673fca9a3009071f21fbd8fbdfe153bca796650b94da199704d5d39722ea74caf3d9a5f32b4a422efcafc9c48f8e5bf3a6f9ae4058064cab9dfd54558448da3324ac11719019b21bdaa665f9916342a9d15b6f18ff000ade186c434ea5321549d27a46e512c0bc626e1a34c173d1bffae7d2a710c0d1192422393b007e6a9141495cba03fdd25770e83d45577530bb93d33bc21e14f7a94eac5fefa212acea7620799e3d8ec9bc6368dbd867deaedbcc18958f9de304b670bdaa1890ba162012fcf272568f2b616f2c1c9ec393f856337566fdd57f434a74aa3d64d58ae47efe48f9e3ef107a54d1c8d0ef91b84248520e091df352248c329203f772ce7e52dfe7d6a91632b3a9c987f8554ed6eb91d7ad6f1a6e0b9a5a1152f07a2b960c91cc036c55dc3018a83bbfc2a3964200881f2c05e80609a60611ed453f3139f9b071cd3de20590f03e5cb026a9b8cb5bdc99d6ab157846c44f701615409b594e039182d5547da1b0c8140538e3e666e7f955a914b90863ca83f29e78fa9a9a118560caad264a8d9c29feb592f6ae56d8e5f68eabf7db2aa5d96629c9e30e1bef67a715309426063ef1e99c55764db3a395dacdf29ddd1a9f2b430b8129dbcf041c006a254f16a7eeea8de318a56932dcd315c491c192bcec5e7f9d33cc8a5f982157c673b8103da9de783846dbc9cefc6335344b148ec40fb8bc8e82b49d3aefe19d8d210a337ef46e558de477936128221f383ce3ff00d7fe14f8640db9a4f9b0dd09db93f8f7a7c8901767c382dcc8a87686ff003eb53211323ed88aa671c9ce6b5961aaaa7cce69913a367a7ba8aeaf1c9bfe5f2ca12016fe6315285431b2f0a4728e796a76f88958a35c11c13d59e92650184a5581db854cf0bf5ae755e50f7665d3c0c5be68b229616f29c464a865cb1c73ff00eba7dac6f0c4031255b807ab629cf279906c0769ea0a9c63ebde9b119197696c213f2961cafd7153ed70adfc3af9132c24efb8e69648c6c63f3678e7b63ebe9490365724e73ca9273c55, '7736217996', NULL, '2014-06-24 17:53:05', NULL, 6, 11, 1);
INSERT INTO `users` (`uid`, `name`, `password`, `email`, `login`, `logout`, `status`, `picture`, `mobile`, `quota`, `DateCreated`, `LastUpdate`, `orgId`, `ouId`, `validity`) VALUES
(22, 'organisation reg', 'saPPmoXIbs91M', 'abc@gmail.com', '2014-06-29 09:14:47', NULL, NULL, NULL, NULL, NULL, '0000-00-00 00:00:00', NULL, 7, 15, 0),
(23, 'organisation reg1', 'saPPmoXIbs91M', 'abc1@gmail.com', '2014-06-29 09:17:51', NULL, NULL, NULL, NULL, NULL, '0000-00-00 00:00:00', NULL, 8, 16, 0),
(24, 'organisation reg2', 'saPPmoXIbs91M', 'abc12@gmail.com', '2014-06-29 09:18:54', NULL, NULL, NULL, NULL, NULL, '0000-00-00 00:00:00', NULL, 9, 17, 0),
(25, 'organisation reg3', 'saPPmoXIbs91M', 'abc13@gmail.com', '2014-06-29 09:25:00', NULL, NULL, NULL, NULL, NULL, '0000-00-00 00:00:00', NULL, 10, 18, 0),
(26, 'organisation reg4', 'saPPmoXIbs91M', 'abc134@gmail.com', '2014-06-29 09:26:20', NULL, NULL, NULL, NULL, NULL, '0000-00-00 00:00:00', NULL, 11, 19, 0),
(27, 'organisation reg45', 'saPPmoXIbs91M', 'abc1345@gmail.com', '2014-06-29 09:28:31', NULL, NULL, NULL, NULL, NULL, '0000-00-00 00:00:00', NULL, 12, 20, 0),
(28, 'organisation reg46', 'saPPmoXIbs91M', 'abc13456@gmail.com', '2014-06-29 09:30:34', NULL, NULL, NULL, NULL, NULL, '0000-00-00 00:00:00', NULL, 13, 21, 0),
(29, 'sfsfffffffas', 'saPPmoXIbs91M', 'sfdsf@sdf.dsdg', '2014-06-29 09:47:59', NULL, NULL, NULL, NULL, NULL, '0000-00-00 00:00:00', NULL, 14, 22, 0),
(30, 'vishnuqwew', '123', 'dsfsdf@sd.fsd', '2014-07-02 01:38:10', NULL, '', NULL, '', NULL, '2014-06-29 16:06:32', NULL, 6, 11, 1),
(31, 'vishnu1213', 'saPPmoXIbs91M', 'emasda@we.co', '2014-07-01 05:54:36', NULL, NULL, NULL, NULL, NULL, '0000-00-00 00:00:00', NULL, 15, 23, 0),
(32, 'adbfahdb12', 'saPPmoXIbs91M', 'ghad@dfas.com', '2014-07-01 05:56:53', NULL, NULL, NULL, NULL, NULL, '0000-00-00 00:00:00', NULL, 16, 24, 0),
(33, 'adbfahdb1223', 'saPPmoXIbs91M', 'ghad@dfas.com1', '2014-07-01 05:59:35', NULL, NULL, NULL, NULL, NULL, '0000-00-00 00:00:00', NULL, 17, 25, 0),
(34, 'jhdiuz', 'saPPmoXIbs91M', 'fsd@dfg.sdf', '2014-07-01 07:18:32', NULL, NULL, NULL, NULL, NULL, '0000-00-00 00:00:00', NULL, 18, 26, 0);

-- --------------------------------------------------------

--
-- Table structure for table `users_has_role`
--
-- Creation: Jun 14, 2014 at 10:17 AM
--

DROP TABLE IF EXISTS `users_has_role`;
CREATE TABLE IF NOT EXISTS `users_has_role` (
  `users_uid` int(11) NOT NULL,
  `role_rid` bigint(20) NOT NULL,
  KEY `fk_users_has_role_role1_idx` (`role_rid`),
  KEY `fk_users_has_role_users_idx` (`users_uid`)
) ENGINE=InnoDB DEFAULT CHARSET=utf8;

--
-- RELATIONS FOR TABLE `users_has_role`:
--   `role_rid`
--       `role` -> `rid`
--   `users_uid`
--       `users` -> `uid`
--

--
-- Dumping data for table `users_has_role`
--

INSERT INTO `users_has_role` (`users_uid`, `role_rid`) VALUES
(21, 2),
(20, 4),
(8, 2);

--
-- Constraints for dumped tables
--

--
-- Constraints for table `asset`
--
ALTER TABLE `asset`
  ADD CONSTRAINT `asset_ibfk_9` FOREIGN KEY (`orgId`) REFERENCES `organisation` (`orgId`) ON DELETE CASCADE ON UPDATE CASCADE,
  ADD CONSTRAINT `asset_ibfk_5` FOREIGN KEY (`reviewer`) REFERENCES `users` (`uid`) ON DELETE CASCADE ON UPDATE CASCADE,
  ADD CONSTRAINT `asset_ibfk_6` FOREIGN KEY (`ownerId`) REFERENCES `users` (`uid`) ON DELETE CASCADE ON UPDATE CASCADE,
  ADD CONSTRAINT `asset_ibfk_7` FOREIGN KEY (`categoryId`) REFERENCES `category` (`cat_id`) ON DELETE CASCADE ON UPDATE CASCADE,
  ADD CONSTRAINT `asset_ibfk_8` FOREIGN KEY (`departmentId`) REFERENCES `ou_structure` (`id`) ON DELETE CASCADE ON UPDATE CASCADE;

--
-- Constraints for table `asset_ou_filep`
--
ALTER TABLE `asset_ou_filep`
  ADD CONSTRAINT `asset_ou_filep_ibfk_6` FOREIGN KEY (`fpId`) REFERENCES `filepermission` (`fpId`) ON DELETE CASCADE ON UPDATE CASCADE,
  ADD CONSTRAINT `asset_ou_filep_ibfk_4` FOREIGN KEY (`assetId`) REFERENCES `asset` (`assetId`) ON DELETE CASCADE ON UPDATE CASCADE,
  ADD CONSTRAINT `asset_ou_filep_ibfk_5` FOREIGN KEY (`ouId`) REFERENCES `ou_structure` (`id`) ON DELETE CASCADE ON UPDATE CASCADE;

--
-- Constraints for table `asset_revision`
--
ALTER TABLE `asset_revision`
  ADD CONSTRAINT `asset_revision_ibfk_4` FOREIGN KEY (`modifiedBy`) REFERENCES `users` (`uid`) ON DELETE CASCADE ON UPDATE CASCADE,
  ADD CONSTRAINT `asset_revision_ibfk_3` FOREIGN KEY (`assetId`) REFERENCES `asset` (`assetId`) ON DELETE CASCADE ON UPDATE CASCADE;

--
-- Constraints for table `asset_tags`
--
ALTER TABLE `asset_tags`
  ADD CONSTRAINT `asset_tags_ibfk_4` FOREIGN KEY (`tagId`) REFERENCES `tags` (`tagId`) ON DELETE CASCADE ON UPDATE CASCADE,
  ADD CONSTRAINT `asset_tags_ibfk_3` FOREIGN KEY (`assetId`) REFERENCES `asset` (`assetId`) ON DELETE CASCADE ON UPDATE CASCADE;

--
-- Constraints for table `asset_user_filep`
--
ALTER TABLE `asset_user_filep`
  ADD CONSTRAINT `asset_user_filep_ibfk_6` FOREIGN KEY (`fpId`) REFERENCES `filepermission` (`fpId`) ON DELETE CASCADE ON UPDATE CASCADE,
  ADD CONSTRAINT `asset_user_filep_ibfk_4` FOREIGN KEY (`assetId`) REFERENCES `asset` (`assetId`) ON DELETE CASCADE ON UPDATE CASCADE,
  ADD CONSTRAINT `asset_user_filep_ibfk_5` FOREIGN KEY (`uId`) REFERENCES `users` (`uid`) ON DELETE CASCADE ON UPDATE CASCADE;

--
-- Constraints for table `category`
--
ALTER TABLE `category`
  ADD CONSTRAINT `category_ibfk_1` FOREIGN KEY (`orgId`) REFERENCES `organisation` (`orgId`) ON DELETE CASCADE ON UPDATE CASCADE;

--
-- Constraints for table `category_has_ou_structure`
--
ALTER TABLE `category_has_ou_structure`
  ADD CONSTRAINT `category_has_ou_structure_ibfk_2` FOREIGN KEY (`id`) REFERENCES `ou_structure` (`id`) ON DELETE CASCADE ON UPDATE CASCADE,
  ADD CONSTRAINT `category_has_ou_structure_ibfk_1` FOREIGN KEY (`cat_id`) REFERENCES `category` (`cat_id`) ON DELETE CASCADE ON UPDATE CASCADE;

--
-- Constraints for table `fileaccesslog`
--
ALTER TABLE `fileaccesslog`
  ADD CONSTRAINT `fileaccesslog_ibfk_3` FOREIGN KEY (`uId`) REFERENCES `users` (`uid`) ON DELETE CASCADE ON UPDATE CASCADE,
  ADD CONSTRAINT `fileaccesslog_ibfk_2` FOREIGN KEY (`assetId`) REFERENCES `asset` (`assetId`) ON DELETE CASCADE ON UPDATE CASCADE;

--
-- Constraints for table `module_organisation`
--
ALTER TABLE `module_organisation`
  ADD CONSTRAINT `module_organisation_ibfk_2` FOREIGN KEY (`orgId`) REFERENCES `organisation` (`orgId`) ON DELETE CASCADE ON UPDATE CASCADE,
  ADD CONSTRAINT `module_organisation_ibfk_1` FOREIGN KEY (`mid`) REFERENCES `module` (`mid`) ON DELETE CASCADE ON UPDATE CASCADE;

--
-- Constraints for table `reviewer_oustructure`
--
ALTER TABLE `reviewer_oustructure`
  ADD CONSTRAINT `reviewer_oustructure_ibfk_4` FOREIGN KEY (`uId`) REFERENCES `users` (`uid`) ON DELETE CASCADE ON UPDATE CASCADE,
  ADD CONSTRAINT `reviewer_oustructure_ibfk_3` FOREIGN KEY (`ouId`) REFERENCES `ou_structure` (`id`) ON DELETE CASCADE ON UPDATE CASCADE;

--
-- Constraints for table `role`
--
ALTER TABLE `role`
  ADD CONSTRAINT `role_ibfk_2` FOREIGN KEY (`orgId`) REFERENCES `organisation` (`orgId`) ON DELETE CASCADE ON UPDATE CASCADE;

--
-- Constraints for table `role_has_permissions`
--
ALTER TABLE `role_has_permissions`
  ADD CONSTRAINT `role_has_permissions_ibfk_2` FOREIGN KEY (`pid`) REFERENCES `permissions` (`pid`) ON DELETE CASCADE ON UPDATE CASCADE,
  ADD CONSTRAINT `role_has_permissions_ibfk_1` FOREIGN KEY (`rid`) REFERENCES `role` (`rid`) ON DELETE CASCADE ON UPDATE CASCADE;

--
-- Constraints for table `tags`
--
ALTER TABLE `tags`
  ADD CONSTRAINT `tags_ibfk_1` FOREIGN KEY (`orgId`) REFERENCES `organisation` (`orgId`) ON DELETE CASCADE ON UPDATE CASCADE;

--
-- Constraints for table `tags_category`
--
ALTER TABLE `tags_category`
  ADD CONSTRAINT `tags_category_ibfk_3` FOREIGN KEY (`tagId`) REFERENCES `tags` (`tagId`) ON DELETE CASCADE ON UPDATE CASCADE,
  ADD CONSTRAINT `tags_category_ibfk_2` FOREIGN KEY (`id`) REFERENCES `category` (`cat_id`) ON DELETE CASCADE ON UPDATE CASCADE;

--
-- Constraints for table `users`
--
ALTER TABLE `users`
  ADD CONSTRAINT `users_ibfk_2` FOREIGN KEY (`orgId`) REFERENCES `organisation` (`orgId`) ON DELETE CASCADE ON UPDATE CASCADE,
  ADD CONSTRAINT `users_ibfk_3` FOREIGN KEY (`ouId`) REFERENCES `ou_structure` (`id`) ON DELETE CASCADE ON UPDATE CASCADE;

--
-- Constraints for table `users_has_role`
--
ALTER TABLE `users_has_role`
  ADD CONSTRAINT `users_has_role_ibfk_2` FOREIGN KEY (`role_rid`) REFERENCES `role` (`rid`) ON DELETE CASCADE ON UPDATE CASCADE,
  ADD CONSTRAINT `users_has_role_ibfk_1` FOREIGN KEY (`users_uid`) REFERENCES `users` (`uid`) ON DELETE CASCADE ON UPDATE CASCADE;

/*!40101 SET CHARACTER_SET_CLIENT=@OLD_CHARACTER_SET_CLIENT */;
/*!40101 SET CHARACTER_SET_RESULTS=@OLD_CHARACTER_SET_RESULTS */;
/*!40101 SET COLLATION_CONNECTION=@OLD_COLLATION_CONNECTION */;
